[2024-09-02 13:35:50] local.ERROR: There are no commands defined in the "publish" namespace. {"exception":"[object] (Symfony\\Component\\Console\\Exception\\NamespaceNotFoundException(code: 0): There are no commands defined in the \"publish\" namespace. at C:\\Users\\andra\\Desktop\\kelompokfive-dev\\pesanWisata-Laravel\\vendor\\symfony\\console\\Application.php:636)
[stacktrace]
#0 C:\\Users\\andra\\Desktop\\kelompokfive-dev\\pesanWisata-Laravel\\vendor\\symfony\\console\\Application.php(685): Symfony\\Component\\Console\\Application->findNamespace('publish')
#1 C:\\Users\\andra\\Desktop\\kelompokfive-dev\\pesanWisata-Laravel\\vendor\\symfony\\console\\Application.php(258): Symfony\\Component\\Console\\Application->find('publish:config')
#2 C:\\Users\\andra\\Desktop\\kelompokfive-dev\\pesanWisata-Laravel\\vendor\\symfony\\console\\Application.php(167): Symfony\\Component\\Console\\Application->doRun(Object(Symfony\\Component\\Console\\Input\\ArgvInput), Object(Symfony\\Component\\Console\\Output\\ConsoleOutput))
#3 C:\\Users\\andra\\Desktop\\kelompokfive-dev\\pesanWisata-Laravel\\vendor\\laravel\\framework\\src\\Illuminate\\Foundation\\Console\\Kernel.php(197): Symfony\\Component\\Console\\Application->run(Object(Symfony\\Component\\Console\\Input\\ArgvInput), Object(Symfony\\Component\\Console\\Output\\ConsoleOutput))
#4 C:\\Users\\andra\\Desktop\\kelompokfive-dev\\pesanWisata-Laravel\\vendor\\laravel\\framework\\src\\Illuminate\\Foundation\\Application.php(1203): Illuminate\\Foundation\\Console\\Kernel->handle(Object(Symfony\\Component\\Console\\Input\\ArgvInput), Object(Symfony\\Component\\Console\\Output\\ConsoleOutput))
#5 C:\\Users\\andra\\Desktop\\kelompokfive-dev\\pesanWisata-Laravel\\artisan(13): Illuminate\\Foundation\\Application->handleCommand(Object(Symfony\\Component\\Console\\Input\\ArgvInput))
#6 {main}
"} 
[2024-09-03 02:13:38] local.ERROR: SQLSTATE[23000]: Integrity constraint violation: 19 NOT NULL constraint failed: users.role (Connection: sqlite, SQL: insert into "users" ("name", "email", "password", "updated_at", "created_at") values (Andra Fishabegti, test@gmail.com, $2y$12$niIlHj5cv/CTxwhrvyqIGuGBCDtvlpMkmC7mtMeEKa/bg9Pio9F.q, 2024-09-03 02:13:36, 2024-09-03 02:13:36)) {"exception":"[object] (Illuminate\\Database\\QueryException(code: 23000): SQLSTATE[23000]: Integrity constraint violation: 19 NOT NULL constraint failed: users.role (Connection: sqlite, SQL: insert into \"users\" (\"name\", \"email\", \"password\", \"updated_at\", \"created_at\") values (Andra Fishabegti, test@gmail.com, $2y$12$niIlHj5cv/CTxwhrvyqIGuGBCDtvlpMkmC7mtMeEKa/bg9Pio9F.q, 2024-09-03 02:13:36, 2024-09-03 02:13:36)) at C:\\Users\\andra\\Desktop\\kelompokfive-dev\\pesanWisata-Laravel\\vendor\\laravel\\framework\\src\\Illuminate\\Database\\Connection.php:825)
[stacktrace]
#0 C:\\Users\\andra\\Desktop\\kelompokfive-dev\\pesanWisata-Laravel\\vendor\\laravel\\framework\\src\\Illuminate\\Database\\Connection.php(779): Illuminate\\Database\\Connection->runQueryCallback('insert into \"us...', Array, Object(Closure))
#1 C:\\Users\\andra\\Desktop\\kelompokfive-dev\\pesanWisata-Laravel\\vendor\\laravel\\framework\\src\\Illuminate\\Database\\Connection.php(560): Illuminate\\Database\\Connection->run('insert into \"us...', Array, Object(Closure))
#2 C:\\Users\\andra\\Desktop\\kelompokfive-dev\\pesanWisata-Laravel\\vendor\\laravel\\framework\\src\\Illuminate\\Database\\Connection.php(524): Illuminate\\Database\\Connection->statement('insert into \"us...', Array)
#3 C:\\Users\\andra\\Desktop\\kelompokfive-dev\\pesanWisata-Laravel\\vendor\\laravel\\framework\\src\\Illuminate\\Database\\Query\\Processors\\Processor.php(32): Illuminate\\Database\\Connection->insert('insert into \"us...', Array)
#4 C:\\Users\\andra\\Desktop\\kelompokfive-dev\\pesanWisata-Laravel\\vendor\\laravel\\framework\\src\\Illuminate\\Database\\Query\\Builder.php(3754): Illuminate\\Database\\Query\\Processors\\Processor->processInsertGetId(Object(Illuminate\\Database\\Query\\Builder), 'insert into \"us...', Array, 'id')
#5 C:\\Users\\andra\\Desktop\\kelompokfive-dev\\pesanWisata-Laravel\\vendor\\laravel\\framework\\src\\Illuminate\\Database\\Eloquent\\Builder.php(2038): Illuminate\\Database\\Query\\Builder->insertGetId(Array, 'id')
#6 C:\\Users\\andra\\Desktop\\kelompokfive-dev\\pesanWisata-Laravel\\vendor\\laravel\\framework\\src\\Illuminate\\Database\\Eloquent\\Model.php(1355): Illuminate\\Database\\Eloquent\\Builder->__call('insertGetId', Array)
#7 C:\\Users\\andra\\Desktop\\kelompokfive-dev\\pesanWisata-Laravel\\vendor\\laravel\\framework\\src\\Illuminate\\Database\\Eloquent\\Model.php(1320): Illuminate\\Database\\Eloquent\\Model->insertAndSetId(Object(Illuminate\\Database\\Eloquent\\Builder), Array)
#8 C:\\Users\\andra\\Desktop\\kelompokfive-dev\\pesanWisata-Laravel\\vendor\\laravel\\framework\\src\\Illuminate\\Database\\Eloquent\\Model.php(1159): Illuminate\\Database\\Eloquent\\Model->performInsert(Object(Illuminate\\Database\\Eloquent\\Builder))
#9 C:\\Users\\andra\\Desktop\\kelompokfive-dev\\pesanWisata-Laravel\\vendor\\laravel\\framework\\src\\Illuminate\\Database\\Eloquent\\Builder.php(1079): Illuminate\\Database\\Eloquent\\Model->save()
#10 C:\\Users\\andra\\Desktop\\kelompokfive-dev\\pesanWisata-Laravel\\vendor\\laravel\\framework\\src\\Illuminate\\Support\\helpers.php(380): Illuminate\\Database\\Eloquent\\Builder->Illuminate\\Database\\Eloquent\\{closure}(Object(App\\Models\\User))
#11 C:\\Users\\andra\\Desktop\\kelompokfive-dev\\pesanWisata-Laravel\\vendor\\laravel\\framework\\src\\Illuminate\\Database\\Eloquent\\Builder.php(1078): tap(Object(App\\Models\\User), Object(Closure))
#12 C:\\Users\\andra\\Desktop\\kelompokfive-dev\\pesanWisata-Laravel\\vendor\\laravel\\framework\\src\\Illuminate\\Support\\Traits\\ForwardsCalls.php(23): Illuminate\\Database\\Eloquent\\Builder->create(Array)
#13 C:\\Users\\andra\\Desktop\\kelompokfive-dev\\pesanWisata-Laravel\\vendor\\laravel\\framework\\src\\Illuminate\\Database\\Eloquent\\Model.php(2359): Illuminate\\Database\\Eloquent\\Model->forwardCallTo(Object(Illuminate\\Database\\Eloquent\\Builder), 'create', Array)
#14 C:\\Users\\andra\\Desktop\\kelompokfive-dev\\pesanWisata-Laravel\\vendor\\laravel\\framework\\src\\Illuminate\\Database\\Eloquent\\Model.php(2371): Illuminate\\Database\\Eloquent\\Model->__call('create', Array)
#15 C:\\Users\\andra\\Desktop\\kelompokfive-dev\\pesanWisata-Laravel\\app\\Http\\Controllers\\UserController.php(38): Illuminate\\Database\\Eloquent\\Model::__callStatic('create', Array)
#16 C:\\Users\\andra\\Desktop\\kelompokfive-dev\\pesanWisata-Laravel\\vendor\\laravel\\framework\\src\\Illuminate\\Routing\\ControllerDispatcher.php(46): App\\Http\\Controllers\\UserController->store(Object(Illuminate\\Http\\Request))
#17 C:\\Users\\andra\\Desktop\\kelompokfive-dev\\pesanWisata-Laravel\\vendor\\laravel\\framework\\src\\Illuminate\\Routing\\Route.php(260): Illuminate\\Routing\\ControllerDispatcher->dispatch(Object(Illuminate\\Routing\\Route), Object(App\\Http\\Controllers\\UserController), 'store')
#18 C:\\Users\\andra\\Desktop\\kelompokfive-dev\\pesanWisata-Laravel\\vendor\\laravel\\framework\\src\\Illuminate\\Routing\\Route.php(206): Illuminate\\Routing\\Route->runController()
#19 C:\\Users\\andra\\Desktop\\kelompokfive-dev\\pesanWisata-Laravel\\vendor\\laravel\\framework\\src\\Illuminate\\Routing\\Router.php(808): Illuminate\\Routing\\Route->run()
#20 C:\\Users\\andra\\Desktop\\kelompokfive-dev\\pesanWisata-Laravel\\vendor\\laravel\\framework\\src\\Illuminate\\Pipeline\\Pipeline.php(144): Illuminate\\Routing\\Router->Illuminate\\Routing\\{closure}(Object(Illuminate\\Http\\Request))
#21 C:\\Users\\andra\\Desktop\\kelompokfive-dev\\pesanWisata-Laravel\\vendor\\laravel\\framework\\src\\Illuminate\\Routing\\Middleware\\SubstituteBindings.php(51): Illuminate\\Pipeline\\Pipeline->Illuminate\\Pipeline\\{closure}(Object(Illuminate\\Http\\Request))
#22 C:\\Users\\andra\\Desktop\\kelompokfive-dev\\pesanWisata-Laravel\\vendor\\laravel\\framework\\src\\Illuminate\\Pipeline\\Pipeline.php(183): Illuminate\\Routing\\Middleware\\SubstituteBindings->handle(Object(Illuminate\\Http\\Request), Object(Closure))
#23 C:\\Users\\andra\\Desktop\\kelompokfive-dev\\pesanWisata-Laravel\\vendor\\laravel\\framework\\src\\Illuminate\\Pipeline\\Pipeline.php(119): Illuminate\\Pipeline\\Pipeline->Illuminate\\Pipeline\\{closure}(Object(Illuminate\\Http\\Request))
#24 C:\\Users\\andra\\Desktop\\kelompokfive-dev\\pesanWisata-Laravel\\vendor\\laravel\\framework\\src\\Illuminate\\Routing\\Router.php(807): Illuminate\\Pipeline\\Pipeline->then(Object(Closure))
#25 C:\\Users\\andra\\Desktop\\kelompokfive-dev\\pesanWisata-Laravel\\vendor\\laravel\\framework\\src\\Illuminate\\Routing\\Router.php(786): Illuminate\\Routing\\Router->runRouteWithinStack(Object(Illuminate\\Routing\\Route), Object(Illuminate\\Http\\Request))
#26 C:\\Users\\andra\\Desktop\\kelompokfive-dev\\pesanWisata-Laravel\\vendor\\laravel\\framework\\src\\Illuminate\\Routing\\Router.php(750): Illuminate\\Routing\\Router->runRoute(Object(Illuminate\\Http\\Request), Object(Illuminate\\Routing\\Route))
#27 C:\\Users\\andra\\Desktop\\kelompokfive-dev\\pesanWisata-Laravel\\vendor\\laravel\\framework\\src\\Illuminate\\Routing\\Router.php(739): Illuminate\\Routing\\Router->dispatchToRoute(Object(Illuminate\\Http\\Request))
#28 C:\\Users\\andra\\Desktop\\kelompokfive-dev\\pesanWisata-Laravel\\vendor\\laravel\\framework\\src\\Illuminate\\Foundation\\Http\\Kernel.php(201): Illuminate\\Routing\\Router->dispatch(Object(Illuminate\\Http\\Request))
#29 C:\\Users\\andra\\Desktop\\kelompokfive-dev\\pesanWisata-Laravel\\vendor\\laravel\\framework\\src\\Illuminate\\Pipeline\\Pipeline.php(144): Illuminate\\Foundation\\Http\\Kernel->Illuminate\\Foundation\\Http\\{closure}(Object(Illuminate\\Http\\Request))
#30 C:\\Users\\andra\\Desktop\\kelompokfive-dev\\pesanWisata-Laravel\\vendor\\laravel\\framework\\src\\Illuminate\\Foundation\\Http\\Middleware\\TransformsRequest.php(21): Illuminate\\Pipeline\\Pipeline->Illuminate\\Pipeline\\{closure}(Object(Illuminate\\Http\\Request))
#31 C:\\Users\\andra\\Desktop\\kelompokfive-dev\\pesanWisata-Laravel\\vendor\\laravel\\framework\\src\\Illuminate\\Foundation\\Http\\Middleware\\ConvertEmptyStringsToNull.php(31): Illuminate\\Foundation\\Http\\Middleware\\TransformsRequest->handle(Object(Illuminate\\Http\\Request), Object(Closure))
#32 C:\\Users\\andra\\Desktop\\kelompokfive-dev\\pesanWisata-Laravel\\vendor\\laravel\\framework\\src\\Illuminate\\Pipeline\\Pipeline.php(183): Illuminate\\Foundation\\Http\\Middleware\\ConvertEmptyStringsToNull->handle(Object(Illuminate\\Http\\Request), Object(Closure))
#33 C:\\Users\\andra\\Desktop\\kelompokfive-dev\\pesanWisata-Laravel\\vendor\\laravel\\framework\\src\\Illuminate\\Foundation\\Http\\Middleware\\TransformsRequest.php(21): Illuminate\\Pipeline\\Pipeline->Illuminate\\Pipeline\\{closure}(Object(Illuminate\\Http\\Request))
#34 C:\\Users\\andra\\Desktop\\kelompokfive-dev\\pesanWisata-Laravel\\vendor\\laravel\\framework\\src\\Illuminate\\Foundation\\Http\\Middleware\\TrimStrings.php(51): Illuminate\\Foundation\\Http\\Middleware\\TransformsRequest->handle(Object(Illuminate\\Http\\Request), Object(Closure))
#35 C:\\Users\\andra\\Desktop\\kelompokfive-dev\\pesanWisata-Laravel\\vendor\\laravel\\framework\\src\\Illuminate\\Pipeline\\Pipeline.php(183): Illuminate\\Foundation\\Http\\Middleware\\TrimStrings->handle(Object(Illuminate\\Http\\Request), Object(Closure))
#36 C:\\Users\\andra\\Desktop\\kelompokfive-dev\\pesanWisata-Laravel\\vendor\\laravel\\framework\\src\\Illuminate\\Http\\Middleware\\ValidatePostSize.php(27): Illuminate\\Pipeline\\Pipeline->Illuminate\\Pipeline\\{closure}(Object(Illuminate\\Http\\Request))
#37 C:\\Users\\andra\\Desktop\\kelompokfive-dev\\pesanWisata-Laravel\\vendor\\laravel\\framework\\src\\Illuminate\\Pipeline\\Pipeline.php(183): Illuminate\\Http\\Middleware\\ValidatePostSize->handle(Object(Illuminate\\Http\\Request), Object(Closure))
#38 C:\\Users\\andra\\Desktop\\kelompokfive-dev\\pesanWisata-Laravel\\vendor\\laravel\\framework\\src\\Illuminate\\Foundation\\Http\\Middleware\\PreventRequestsDuringMaintenance.php(110): Illuminate\\Pipeline\\Pipeline->Illuminate\\Pipeline\\{closure}(Object(Illuminate\\Http\\Request))
#39 C:\\Users\\andra\\Desktop\\kelompokfive-dev\\pesanWisata-Laravel\\vendor\\laravel\\framework\\src\\Illuminate\\Pipeline\\Pipeline.php(183): Illuminate\\Foundation\\Http\\Middleware\\PreventRequestsDuringMaintenance->handle(Object(Illuminate\\Http\\Request), Object(Closure))
#40 C:\\Users\\andra\\Desktop\\kelompokfive-dev\\pesanWisata-Laravel\\vendor\\laravel\\framework\\src\\Illuminate\\Http\\Middleware\\HandleCors.php(62): Illuminate\\Pipeline\\Pipeline->Illuminate\\Pipeline\\{closure}(Object(Illuminate\\Http\\Request))
#41 C:\\Users\\andra\\Desktop\\kelompokfive-dev\\pesanWisata-Laravel\\vendor\\laravel\\framework\\src\\Illuminate\\Pipeline\\Pipeline.php(183): Illuminate\\Http\\Middleware\\HandleCors->handle(Object(Illuminate\\Http\\Request), Object(Closure))
#42 C:\\Users\\andra\\Desktop\\kelompokfive-dev\\pesanWisata-Laravel\\vendor\\laravel\\framework\\src\\Illuminate\\Http\\Middleware\\TrustProxies.php(57): Illuminate\\Pipeline\\Pipeline->Illuminate\\Pipeline\\{closure}(Object(Illuminate\\Http\\Request))
#43 C:\\Users\\andra\\Desktop\\kelompokfive-dev\\pesanWisata-Laravel\\vendor\\laravel\\framework\\src\\Illuminate\\Pipeline\\Pipeline.php(183): Illuminate\\Http\\Middleware\\TrustProxies->handle(Object(Illuminate\\Http\\Request), Object(Closure))
#44 C:\\Users\\andra\\Desktop\\kelompokfive-dev\\pesanWisata-Laravel\\vendor\\laravel\\framework\\src\\Illuminate\\Pipeline\\Pipeline.php(119): Illuminate\\Pipeline\\Pipeline->Illuminate\\Pipeline\\{closure}(Object(Illuminate\\Http\\Request))
#45 C:\\Users\\andra\\Desktop\\kelompokfive-dev\\pesanWisata-Laravel\\vendor\\laravel\\framework\\src\\Illuminate\\Foundation\\Http\\Kernel.php(176): Illuminate\\Pipeline\\Pipeline->then(Object(Closure))
#46 C:\\Users\\andra\\Desktop\\kelompokfive-dev\\pesanWisata-Laravel\\vendor\\laravel\\framework\\src\\Illuminate\\Foundation\\Http\\Kernel.php(145): Illuminate\\Foundation\\Http\\Kernel->sendRequestThroughRouter(Object(Illuminate\\Http\\Request))
#47 C:\\Users\\andra\\Desktop\\kelompokfive-dev\\pesanWisata-Laravel\\vendor\\laravel\\framework\\src\\Illuminate\\Foundation\\Application.php(1188): Illuminate\\Foundation\\Http\\Kernel->handle(Object(Illuminate\\Http\\Request))
#48 C:\\Users\\andra\\Desktop\\kelompokfive-dev\\pesanWisata-Laravel\\public\\index.php(17): Illuminate\\Foundation\\Application->handleRequest(Object(Illuminate\\Http\\Request))
#49 C:\\Users\\andra\\Desktop\\kelompokfive-dev\\pesanWisata-Laravel\\vendor\\laravel\\framework\\src\\Illuminate\\Foundation\\resources\\server.php(23): require_once('C:\\\\Users\\\\andra\\\\...')
#50 {main}

[previous exception] [object] (PDOException(code: 23000): SQLSTATE[23000]: Integrity constraint violation: 19 NOT NULL constraint failed: users.role at C:\\Users\\andra\\Desktop\\kelompokfive-dev\\pesanWisata-Laravel\\vendor\\laravel\\framework\\src\\Illuminate\\Database\\Connection.php:571)
[stacktrace]
#0 C:\\Users\\andra\\Desktop\\kelompokfive-dev\\pesanWisata-Laravel\\vendor\\laravel\\framework\\src\\Illuminate\\Database\\Connection.php(571): PDOStatement->execute()
#1 C:\\Users\\andra\\Desktop\\kelompokfive-dev\\pesanWisata-Laravel\\vendor\\laravel\\framework\\src\\Illuminate\\Database\\Connection.php(812): Illuminate\\Database\\Connection->Illuminate\\Database\\{closure}('insert into \"us...', Array)
#2 C:\\Users\\andra\\Desktop\\kelompokfive-dev\\pesanWisata-Laravel\\vendor\\laravel\\framework\\src\\Illuminate\\Database\\Connection.php(779): Illuminate\\Database\\Connection->runQueryCallback('insert into \"us...', Array, Object(Closure))
#3 C:\\Users\\andra\\Desktop\\kelompokfive-dev\\pesanWisata-Laravel\\vendor\\laravel\\framework\\src\\Illuminate\\Database\\Connection.php(560): Illuminate\\Database\\Connection->run('insert into \"us...', Array, Object(Closure))
#4 C:\\Users\\andra\\Desktop\\kelompokfive-dev\\pesanWisata-Laravel\\vendor\\laravel\\framework\\src\\Illuminate\\Database\\Connection.php(524): Illuminate\\Database\\Connection->statement('insert into \"us...', Array)
#5 C:\\Users\\andra\\Desktop\\kelompokfive-dev\\pesanWisata-Laravel\\vendor\\laravel\\framework\\src\\Illuminate\\Database\\Query\\Processors\\Processor.php(32): Illuminate\\Database\\Connection->insert('insert into \"us...', Array)
#6 C:\\Users\\andra\\Desktop\\kelompokfive-dev\\pesanWisata-Laravel\\vendor\\laravel\\framework\\src\\Illuminate\\Database\\Query\\Builder.php(3754): Illuminate\\Database\\Query\\Processors\\Processor->processInsertGetId(Object(Illuminate\\Database\\Query\\Builder), 'insert into \"us...', Array, 'id')
#7 C:\\Users\\andra\\Desktop\\kelompokfive-dev\\pesanWisata-Laravel\\vendor\\laravel\\framework\\src\\Illuminate\\Database\\Eloquent\\Builder.php(2038): Illuminate\\Database\\Query\\Builder->insertGetId(Array, 'id')
#8 C:\\Users\\andra\\Desktop\\kelompokfive-dev\\pesanWisata-Laravel\\vendor\\laravel\\framework\\src\\Illuminate\\Database\\Eloquent\\Model.php(1355): Illuminate\\Database\\Eloquent\\Builder->__call('insertGetId', Array)
#9 C:\\Users\\andra\\Desktop\\kelompokfive-dev\\pesanWisata-Laravel\\vendor\\laravel\\framework\\src\\Illuminate\\Database\\Eloquent\\Model.php(1320): Illuminate\\Database\\Eloquent\\Model->insertAndSetId(Object(Illuminate\\Database\\Eloquent\\Builder), Array)
#10 C:\\Users\\andra\\Desktop\\kelompokfive-dev\\pesanWisata-Laravel\\vendor\\laravel\\framework\\src\\Illuminate\\Database\\Eloquent\\Model.php(1159): Illuminate\\Database\\Eloquent\\Model->performInsert(Object(Illuminate\\Database\\Eloquent\\Builder))
#11 C:\\Users\\andra\\Desktop\\kelompokfive-dev\\pesanWisata-Laravel\\vendor\\laravel\\framework\\src\\Illuminate\\Database\\Eloquent\\Builder.php(1079): Illuminate\\Database\\Eloquent\\Model->save()
#12 C:\\Users\\andra\\Desktop\\kelompokfive-dev\\pesanWisata-Laravel\\vendor\\laravel\\framework\\src\\Illuminate\\Support\\helpers.php(380): Illuminate\\Database\\Eloquent\\Builder->Illuminate\\Database\\Eloquent\\{closure}(Object(App\\Models\\User))
#13 C:\\Users\\andra\\Desktop\\kelompokfive-dev\\pesanWisata-Laravel\\vendor\\laravel\\framework\\src\\Illuminate\\Database\\Eloquent\\Builder.php(1078): tap(Object(App\\Models\\User), Object(Closure))
#14 C:\\Users\\andra\\Desktop\\kelompokfive-dev\\pesanWisata-Laravel\\vendor\\laravel\\framework\\src\\Illuminate\\Support\\Traits\\ForwardsCalls.php(23): Illuminate\\Database\\Eloquent\\Builder->create(Array)
#15 C:\\Users\\andra\\Desktop\\kelompokfive-dev\\pesanWisata-Laravel\\vendor\\laravel\\framework\\src\\Illuminate\\Database\\Eloquent\\Model.php(2359): Illuminate\\Database\\Eloquent\\Model->forwardCallTo(Object(Illuminate\\Database\\Eloquent\\Builder), 'create', Array)
#16 C:\\Users\\andra\\Desktop\\kelompokfive-dev\\pesanWisata-Laravel\\vendor\\laravel\\framework\\src\\Illuminate\\Database\\Eloquent\\Model.php(2371): Illuminate\\Database\\Eloquent\\Model->__call('create', Array)
#17 C:\\Users\\andra\\Desktop\\kelompokfive-dev\\pesanWisata-Laravel\\app\\Http\\Controllers\\UserController.php(38): Illuminate\\Database\\Eloquent\\Model::__callStatic('create', Array)
#18 C:\\Users\\andra\\Desktop\\kelompokfive-dev\\pesanWisata-Laravel\\vendor\\laravel\\framework\\src\\Illuminate\\Routing\\ControllerDispatcher.php(46): App\\Http\\Controllers\\UserController->store(Object(Illuminate\\Http\\Request))
#19 C:\\Users\\andra\\Desktop\\kelompokfive-dev\\pesanWisata-Laravel\\vendor\\laravel\\framework\\src\\Illuminate\\Routing\\Route.php(260): Illuminate\\Routing\\ControllerDispatcher->dispatch(Object(Illuminate\\Routing\\Route), Object(App\\Http\\Controllers\\UserController), 'store')
#20 C:\\Users\\andra\\Desktop\\kelompokfive-dev\\pesanWisata-Laravel\\vendor\\laravel\\framework\\src\\Illuminate\\Routing\\Route.php(206): Illuminate\\Routing\\Route->runController()
#21 C:\\Users\\andra\\Desktop\\kelompokfive-dev\\pesanWisata-Laravel\\vendor\\laravel\\framework\\src\\Illuminate\\Routing\\Router.php(808): Illuminate\\Routing\\Route->run()
#22 C:\\Users\\andra\\Desktop\\kelompokfive-dev\\pesanWisata-Laravel\\vendor\\laravel\\framework\\src\\Illuminate\\Pipeline\\Pipeline.php(144): Illuminate\\Routing\\Router->Illuminate\\Routing\\{closure}(Object(Illuminate\\Http\\Request))
#23 C:\\Users\\andra\\Desktop\\kelompokfive-dev\\pesanWisata-Laravel\\vendor\\laravel\\framework\\src\\Illuminate\\Routing\\Middleware\\SubstituteBindings.php(51): Illuminate\\Pipeline\\Pipeline->Illuminate\\Pipeline\\{closure}(Object(Illuminate\\Http\\Request))
#24 C:\\Users\\andra\\Desktop\\kelompokfive-dev\\pesanWisata-Laravel\\vendor\\laravel\\framework\\src\\Illuminate\\Pipeline\\Pipeline.php(183): Illuminate\\Routing\\Middleware\\SubstituteBindings->handle(Object(Illuminate\\Http\\Request), Object(Closure))
#25 C:\\Users\\andra\\Desktop\\kelompokfive-dev\\pesanWisata-Laravel\\vendor\\laravel\\framework\\src\\Illuminate\\Pipeline\\Pipeline.php(119): Illuminate\\Pipeline\\Pipeline->Illuminate\\Pipeline\\{closure}(Object(Illuminate\\Http\\Request))
#26 C:\\Users\\andra\\Desktop\\kelompokfive-dev\\pesanWisata-Laravel\\vendor\\laravel\\framework\\src\\Illuminate\\Routing\\Router.php(807): Illuminate\\Pipeline\\Pipeline->then(Object(Closure))
#27 C:\\Users\\andra\\Desktop\\kelompokfive-dev\\pesanWisata-Laravel\\vendor\\laravel\\framework\\src\\Illuminate\\Routing\\Router.php(786): Illuminate\\Routing\\Router->runRouteWithinStack(Object(Illuminate\\Routing\\Route), Object(Illuminate\\Http\\Request))
#28 C:\\Users\\andra\\Desktop\\kelompokfive-dev\\pesanWisata-Laravel\\vendor\\laravel\\framework\\src\\Illuminate\\Routing\\Router.php(750): Illuminate\\Routing\\Router->runRoute(Object(Illuminate\\Http\\Request), Object(Illuminate\\Routing\\Route))
#29 C:\\Users\\andra\\Desktop\\kelompokfive-dev\\pesanWisata-Laravel\\vendor\\laravel\\framework\\src\\Illuminate\\Routing\\Router.php(739): Illuminate\\Routing\\Router->dispatchToRoute(Object(Illuminate\\Http\\Request))
#30 C:\\Users\\andra\\Desktop\\kelompokfive-dev\\pesanWisata-Laravel\\vendor\\laravel\\framework\\src\\Illuminate\\Foundation\\Http\\Kernel.php(201): Illuminate\\Routing\\Router->dispatch(Object(Illuminate\\Http\\Request))
#31 C:\\Users\\andra\\Desktop\\kelompokfive-dev\\pesanWisata-Laravel\\vendor\\laravel\\framework\\src\\Illuminate\\Pipeline\\Pipeline.php(144): Illuminate\\Foundation\\Http\\Kernel->Illuminate\\Foundation\\Http\\{closure}(Object(Illuminate\\Http\\Request))
#32 C:\\Users\\andra\\Desktop\\kelompokfive-dev\\pesanWisata-Laravel\\vendor\\laravel\\framework\\src\\Illuminate\\Foundation\\Http\\Middleware\\TransformsRequest.php(21): Illuminate\\Pipeline\\Pipeline->Illuminate\\Pipeline\\{closure}(Object(Illuminate\\Http\\Request))
#33 C:\\Users\\andra\\Desktop\\kelompokfive-dev\\pesanWisata-Laravel\\vendor\\laravel\\framework\\src\\Illuminate\\Foundation\\Http\\Middleware\\ConvertEmptyStringsToNull.php(31): Illuminate\\Foundation\\Http\\Middleware\\TransformsRequest->handle(Object(Illuminate\\Http\\Request), Object(Closure))
#34 C:\\Users\\andra\\Desktop\\kelompokfive-dev\\pesanWisata-Laravel\\vendor\\laravel\\framework\\src\\Illuminate\\Pipeline\\Pipeline.php(183): Illuminate\\Foundation\\Http\\Middleware\\ConvertEmptyStringsToNull->handle(Object(Illuminate\\Http\\Request), Object(Closure))
#35 C:\\Users\\andra\\Desktop\\kelompokfive-dev\\pesanWisata-Laravel\\vendor\\laravel\\framework\\src\\Illuminate\\Foundation\\Http\\Middleware\\TransformsRequest.php(21): Illuminate\\Pipeline\\Pipeline->Illuminate\\Pipeline\\{closure}(Object(Illuminate\\Http\\Request))
#36 C:\\Users\\andra\\Desktop\\kelompokfive-dev\\pesanWisata-Laravel\\vendor\\laravel\\framework\\src\\Illuminate\\Foundation\\Http\\Middleware\\TrimStrings.php(51): Illuminate\\Foundation\\Http\\Middleware\\TransformsRequest->handle(Object(Illuminate\\Http\\Request), Object(Closure))
#37 C:\\Users\\andra\\Desktop\\kelompokfive-dev\\pesanWisata-Laravel\\vendor\\laravel\\framework\\src\\Illuminate\\Pipeline\\Pipeline.php(183): Illuminate\\Foundation\\Http\\Middleware\\TrimStrings->handle(Object(Illuminate\\Http\\Request), Object(Closure))
#38 C:\\Users\\andra\\Desktop\\kelompokfive-dev\\pesanWisata-Laravel\\vendor\\laravel\\framework\\src\\Illuminate\\Http\\Middleware\\ValidatePostSize.php(27): Illuminate\\Pipeline\\Pipeline->Illuminate\\Pipeline\\{closure}(Object(Illuminate\\Http\\Request))
#39 C:\\Users\\andra\\Desktop\\kelompokfive-dev\\pesanWisata-Laravel\\vendor\\laravel\\framework\\src\\Illuminate\\Pipeline\\Pipeline.php(183): Illuminate\\Http\\Middleware\\ValidatePostSize->handle(Object(Illuminate\\Http\\Request), Object(Closure))
#40 C:\\Users\\andra\\Desktop\\kelompokfive-dev\\pesanWisata-Laravel\\vendor\\laravel\\framework\\src\\Illuminate\\Foundation\\Http\\Middleware\\PreventRequestsDuringMaintenance.php(110): Illuminate\\Pipeline\\Pipeline->Illuminate\\Pipeline\\{closure}(Object(Illuminate\\Http\\Request))
#41 C:\\Users\\andra\\Desktop\\kelompokfive-dev\\pesanWisata-Laravel\\vendor\\laravel\\framework\\src\\Illuminate\\Pipeline\\Pipeline.php(183): Illuminate\\Foundation\\Http\\Middleware\\PreventRequestsDuringMaintenance->handle(Object(Illuminate\\Http\\Request), Object(Closure))
#42 C:\\Users\\andra\\Desktop\\kelompokfive-dev\\pesanWisata-Laravel\\vendor\\laravel\\framework\\src\\Illuminate\\Http\\Middleware\\HandleCors.php(62): Illuminate\\Pipeline\\Pipeline->Illuminate\\Pipeline\\{closure}(Object(Illuminate\\Http\\Request))
#43 C:\\Users\\andra\\Desktop\\kelompokfive-dev\\pesanWisata-Laravel\\vendor\\laravel\\framework\\src\\Illuminate\\Pipeline\\Pipeline.php(183): Illuminate\\Http\\Middleware\\HandleCors->handle(Object(Illuminate\\Http\\Request), Object(Closure))
#44 C:\\Users\\andra\\Desktop\\kelompokfive-dev\\pesanWisata-Laravel\\vendor\\laravel\\framework\\src\\Illuminate\\Http\\Middleware\\TrustProxies.php(57): Illuminate\\Pipeline\\Pipeline->Illuminate\\Pipeline\\{closure}(Object(Illuminate\\Http\\Request))
#45 C:\\Users\\andra\\Desktop\\kelompokfive-dev\\pesanWisata-Laravel\\vendor\\laravel\\framework\\src\\Illuminate\\Pipeline\\Pipeline.php(183): Illuminate\\Http\\Middleware\\TrustProxies->handle(Object(Illuminate\\Http\\Request), Object(Closure))
#46 C:\\Users\\andra\\Desktop\\kelompokfive-dev\\pesanWisata-Laravel\\vendor\\laravel\\framework\\src\\Illuminate\\Pipeline\\Pipeline.php(119): Illuminate\\Pipeline\\Pipeline->Illuminate\\Pipeline\\{closure}(Object(Illuminate\\Http\\Request))
#47 C:\\Users\\andra\\Desktop\\kelompokfive-dev\\pesanWisata-Laravel\\vendor\\laravel\\framework\\src\\Illuminate\\Foundation\\Http\\Kernel.php(176): Illuminate\\Pipeline\\Pipeline->then(Object(Closure))
#48 C:\\Users\\andra\\Desktop\\kelompokfive-dev\\pesanWisata-Laravel\\vendor\\laravel\\framework\\src\\Illuminate\\Foundation\\Http\\Kernel.php(145): Illuminate\\Foundation\\Http\\Kernel->sendRequestThroughRouter(Object(Illuminate\\Http\\Request))
#49 C:\\Users\\andra\\Desktop\\kelompokfive-dev\\pesanWisata-Laravel\\vendor\\laravel\\framework\\src\\Illuminate\\Foundation\\Application.php(1188): Illuminate\\Foundation\\Http\\Kernel->handle(Object(Illuminate\\Http\\Request))
#50 C:\\Users\\andra\\Desktop\\kelompokfive-dev\\pesanWisata-Laravel\\public\\index.php(17): Illuminate\\Foundation\\Application->handleRequest(Object(Illuminate\\Http\\Request))
#51 C:\\Users\\andra\\Desktop\\kelompokfive-dev\\pesanWisata-Laravel\\vendor\\laravel\\framework\\src\\Illuminate\\Foundation\\resources\\server.php(23): require_once('C:\\\\Users\\\\andra\\\\...')
#52 {main}
"} 
[2024-09-03 02:14:18] local.ERROR: Illuminate\Database\Eloquent\Builder::create(): Argument #1 ($attributes) must be of type array, Illuminate\Validation\Validator given, called in C:\Users\andra\Desktop\kelompokfive-dev\pesanWisata-Laravel\vendor\laravel\framework\src\Illuminate\Support\Traits\ForwardsCalls.php on line 23 {"exception":"[object] (TypeError(code: 0): Illuminate\\Database\\Eloquent\\Builder::create(): Argument #1 ($attributes) must be of type array, Illuminate\\Validation\\Validator given, called in C:\\Users\\andra\\Desktop\\kelompokfive-dev\\pesanWisata-Laravel\\vendor\\laravel\\framework\\src\\Illuminate\\Support\\Traits\\ForwardsCalls.php on line 23 at C:\\Users\\andra\\Desktop\\kelompokfive-dev\\pesanWisata-Laravel\\vendor\\laravel\\framework\\src\\Illuminate\\Database\\Eloquent\\Builder.php:1076)
[stacktrace]
#0 C:\\Users\\andra\\Desktop\\kelompokfive-dev\\pesanWisata-Laravel\\vendor\\laravel\\framework\\src\\Illuminate\\Support\\Traits\\ForwardsCalls.php(23): Illuminate\\Database\\Eloquent\\Builder->create(Object(Illuminate\\Validation\\Validator))
#1 C:\\Users\\andra\\Desktop\\kelompokfive-dev\\pesanWisata-Laravel\\vendor\\laravel\\framework\\src\\Illuminate\\Database\\Eloquent\\Model.php(2359): Illuminate\\Database\\Eloquent\\Model->forwardCallTo(Object(Illuminate\\Database\\Eloquent\\Builder), 'create', Array)
#2 C:\\Users\\andra\\Desktop\\kelompokfive-dev\\pesanWisata-Laravel\\vendor\\laravel\\framework\\src\\Illuminate\\Database\\Eloquent\\Model.php(2371): Illuminate\\Database\\Eloquent\\Model->__call('create', Array)
#3 C:\\Users\\andra\\Desktop\\kelompokfive-dev\\pesanWisata-Laravel\\app\\Http\\Controllers\\UserController.php(38): Illuminate\\Database\\Eloquent\\Model::__callStatic('create', Array)
#4 C:\\Users\\andra\\Desktop\\kelompokfive-dev\\pesanWisata-Laravel\\vendor\\laravel\\framework\\src\\Illuminate\\Routing\\ControllerDispatcher.php(46): App\\Http\\Controllers\\UserController->store(Object(Illuminate\\Http\\Request))
#5 C:\\Users\\andra\\Desktop\\kelompokfive-dev\\pesanWisata-Laravel\\vendor\\laravel\\framework\\src\\Illuminate\\Routing\\Route.php(260): Illuminate\\Routing\\ControllerDispatcher->dispatch(Object(Illuminate\\Routing\\Route), Object(App\\Http\\Controllers\\UserController), 'store')
#6 C:\\Users\\andra\\Desktop\\kelompokfive-dev\\pesanWisata-Laravel\\vendor\\laravel\\framework\\src\\Illuminate\\Routing\\Route.php(206): Illuminate\\Routing\\Route->runController()
#7 C:\\Users\\andra\\Desktop\\kelompokfive-dev\\pesanWisata-Laravel\\vendor\\laravel\\framework\\src\\Illuminate\\Routing\\Router.php(808): Illuminate\\Routing\\Route->run()
#8 C:\\Users\\andra\\Desktop\\kelompokfive-dev\\pesanWisata-Laravel\\vendor\\laravel\\framework\\src\\Illuminate\\Pipeline\\Pipeline.php(144): Illuminate\\Routing\\Router->Illuminate\\Routing\\{closure}(Object(Illuminate\\Http\\Request))
#9 C:\\Users\\andra\\Desktop\\kelompokfive-dev\\pesanWisata-Laravel\\vendor\\laravel\\framework\\src\\Illuminate\\Routing\\Middleware\\SubstituteBindings.php(51): Illuminate\\Pipeline\\Pipeline->Illuminate\\Pipeline\\{closure}(Object(Illuminate\\Http\\Request))
#10 C:\\Users\\andra\\Desktop\\kelompokfive-dev\\pesanWisata-Laravel\\vendor\\laravel\\framework\\src\\Illuminate\\Pipeline\\Pipeline.php(183): Illuminate\\Routing\\Middleware\\SubstituteBindings->handle(Object(Illuminate\\Http\\Request), Object(Closure))
#11 C:\\Users\\andra\\Desktop\\kelompokfive-dev\\pesanWisata-Laravel\\vendor\\laravel\\framework\\src\\Illuminate\\Pipeline\\Pipeline.php(119): Illuminate\\Pipeline\\Pipeline->Illuminate\\Pipeline\\{closure}(Object(Illuminate\\Http\\Request))
#12 C:\\Users\\andra\\Desktop\\kelompokfive-dev\\pesanWisata-Laravel\\vendor\\laravel\\framework\\src\\Illuminate\\Routing\\Router.php(807): Illuminate\\Pipeline\\Pipeline->then(Object(Closure))
#13 C:\\Users\\andra\\Desktop\\kelompokfive-dev\\pesanWisata-Laravel\\vendor\\laravel\\framework\\src\\Illuminate\\Routing\\Router.php(786): Illuminate\\Routing\\Router->runRouteWithinStack(Object(Illuminate\\Routing\\Route), Object(Illuminate\\Http\\Request))
#14 C:\\Users\\andra\\Desktop\\kelompokfive-dev\\pesanWisata-Laravel\\vendor\\laravel\\framework\\src\\Illuminate\\Routing\\Router.php(750): Illuminate\\Routing\\Router->runRoute(Object(Illuminate\\Http\\Request), Object(Illuminate\\Routing\\Route))
#15 C:\\Users\\andra\\Desktop\\kelompokfive-dev\\pesanWisata-Laravel\\vendor\\laravel\\framework\\src\\Illuminate\\Routing\\Router.php(739): Illuminate\\Routing\\Router->dispatchToRoute(Object(Illuminate\\Http\\Request))
#16 C:\\Users\\andra\\Desktop\\kelompokfive-dev\\pesanWisata-Laravel\\vendor\\laravel\\framework\\src\\Illuminate\\Foundation\\Http\\Kernel.php(201): Illuminate\\Routing\\Router->dispatch(Object(Illuminate\\Http\\Request))
#17 C:\\Users\\andra\\Desktop\\kelompokfive-dev\\pesanWisata-Laravel\\vendor\\laravel\\framework\\src\\Illuminate\\Pipeline\\Pipeline.php(144): Illuminate\\Foundation\\Http\\Kernel->Illuminate\\Foundation\\Http\\{closure}(Object(Illuminate\\Http\\Request))
#18 C:\\Users\\andra\\Desktop\\kelompokfive-dev\\pesanWisata-Laravel\\vendor\\laravel\\framework\\src\\Illuminate\\Foundation\\Http\\Middleware\\TransformsRequest.php(21): Illuminate\\Pipeline\\Pipeline->Illuminate\\Pipeline\\{closure}(Object(Illuminate\\Http\\Request))
#19 C:\\Users\\andra\\Desktop\\kelompokfive-dev\\pesanWisata-Laravel\\vendor\\laravel\\framework\\src\\Illuminate\\Foundation\\Http\\Middleware\\ConvertEmptyStringsToNull.php(31): Illuminate\\Foundation\\Http\\Middleware\\TransformsRequest->handle(Object(Illuminate\\Http\\Request), Object(Closure))
#20 C:\\Users\\andra\\Desktop\\kelompokfive-dev\\pesanWisata-Laravel\\vendor\\laravel\\framework\\src\\Illuminate\\Pipeline\\Pipeline.php(183): Illuminate\\Foundation\\Http\\Middleware\\ConvertEmptyStringsToNull->handle(Object(Illuminate\\Http\\Request), Object(Closure))
#21 C:\\Users\\andra\\Desktop\\kelompokfive-dev\\pesanWisata-Laravel\\vendor\\laravel\\framework\\src\\Illuminate\\Foundation\\Http\\Middleware\\TransformsRequest.php(21): Illuminate\\Pipeline\\Pipeline->Illuminate\\Pipeline\\{closure}(Object(Illuminate\\Http\\Request))
#22 C:\\Users\\andra\\Desktop\\kelompokfive-dev\\pesanWisata-Laravel\\vendor\\laravel\\framework\\src\\Illuminate\\Foundation\\Http\\Middleware\\TrimStrings.php(51): Illuminate\\Foundation\\Http\\Middleware\\TransformsRequest->handle(Object(Illuminate\\Http\\Request), Object(Closure))
#23 C:\\Users\\andra\\Desktop\\kelompokfive-dev\\pesanWisata-Laravel\\vendor\\laravel\\framework\\src\\Illuminate\\Pipeline\\Pipeline.php(183): Illuminate\\Foundation\\Http\\Middleware\\TrimStrings->handle(Object(Illuminate\\Http\\Request), Object(Closure))
#24 C:\\Users\\andra\\Desktop\\kelompokfive-dev\\pesanWisata-Laravel\\vendor\\laravel\\framework\\src\\Illuminate\\Http\\Middleware\\ValidatePostSize.php(27): Illuminate\\Pipeline\\Pipeline->Illuminate\\Pipeline\\{closure}(Object(Illuminate\\Http\\Request))
#25 C:\\Users\\andra\\Desktop\\kelompokfive-dev\\pesanWisata-Laravel\\vendor\\laravel\\framework\\src\\Illuminate\\Pipeline\\Pipeline.php(183): Illuminate\\Http\\Middleware\\ValidatePostSize->handle(Object(Illuminate\\Http\\Request), Object(Closure))
#26 C:\\Users\\andra\\Desktop\\kelompokfive-dev\\pesanWisata-Laravel\\vendor\\laravel\\framework\\src\\Illuminate\\Foundation\\Http\\Middleware\\PreventRequestsDuringMaintenance.php(110): Illuminate\\Pipeline\\Pipeline->Illuminate\\Pipeline\\{closure}(Object(Illuminate\\Http\\Request))
#27 C:\\Users\\andra\\Desktop\\kelompokfive-dev\\pesanWisata-Laravel\\vendor\\laravel\\framework\\src\\Illuminate\\Pipeline\\Pipeline.php(183): Illuminate\\Foundation\\Http\\Middleware\\PreventRequestsDuringMaintenance->handle(Object(Illuminate\\Http\\Request), Object(Closure))
#28 C:\\Users\\andra\\Desktop\\kelompokfive-dev\\pesanWisata-Laravel\\vendor\\laravel\\framework\\src\\Illuminate\\Http\\Middleware\\HandleCors.php(62): Illuminate\\Pipeline\\Pipeline->Illuminate\\Pipeline\\{closure}(Object(Illuminate\\Http\\Request))
#29 C:\\Users\\andra\\Desktop\\kelompokfive-dev\\pesanWisata-Laravel\\vendor\\laravel\\framework\\src\\Illuminate\\Pipeline\\Pipeline.php(183): Illuminate\\Http\\Middleware\\HandleCors->handle(Object(Illuminate\\Http\\Request), Object(Closure))
#30 C:\\Users\\andra\\Desktop\\kelompokfive-dev\\pesanWisata-Laravel\\vendor\\laravel\\framework\\src\\Illuminate\\Http\\Middleware\\TrustProxies.php(57): Illuminate\\Pipeline\\Pipeline->Illuminate\\Pipeline\\{closure}(Object(Illuminate\\Http\\Request))
#31 C:\\Users\\andra\\Desktop\\kelompokfive-dev\\pesanWisata-Laravel\\vendor\\laravel\\framework\\src\\Illuminate\\Pipeline\\Pipeline.php(183): Illuminate\\Http\\Middleware\\TrustProxies->handle(Object(Illuminate\\Http\\Request), Object(Closure))
#32 C:\\Users\\andra\\Desktop\\kelompokfive-dev\\pesanWisata-Laravel\\vendor\\laravel\\framework\\src\\Illuminate\\Pipeline\\Pipeline.php(119): Illuminate\\Pipeline\\Pipeline->Illuminate\\Pipeline\\{closure}(Object(Illuminate\\Http\\Request))
#33 C:\\Users\\andra\\Desktop\\kelompokfive-dev\\pesanWisata-Laravel\\vendor\\laravel\\framework\\src\\Illuminate\\Foundation\\Http\\Kernel.php(176): Illuminate\\Pipeline\\Pipeline->then(Object(Closure))
#34 C:\\Users\\andra\\Desktop\\kelompokfive-dev\\pesanWisata-Laravel\\vendor\\laravel\\framework\\src\\Illuminate\\Foundation\\Http\\Kernel.php(145): Illuminate\\Foundation\\Http\\Kernel->sendRequestThroughRouter(Object(Illuminate\\Http\\Request))
#35 C:\\Users\\andra\\Desktop\\kelompokfive-dev\\pesanWisata-Laravel\\vendor\\laravel\\framework\\src\\Illuminate\\Foundation\\Application.php(1188): Illuminate\\Foundation\\Http\\Kernel->handle(Object(Illuminate\\Http\\Request))
#36 C:\\Users\\andra\\Desktop\\kelompokfive-dev\\pesanWisata-Laravel\\public\\index.php(17): Illuminate\\Foundation\\Application->handleRequest(Object(Illuminate\\Http\\Request))
#37 C:\\Users\\andra\\Desktop\\kelompokfive-dev\\pesanWisata-Laravel\\vendor\\laravel\\framework\\src\\Illuminate\\Foundation\\resources\\server.php(23): require_once('C:\\\\Users\\\\andra\\\\...')
#38 {main}
"} 
[2024-09-03 02:15:47] local.ERROR: SQLSTATE[23000]: Integrity constraint violation: 19 NOT NULL constraint failed: users.name (Connection: sqlite, SQL: insert into "users" ("updated_at", "created_at") values (2024-09-03 02:15:47, 2024-09-03 02:15:47)) {"exception":"[object] (Illuminate\\Database\\QueryException(code: 23000): SQLSTATE[23000]: Integrity constraint violation: 19 NOT NULL constraint failed: users.name (Connection: sqlite, SQL: insert into \"users\" (\"updated_at\", \"created_at\") values (2024-09-03 02:15:47, 2024-09-03 02:15:47)) at C:\\Users\\andra\\Desktop\\kelompokfive-dev\\pesanWisata-Laravel\\vendor\\laravel\\framework\\src\\Illuminate\\Database\\Connection.php:825)
[stacktrace]
#0 C:\\Users\\andra\\Desktop\\kelompokfive-dev\\pesanWisata-Laravel\\vendor\\laravel\\framework\\src\\Illuminate\\Database\\Connection.php(779): Illuminate\\Database\\Connection->runQueryCallback('insert into \"us...', Array, Object(Closure))
#1 C:\\Users\\andra\\Desktop\\kelompokfive-dev\\pesanWisata-Laravel\\vendor\\laravel\\framework\\src\\Illuminate\\Database\\Connection.php(560): Illuminate\\Database\\Connection->run('insert into \"us...', Array, Object(Closure))
#2 C:\\Users\\andra\\Desktop\\kelompokfive-dev\\pesanWisata-Laravel\\vendor\\laravel\\framework\\src\\Illuminate\\Database\\Connection.php(524): Illuminate\\Database\\Connection->statement('insert into \"us...', Array)
#3 C:\\Users\\andra\\Desktop\\kelompokfive-dev\\pesanWisata-Laravel\\vendor\\laravel\\framework\\src\\Illuminate\\Database\\Query\\Processors\\Processor.php(32): Illuminate\\Database\\Connection->insert('insert into \"us...', Array)
#4 C:\\Users\\andra\\Desktop\\kelompokfive-dev\\pesanWisata-Laravel\\vendor\\laravel\\framework\\src\\Illuminate\\Database\\Query\\Builder.php(3754): Illuminate\\Database\\Query\\Processors\\Processor->processInsertGetId(Object(Illuminate\\Database\\Query\\Builder), 'insert into \"us...', Array, 'id')
#5 C:\\Users\\andra\\Desktop\\kelompokfive-dev\\pesanWisata-Laravel\\vendor\\laravel\\framework\\src\\Illuminate\\Database\\Eloquent\\Builder.php(2038): Illuminate\\Database\\Query\\Builder->insertGetId(Array, 'id')
#6 C:\\Users\\andra\\Desktop\\kelompokfive-dev\\pesanWisata-Laravel\\vendor\\laravel\\framework\\src\\Illuminate\\Database\\Eloquent\\Model.php(1355): Illuminate\\Database\\Eloquent\\Builder->__call('insertGetId', Array)
#7 C:\\Users\\andra\\Desktop\\kelompokfive-dev\\pesanWisata-Laravel\\vendor\\laravel\\framework\\src\\Illuminate\\Database\\Eloquent\\Model.php(1320): Illuminate\\Database\\Eloquent\\Model->insertAndSetId(Object(Illuminate\\Database\\Eloquent\\Builder), Array)
#8 C:\\Users\\andra\\Desktop\\kelompokfive-dev\\pesanWisata-Laravel\\vendor\\laravel\\framework\\src\\Illuminate\\Database\\Eloquent\\Model.php(1159): Illuminate\\Database\\Eloquent\\Model->performInsert(Object(Illuminate\\Database\\Eloquent\\Builder))
#9 C:\\Users\\andra\\Desktop\\kelompokfive-dev\\pesanWisata-Laravel\\vendor\\laravel\\framework\\src\\Illuminate\\Database\\Eloquent\\Builder.php(1079): Illuminate\\Database\\Eloquent\\Model->save()
#10 C:\\Users\\andra\\Desktop\\kelompokfive-dev\\pesanWisata-Laravel\\vendor\\laravel\\framework\\src\\Illuminate\\Support\\helpers.php(380): Illuminate\\Database\\Eloquent\\Builder->Illuminate\\Database\\Eloquent\\{closure}(Object(App\\Models\\User))
#11 C:\\Users\\andra\\Desktop\\kelompokfive-dev\\pesanWisata-Laravel\\vendor\\laravel\\framework\\src\\Illuminate\\Database\\Eloquent\\Builder.php(1078): tap(Object(App\\Models\\User), Object(Closure))
#12 C:\\Users\\andra\\Desktop\\kelompokfive-dev\\pesanWisata-Laravel\\vendor\\laravel\\framework\\src\\Illuminate\\Support\\Traits\\ForwardsCalls.php(23): Illuminate\\Database\\Eloquent\\Builder->create(Array)
#13 C:\\Users\\andra\\Desktop\\kelompokfive-dev\\pesanWisata-Laravel\\vendor\\laravel\\framework\\src\\Illuminate\\Database\\Eloquent\\Model.php(2359): Illuminate\\Database\\Eloquent\\Model->forwardCallTo(Object(Illuminate\\Database\\Eloquent\\Builder), 'create', Array)
#14 C:\\Users\\andra\\Desktop\\kelompokfive-dev\\pesanWisata-Laravel\\vendor\\laravel\\framework\\src\\Illuminate\\Database\\Eloquent\\Model.php(2371): Illuminate\\Database\\Eloquent\\Model->__call('create', Array)
#15 C:\\Users\\andra\\Desktop\\kelompokfive-dev\\pesanWisata-Laravel\\app\\Http\\Controllers\\UserController.php(38): Illuminate\\Database\\Eloquent\\Model::__callStatic('create', Array)
#16 C:\\Users\\andra\\Desktop\\kelompokfive-dev\\pesanWisata-Laravel\\vendor\\laravel\\framework\\src\\Illuminate\\Routing\\ControllerDispatcher.php(46): App\\Http\\Controllers\\UserController->store(Object(Illuminate\\Http\\Request))
#17 C:\\Users\\andra\\Desktop\\kelompokfive-dev\\pesanWisata-Laravel\\vendor\\laravel\\framework\\src\\Illuminate\\Routing\\Route.php(260): Illuminate\\Routing\\ControllerDispatcher->dispatch(Object(Illuminate\\Routing\\Route), Object(App\\Http\\Controllers\\UserController), 'store')
#18 C:\\Users\\andra\\Desktop\\kelompokfive-dev\\pesanWisata-Laravel\\vendor\\laravel\\framework\\src\\Illuminate\\Routing\\Route.php(206): Illuminate\\Routing\\Route->runController()
#19 C:\\Users\\andra\\Desktop\\kelompokfive-dev\\pesanWisata-Laravel\\vendor\\laravel\\framework\\src\\Illuminate\\Routing\\Router.php(808): Illuminate\\Routing\\Route->run()
#20 C:\\Users\\andra\\Desktop\\kelompokfive-dev\\pesanWisata-Laravel\\vendor\\laravel\\framework\\src\\Illuminate\\Pipeline\\Pipeline.php(144): Illuminate\\Routing\\Router->Illuminate\\Routing\\{closure}(Object(Illuminate\\Http\\Request))
#21 C:\\Users\\andra\\Desktop\\kelompokfive-dev\\pesanWisata-Laravel\\vendor\\laravel\\framework\\src\\Illuminate\\Routing\\Middleware\\SubstituteBindings.php(51): Illuminate\\Pipeline\\Pipeline->Illuminate\\Pipeline\\{closure}(Object(Illuminate\\Http\\Request))
#22 C:\\Users\\andra\\Desktop\\kelompokfive-dev\\pesanWisata-Laravel\\vendor\\laravel\\framework\\src\\Illuminate\\Pipeline\\Pipeline.php(183): Illuminate\\Routing\\Middleware\\SubstituteBindings->handle(Object(Illuminate\\Http\\Request), Object(Closure))
#23 C:\\Users\\andra\\Desktop\\kelompokfive-dev\\pesanWisata-Laravel\\vendor\\laravel\\framework\\src\\Illuminate\\Pipeline\\Pipeline.php(119): Illuminate\\Pipeline\\Pipeline->Illuminate\\Pipeline\\{closure}(Object(Illuminate\\Http\\Request))
#24 C:\\Users\\andra\\Desktop\\kelompokfive-dev\\pesanWisata-Laravel\\vendor\\laravel\\framework\\src\\Illuminate\\Routing\\Router.php(807): Illuminate\\Pipeline\\Pipeline->then(Object(Closure))
#25 C:\\Users\\andra\\Desktop\\kelompokfive-dev\\pesanWisata-Laravel\\vendor\\laravel\\framework\\src\\Illuminate\\Routing\\Router.php(786): Illuminate\\Routing\\Router->runRouteWithinStack(Object(Illuminate\\Routing\\Route), Object(Illuminate\\Http\\Request))
#26 C:\\Users\\andra\\Desktop\\kelompokfive-dev\\pesanWisata-Laravel\\vendor\\laravel\\framework\\src\\Illuminate\\Routing\\Router.php(750): Illuminate\\Routing\\Router->runRoute(Object(Illuminate\\Http\\Request), Object(Illuminate\\Routing\\Route))
#27 C:\\Users\\andra\\Desktop\\kelompokfive-dev\\pesanWisata-Laravel\\vendor\\laravel\\framework\\src\\Illuminate\\Routing\\Router.php(739): Illuminate\\Routing\\Router->dispatchToRoute(Object(Illuminate\\Http\\Request))
#28 C:\\Users\\andra\\Desktop\\kelompokfive-dev\\pesanWisata-Laravel\\vendor\\laravel\\framework\\src\\Illuminate\\Foundation\\Http\\Kernel.php(201): Illuminate\\Routing\\Router->dispatch(Object(Illuminate\\Http\\Request))
#29 C:\\Users\\andra\\Desktop\\kelompokfive-dev\\pesanWisata-Laravel\\vendor\\laravel\\framework\\src\\Illuminate\\Pipeline\\Pipeline.php(144): Illuminate\\Foundation\\Http\\Kernel->Illuminate\\Foundation\\Http\\{closure}(Object(Illuminate\\Http\\Request))
#30 C:\\Users\\andra\\Desktop\\kelompokfive-dev\\pesanWisata-Laravel\\vendor\\laravel\\framework\\src\\Illuminate\\Foundation\\Http\\Middleware\\TransformsRequest.php(21): Illuminate\\Pipeline\\Pipeline->Illuminate\\Pipeline\\{closure}(Object(Illuminate\\Http\\Request))
#31 C:\\Users\\andra\\Desktop\\kelompokfive-dev\\pesanWisata-Laravel\\vendor\\laravel\\framework\\src\\Illuminate\\Foundation\\Http\\Middleware\\ConvertEmptyStringsToNull.php(31): Illuminate\\Foundation\\Http\\Middleware\\TransformsRequest->handle(Object(Illuminate\\Http\\Request), Object(Closure))
#32 C:\\Users\\andra\\Desktop\\kelompokfive-dev\\pesanWisata-Laravel\\vendor\\laravel\\framework\\src\\Illuminate\\Pipeline\\Pipeline.php(183): Illuminate\\Foundation\\Http\\Middleware\\ConvertEmptyStringsToNull->handle(Object(Illuminate\\Http\\Request), Object(Closure))
#33 C:\\Users\\andra\\Desktop\\kelompokfive-dev\\pesanWisata-Laravel\\vendor\\laravel\\framework\\src\\Illuminate\\Foundation\\Http\\Middleware\\TransformsRequest.php(21): Illuminate\\Pipeline\\Pipeline->Illuminate\\Pipeline\\{closure}(Object(Illuminate\\Http\\Request))
#34 C:\\Users\\andra\\Desktop\\kelompokfive-dev\\pesanWisata-Laravel\\vendor\\laravel\\framework\\src\\Illuminate\\Foundation\\Http\\Middleware\\TrimStrings.php(51): Illuminate\\Foundation\\Http\\Middleware\\TransformsRequest->handle(Object(Illuminate\\Http\\Request), Object(Closure))
#35 C:\\Users\\andra\\Desktop\\kelompokfive-dev\\pesanWisata-Laravel\\vendor\\laravel\\framework\\src\\Illuminate\\Pipeline\\Pipeline.php(183): Illuminate\\Foundation\\Http\\Middleware\\TrimStrings->handle(Object(Illuminate\\Http\\Request), Object(Closure))
#36 C:\\Users\\andra\\Desktop\\kelompokfive-dev\\pesanWisata-Laravel\\vendor\\laravel\\framework\\src\\Illuminate\\Http\\Middleware\\ValidatePostSize.php(27): Illuminate\\Pipeline\\Pipeline->Illuminate\\Pipeline\\{closure}(Object(Illuminate\\Http\\Request))
#37 C:\\Users\\andra\\Desktop\\kelompokfive-dev\\pesanWisata-Laravel\\vendor\\laravel\\framework\\src\\Illuminate\\Pipeline\\Pipeline.php(183): Illuminate\\Http\\Middleware\\ValidatePostSize->handle(Object(Illuminate\\Http\\Request), Object(Closure))
#38 C:\\Users\\andra\\Desktop\\kelompokfive-dev\\pesanWisata-Laravel\\vendor\\laravel\\framework\\src\\Illuminate\\Foundation\\Http\\Middleware\\PreventRequestsDuringMaintenance.php(110): Illuminate\\Pipeline\\Pipeline->Illuminate\\Pipeline\\{closure}(Object(Illuminate\\Http\\Request))
#39 C:\\Users\\andra\\Desktop\\kelompokfive-dev\\pesanWisata-Laravel\\vendor\\laravel\\framework\\src\\Illuminate\\Pipeline\\Pipeline.php(183): Illuminate\\Foundation\\Http\\Middleware\\PreventRequestsDuringMaintenance->handle(Object(Illuminate\\Http\\Request), Object(Closure))
#40 C:\\Users\\andra\\Desktop\\kelompokfive-dev\\pesanWisata-Laravel\\vendor\\laravel\\framework\\src\\Illuminate\\Http\\Middleware\\HandleCors.php(62): Illuminate\\Pipeline\\Pipeline->Illuminate\\Pipeline\\{closure}(Object(Illuminate\\Http\\Request))
#41 C:\\Users\\andra\\Desktop\\kelompokfive-dev\\pesanWisata-Laravel\\vendor\\laravel\\framework\\src\\Illuminate\\Pipeline\\Pipeline.php(183): Illuminate\\Http\\Middleware\\HandleCors->handle(Object(Illuminate\\Http\\Request), Object(Closure))
#42 C:\\Users\\andra\\Desktop\\kelompokfive-dev\\pesanWisata-Laravel\\vendor\\laravel\\framework\\src\\Illuminate\\Http\\Middleware\\TrustProxies.php(57): Illuminate\\Pipeline\\Pipeline->Illuminate\\Pipeline\\{closure}(Object(Illuminate\\Http\\Request))
#43 C:\\Users\\andra\\Desktop\\kelompokfive-dev\\pesanWisata-Laravel\\vendor\\laravel\\framework\\src\\Illuminate\\Pipeline\\Pipeline.php(183): Illuminate\\Http\\Middleware\\TrustProxies->handle(Object(Illuminate\\Http\\Request), Object(Closure))
#44 C:\\Users\\andra\\Desktop\\kelompokfive-dev\\pesanWisata-Laravel\\vendor\\laravel\\framework\\src\\Illuminate\\Pipeline\\Pipeline.php(119): Illuminate\\Pipeline\\Pipeline->Illuminate\\Pipeline\\{closure}(Object(Illuminate\\Http\\Request))
#45 C:\\Users\\andra\\Desktop\\kelompokfive-dev\\pesanWisata-Laravel\\vendor\\laravel\\framework\\src\\Illuminate\\Foundation\\Http\\Kernel.php(176): Illuminate\\Pipeline\\Pipeline->then(Object(Closure))
#46 C:\\Users\\andra\\Desktop\\kelompokfive-dev\\pesanWisata-Laravel\\vendor\\laravel\\framework\\src\\Illuminate\\Foundation\\Http\\Kernel.php(145): Illuminate\\Foundation\\Http\\Kernel->sendRequestThroughRouter(Object(Illuminate\\Http\\Request))
#47 C:\\Users\\andra\\Desktop\\kelompokfive-dev\\pesanWisata-Laravel\\vendor\\laravel\\framework\\src\\Illuminate\\Foundation\\Application.php(1188): Illuminate\\Foundation\\Http\\Kernel->handle(Object(Illuminate\\Http\\Request))
#48 C:\\Users\\andra\\Desktop\\kelompokfive-dev\\pesanWisata-Laravel\\public\\index.php(17): Illuminate\\Foundation\\Application->handleRequest(Object(Illuminate\\Http\\Request))
#49 C:\\Users\\andra\\Desktop\\kelompokfive-dev\\pesanWisata-Laravel\\vendor\\laravel\\framework\\src\\Illuminate\\Foundation\\resources\\server.php(23): require_once('C:\\\\Users\\\\andra\\\\...')
#50 {main}

[previous exception] [object] (PDOException(code: 23000): SQLSTATE[23000]: Integrity constraint violation: 19 NOT NULL constraint failed: users.name at C:\\Users\\andra\\Desktop\\kelompokfive-dev\\pesanWisata-Laravel\\vendor\\laravel\\framework\\src\\Illuminate\\Database\\Connection.php:571)
[stacktrace]
#0 C:\\Users\\andra\\Desktop\\kelompokfive-dev\\pesanWisata-Laravel\\vendor\\laravel\\framework\\src\\Illuminate\\Database\\Connection.php(571): PDOStatement->execute()
#1 C:\\Users\\andra\\Desktop\\kelompokfive-dev\\pesanWisata-Laravel\\vendor\\laravel\\framework\\src\\Illuminate\\Database\\Connection.php(812): Illuminate\\Database\\Connection->Illuminate\\Database\\{closure}('insert into \"us...', Array)
#2 C:\\Users\\andra\\Desktop\\kelompokfive-dev\\pesanWisata-Laravel\\vendor\\laravel\\framework\\src\\Illuminate\\Database\\Connection.php(779): Illuminate\\Database\\Connection->runQueryCallback('insert into \"us...', Array, Object(Closure))
#3 C:\\Users\\andra\\Desktop\\kelompokfive-dev\\pesanWisata-Laravel\\vendor\\laravel\\framework\\src\\Illuminate\\Database\\Connection.php(560): Illuminate\\Database\\Connection->run('insert into \"us...', Array, Object(Closure))
#4 C:\\Users\\andra\\Desktop\\kelompokfive-dev\\pesanWisata-Laravel\\vendor\\laravel\\framework\\src\\Illuminate\\Database\\Connection.php(524): Illuminate\\Database\\Connection->statement('insert into \"us...', Array)
#5 C:\\Users\\andra\\Desktop\\kelompokfive-dev\\pesanWisata-Laravel\\vendor\\laravel\\framework\\src\\Illuminate\\Database\\Query\\Processors\\Processor.php(32): Illuminate\\Database\\Connection->insert('insert into \"us...', Array)
#6 C:\\Users\\andra\\Desktop\\kelompokfive-dev\\pesanWisata-Laravel\\vendor\\laravel\\framework\\src\\Illuminate\\Database\\Query\\Builder.php(3754): Illuminate\\Database\\Query\\Processors\\Processor->processInsertGetId(Object(Illuminate\\Database\\Query\\Builder), 'insert into \"us...', Array, 'id')
#7 C:\\Users\\andra\\Desktop\\kelompokfive-dev\\pesanWisata-Laravel\\vendor\\laravel\\framework\\src\\Illuminate\\Database\\Eloquent\\Builder.php(2038): Illuminate\\Database\\Query\\Builder->insertGetId(Array, 'id')
#8 C:\\Users\\andra\\Desktop\\kelompokfive-dev\\pesanWisata-Laravel\\vendor\\laravel\\framework\\src\\Illuminate\\Database\\Eloquent\\Model.php(1355): Illuminate\\Database\\Eloquent\\Builder->__call('insertGetId', Array)
#9 C:\\Users\\andra\\Desktop\\kelompokfive-dev\\pesanWisata-Laravel\\vendor\\laravel\\framework\\src\\Illuminate\\Database\\Eloquent\\Model.php(1320): Illuminate\\Database\\Eloquent\\Model->insertAndSetId(Object(Illuminate\\Database\\Eloquent\\Builder), Array)
#10 C:\\Users\\andra\\Desktop\\kelompokfive-dev\\pesanWisata-Laravel\\vendor\\laravel\\framework\\src\\Illuminate\\Database\\Eloquent\\Model.php(1159): Illuminate\\Database\\Eloquent\\Model->performInsert(Object(Illuminate\\Database\\Eloquent\\Builder))
#11 C:\\Users\\andra\\Desktop\\kelompokfive-dev\\pesanWisata-Laravel\\vendor\\laravel\\framework\\src\\Illuminate\\Database\\Eloquent\\Builder.php(1079): Illuminate\\Database\\Eloquent\\Model->save()
#12 C:\\Users\\andra\\Desktop\\kelompokfive-dev\\pesanWisata-Laravel\\vendor\\laravel\\framework\\src\\Illuminate\\Support\\helpers.php(380): Illuminate\\Database\\Eloquent\\Builder->Illuminate\\Database\\Eloquent\\{closure}(Object(App\\Models\\User))
#13 C:\\Users\\andra\\Desktop\\kelompokfive-dev\\pesanWisata-Laravel\\vendor\\laravel\\framework\\src\\Illuminate\\Database\\Eloquent\\Builder.php(1078): tap(Object(App\\Models\\User), Object(Closure))
#14 C:\\Users\\andra\\Desktop\\kelompokfive-dev\\pesanWisata-Laravel\\vendor\\laravel\\framework\\src\\Illuminate\\Support\\Traits\\ForwardsCalls.php(23): Illuminate\\Database\\Eloquent\\Builder->create(Array)
#15 C:\\Users\\andra\\Desktop\\kelompokfive-dev\\pesanWisata-Laravel\\vendor\\laravel\\framework\\src\\Illuminate\\Database\\Eloquent\\Model.php(2359): Illuminate\\Database\\Eloquent\\Model->forwardCallTo(Object(Illuminate\\Database\\Eloquent\\Builder), 'create', Array)
#16 C:\\Users\\andra\\Desktop\\kelompokfive-dev\\pesanWisata-Laravel\\vendor\\laravel\\framework\\src\\Illuminate\\Database\\Eloquent\\Model.php(2371): Illuminate\\Database\\Eloquent\\Model->__call('create', Array)
#17 C:\\Users\\andra\\Desktop\\kelompokfive-dev\\pesanWisata-Laravel\\app\\Http\\Controllers\\UserController.php(38): Illuminate\\Database\\Eloquent\\Model::__callStatic('create', Array)
#18 C:\\Users\\andra\\Desktop\\kelompokfive-dev\\pesanWisata-Laravel\\vendor\\laravel\\framework\\src\\Illuminate\\Routing\\ControllerDispatcher.php(46): App\\Http\\Controllers\\UserController->store(Object(Illuminate\\Http\\Request))
#19 C:\\Users\\andra\\Desktop\\kelompokfive-dev\\pesanWisata-Laravel\\vendor\\laravel\\framework\\src\\Illuminate\\Routing\\Route.php(260): Illuminate\\Routing\\ControllerDispatcher->dispatch(Object(Illuminate\\Routing\\Route), Object(App\\Http\\Controllers\\UserController), 'store')
#20 C:\\Users\\andra\\Desktop\\kelompokfive-dev\\pesanWisata-Laravel\\vendor\\laravel\\framework\\src\\Illuminate\\Routing\\Route.php(206): Illuminate\\Routing\\Route->runController()
#21 C:\\Users\\andra\\Desktop\\kelompokfive-dev\\pesanWisata-Laravel\\vendor\\laravel\\framework\\src\\Illuminate\\Routing\\Router.php(808): Illuminate\\Routing\\Route->run()
#22 C:\\Users\\andra\\Desktop\\kelompokfive-dev\\pesanWisata-Laravel\\vendor\\laravel\\framework\\src\\Illuminate\\Pipeline\\Pipeline.php(144): Illuminate\\Routing\\Router->Illuminate\\Routing\\{closure}(Object(Illuminate\\Http\\Request))
#23 C:\\Users\\andra\\Desktop\\kelompokfive-dev\\pesanWisata-Laravel\\vendor\\laravel\\framework\\src\\Illuminate\\Routing\\Middleware\\SubstituteBindings.php(51): Illuminate\\Pipeline\\Pipeline->Illuminate\\Pipeline\\{closure}(Object(Illuminate\\Http\\Request))
#24 C:\\Users\\andra\\Desktop\\kelompokfive-dev\\pesanWisata-Laravel\\vendor\\laravel\\framework\\src\\Illuminate\\Pipeline\\Pipeline.php(183): Illuminate\\Routing\\Middleware\\SubstituteBindings->handle(Object(Illuminate\\Http\\Request), Object(Closure))
#25 C:\\Users\\andra\\Desktop\\kelompokfive-dev\\pesanWisata-Laravel\\vendor\\laravel\\framework\\src\\Illuminate\\Pipeline\\Pipeline.php(119): Illuminate\\Pipeline\\Pipeline->Illuminate\\Pipeline\\{closure}(Object(Illuminate\\Http\\Request))
#26 C:\\Users\\andra\\Desktop\\kelompokfive-dev\\pesanWisata-Laravel\\vendor\\laravel\\framework\\src\\Illuminate\\Routing\\Router.php(807): Illuminate\\Pipeline\\Pipeline->then(Object(Closure))
#27 C:\\Users\\andra\\Desktop\\kelompokfive-dev\\pesanWisata-Laravel\\vendor\\laravel\\framework\\src\\Illuminate\\Routing\\Router.php(786): Illuminate\\Routing\\Router->runRouteWithinStack(Object(Illuminate\\Routing\\Route), Object(Illuminate\\Http\\Request))
#28 C:\\Users\\andra\\Desktop\\kelompokfive-dev\\pesanWisata-Laravel\\vendor\\laravel\\framework\\src\\Illuminate\\Routing\\Router.php(750): Illuminate\\Routing\\Router->runRoute(Object(Illuminate\\Http\\Request), Object(Illuminate\\Routing\\Route))
#29 C:\\Users\\andra\\Desktop\\kelompokfive-dev\\pesanWisata-Laravel\\vendor\\laravel\\framework\\src\\Illuminate\\Routing\\Router.php(739): Illuminate\\Routing\\Router->dispatchToRoute(Object(Illuminate\\Http\\Request))
#30 C:\\Users\\andra\\Desktop\\kelompokfive-dev\\pesanWisata-Laravel\\vendor\\laravel\\framework\\src\\Illuminate\\Foundation\\Http\\Kernel.php(201): Illuminate\\Routing\\Router->dispatch(Object(Illuminate\\Http\\Request))
#31 C:\\Users\\andra\\Desktop\\kelompokfive-dev\\pesanWisata-Laravel\\vendor\\laravel\\framework\\src\\Illuminate\\Pipeline\\Pipeline.php(144): Illuminate\\Foundation\\Http\\Kernel->Illuminate\\Foundation\\Http\\{closure}(Object(Illuminate\\Http\\Request))
#32 C:\\Users\\andra\\Desktop\\kelompokfive-dev\\pesanWisata-Laravel\\vendor\\laravel\\framework\\src\\Illuminate\\Foundation\\Http\\Middleware\\TransformsRequest.php(21): Illuminate\\Pipeline\\Pipeline->Illuminate\\Pipeline\\{closure}(Object(Illuminate\\Http\\Request))
#33 C:\\Users\\andra\\Desktop\\kelompokfive-dev\\pesanWisata-Laravel\\vendor\\laravel\\framework\\src\\Illuminate\\Foundation\\Http\\Middleware\\ConvertEmptyStringsToNull.php(31): Illuminate\\Foundation\\Http\\Middleware\\TransformsRequest->handle(Object(Illuminate\\Http\\Request), Object(Closure))
#34 C:\\Users\\andra\\Desktop\\kelompokfive-dev\\pesanWisata-Laravel\\vendor\\laravel\\framework\\src\\Illuminate\\Pipeline\\Pipeline.php(183): Illuminate\\Foundation\\Http\\Middleware\\ConvertEmptyStringsToNull->handle(Object(Illuminate\\Http\\Request), Object(Closure))
#35 C:\\Users\\andra\\Desktop\\kelompokfive-dev\\pesanWisata-Laravel\\vendor\\laravel\\framework\\src\\Illuminate\\Foundation\\Http\\Middleware\\TransformsRequest.php(21): Illuminate\\Pipeline\\Pipeline->Illuminate\\Pipeline\\{closure}(Object(Illuminate\\Http\\Request))
#36 C:\\Users\\andra\\Desktop\\kelompokfive-dev\\pesanWisata-Laravel\\vendor\\laravel\\framework\\src\\Illuminate\\Foundation\\Http\\Middleware\\TrimStrings.php(51): Illuminate\\Foundation\\Http\\Middleware\\TransformsRequest->handle(Object(Illuminate\\Http\\Request), Object(Closure))
#37 C:\\Users\\andra\\Desktop\\kelompokfive-dev\\pesanWisata-Laravel\\vendor\\laravel\\framework\\src\\Illuminate\\Pipeline\\Pipeline.php(183): Illuminate\\Foundation\\Http\\Middleware\\TrimStrings->handle(Object(Illuminate\\Http\\Request), Object(Closure))
#38 C:\\Users\\andra\\Desktop\\kelompokfive-dev\\pesanWisata-Laravel\\vendor\\laravel\\framework\\src\\Illuminate\\Http\\Middleware\\ValidatePostSize.php(27): Illuminate\\Pipeline\\Pipeline->Illuminate\\Pipeline\\{closure}(Object(Illuminate\\Http\\Request))
#39 C:\\Users\\andra\\Desktop\\kelompokfive-dev\\pesanWisata-Laravel\\vendor\\laravel\\framework\\src\\Illuminate\\Pipeline\\Pipeline.php(183): Illuminate\\Http\\Middleware\\ValidatePostSize->handle(Object(Illuminate\\Http\\Request), Object(Closure))
#40 C:\\Users\\andra\\Desktop\\kelompokfive-dev\\pesanWisata-Laravel\\vendor\\laravel\\framework\\src\\Illuminate\\Foundation\\Http\\Middleware\\PreventRequestsDuringMaintenance.php(110): Illuminate\\Pipeline\\Pipeline->Illuminate\\Pipeline\\{closure}(Object(Illuminate\\Http\\Request))
#41 C:\\Users\\andra\\Desktop\\kelompokfive-dev\\pesanWisata-Laravel\\vendor\\laravel\\framework\\src\\Illuminate\\Pipeline\\Pipeline.php(183): Illuminate\\Foundation\\Http\\Middleware\\PreventRequestsDuringMaintenance->handle(Object(Illuminate\\Http\\Request), Object(Closure))
#42 C:\\Users\\andra\\Desktop\\kelompokfive-dev\\pesanWisata-Laravel\\vendor\\laravel\\framework\\src\\Illuminate\\Http\\Middleware\\HandleCors.php(62): Illuminate\\Pipeline\\Pipeline->Illuminate\\Pipeline\\{closure}(Object(Illuminate\\Http\\Request))
#43 C:\\Users\\andra\\Desktop\\kelompokfive-dev\\pesanWisata-Laravel\\vendor\\laravel\\framework\\src\\Illuminate\\Pipeline\\Pipeline.php(183): Illuminate\\Http\\Middleware\\HandleCors->handle(Object(Illuminate\\Http\\Request), Object(Closure))
#44 C:\\Users\\andra\\Desktop\\kelompokfive-dev\\pesanWisata-Laravel\\vendor\\laravel\\framework\\src\\Illuminate\\Http\\Middleware\\TrustProxies.php(57): Illuminate\\Pipeline\\Pipeline->Illuminate\\Pipeline\\{closure}(Object(Illuminate\\Http\\Request))
#45 C:\\Users\\andra\\Desktop\\kelompokfive-dev\\pesanWisata-Laravel\\vendor\\laravel\\framework\\src\\Illuminate\\Pipeline\\Pipeline.php(183): Illuminate\\Http\\Middleware\\TrustProxies->handle(Object(Illuminate\\Http\\Request), Object(Closure))
#46 C:\\Users\\andra\\Desktop\\kelompokfive-dev\\pesanWisata-Laravel\\vendor\\laravel\\framework\\src\\Illuminate\\Pipeline\\Pipeline.php(119): Illuminate\\Pipeline\\Pipeline->Illuminate\\Pipeline\\{closure}(Object(Illuminate\\Http\\Request))
#47 C:\\Users\\andra\\Desktop\\kelompokfive-dev\\pesanWisata-Laravel\\vendor\\laravel\\framework\\src\\Illuminate\\Foundation\\Http\\Kernel.php(176): Illuminate\\Pipeline\\Pipeline->then(Object(Closure))
#48 C:\\Users\\andra\\Desktop\\kelompokfive-dev\\pesanWisata-Laravel\\vendor\\laravel\\framework\\src\\Illuminate\\Foundation\\Http\\Kernel.php(145): Illuminate\\Foundation\\Http\\Kernel->sendRequestThroughRouter(Object(Illuminate\\Http\\Request))
#49 C:\\Users\\andra\\Desktop\\kelompokfive-dev\\pesanWisata-Laravel\\vendor\\laravel\\framework\\src\\Illuminate\\Foundation\\Application.php(1188): Illuminate\\Foundation\\Http\\Kernel->handle(Object(Illuminate\\Http\\Request))
#50 C:\\Users\\andra\\Desktop\\kelompokfive-dev\\pesanWisata-Laravel\\public\\index.php(17): Illuminate\\Foundation\\Application->handleRequest(Object(Illuminate\\Http\\Request))
#51 C:\\Users\\andra\\Desktop\\kelompokfive-dev\\pesanWisata-Laravel\\vendor\\laravel\\framework\\src\\Illuminate\\Foundation\\resources\\server.php(23): require_once('C:\\\\Users\\\\andra\\\\...')
#52 {main}
"} 
[2024-09-03 02:19:04] local.ERROR: SQLSTATE[23000]: Integrity constraint violation: 19 NOT NULL constraint failed: users.role (Connection: sqlite, SQL: insert into "users" ("name", "email", "password", "updated_at", "created_at") values (Andra Fishabegti, test@gmail.com, $2y$12$VpXPTof1MlMD64sfztTuleCcp1FDjXsi3R4bVAkekjIT68/3GDrjG, 2024-09-03 02:19:04, 2024-09-03 02:19:04)) {"exception":"[object] (Illuminate\\Database\\QueryException(code: 23000): SQLSTATE[23000]: Integrity constraint violation: 19 NOT NULL constraint failed: users.role (Connection: sqlite, SQL: insert into \"users\" (\"name\", \"email\", \"password\", \"updated_at\", \"created_at\") values (Andra Fishabegti, test@gmail.com, $2y$12$VpXPTof1MlMD64sfztTuleCcp1FDjXsi3R4bVAkekjIT68/3GDrjG, 2024-09-03 02:19:04, 2024-09-03 02:19:04)) at C:\\Users\\andra\\Desktop\\kelompokfive-dev\\pesanWisata-Laravel\\vendor\\laravel\\framework\\src\\Illuminate\\Database\\Connection.php:825)
[stacktrace]
#0 C:\\Users\\andra\\Desktop\\kelompokfive-dev\\pesanWisata-Laravel\\vendor\\laravel\\framework\\src\\Illuminate\\Database\\Connection.php(779): Illuminate\\Database\\Connection->runQueryCallback('insert into \"us...', Array, Object(Closure))
#1 C:\\Users\\andra\\Desktop\\kelompokfive-dev\\pesanWisata-Laravel\\vendor\\laravel\\framework\\src\\Illuminate\\Database\\Connection.php(560): Illuminate\\Database\\Connection->run('insert into \"us...', Array, Object(Closure))
#2 C:\\Users\\andra\\Desktop\\kelompokfive-dev\\pesanWisata-Laravel\\vendor\\laravel\\framework\\src\\Illuminate\\Database\\Connection.php(524): Illuminate\\Database\\Connection->statement('insert into \"us...', Array)
#3 C:\\Users\\andra\\Desktop\\kelompokfive-dev\\pesanWisata-Laravel\\vendor\\laravel\\framework\\src\\Illuminate\\Database\\Query\\Processors\\Processor.php(32): Illuminate\\Database\\Connection->insert('insert into \"us...', Array)
#4 C:\\Users\\andra\\Desktop\\kelompokfive-dev\\pesanWisata-Laravel\\vendor\\laravel\\framework\\src\\Illuminate\\Database\\Query\\Builder.php(3754): Illuminate\\Database\\Query\\Processors\\Processor->processInsertGetId(Object(Illuminate\\Database\\Query\\Builder), 'insert into \"us...', Array, 'id')
#5 C:\\Users\\andra\\Desktop\\kelompokfive-dev\\pesanWisata-Laravel\\vendor\\laravel\\framework\\src\\Illuminate\\Database\\Eloquent\\Builder.php(2038): Illuminate\\Database\\Query\\Builder->insertGetId(Array, 'id')
#6 C:\\Users\\andra\\Desktop\\kelompokfive-dev\\pesanWisata-Laravel\\vendor\\laravel\\framework\\src\\Illuminate\\Database\\Eloquent\\Model.php(1355): Illuminate\\Database\\Eloquent\\Builder->__call('insertGetId', Array)
#7 C:\\Users\\andra\\Desktop\\kelompokfive-dev\\pesanWisata-Laravel\\vendor\\laravel\\framework\\src\\Illuminate\\Database\\Eloquent\\Model.php(1320): Illuminate\\Database\\Eloquent\\Model->insertAndSetId(Object(Illuminate\\Database\\Eloquent\\Builder), Array)
#8 C:\\Users\\andra\\Desktop\\kelompokfive-dev\\pesanWisata-Laravel\\vendor\\laravel\\framework\\src\\Illuminate\\Database\\Eloquent\\Model.php(1159): Illuminate\\Database\\Eloquent\\Model->performInsert(Object(Illuminate\\Database\\Eloquent\\Builder))
#9 C:\\Users\\andra\\Desktop\\kelompokfive-dev\\pesanWisata-Laravel\\vendor\\laravel\\framework\\src\\Illuminate\\Database\\Eloquent\\Builder.php(1079): Illuminate\\Database\\Eloquent\\Model->save()
#10 C:\\Users\\andra\\Desktop\\kelompokfive-dev\\pesanWisata-Laravel\\vendor\\laravel\\framework\\src\\Illuminate\\Support\\helpers.php(380): Illuminate\\Database\\Eloquent\\Builder->Illuminate\\Database\\Eloquent\\{closure}(Object(App\\Models\\User))
#11 C:\\Users\\andra\\Desktop\\kelompokfive-dev\\pesanWisata-Laravel\\vendor\\laravel\\framework\\src\\Illuminate\\Database\\Eloquent\\Builder.php(1078): tap(Object(App\\Models\\User), Object(Closure))
#12 C:\\Users\\andra\\Desktop\\kelompokfive-dev\\pesanWisata-Laravel\\vendor\\laravel\\framework\\src\\Illuminate\\Support\\Traits\\ForwardsCalls.php(23): Illuminate\\Database\\Eloquent\\Builder->create(Array)
#13 C:\\Users\\andra\\Desktop\\kelompokfive-dev\\pesanWisata-Laravel\\vendor\\laravel\\framework\\src\\Illuminate\\Database\\Eloquent\\Model.php(2359): Illuminate\\Database\\Eloquent\\Model->forwardCallTo(Object(Illuminate\\Database\\Eloquent\\Builder), 'create', Array)
#14 C:\\Users\\andra\\Desktop\\kelompokfive-dev\\pesanWisata-Laravel\\vendor\\laravel\\framework\\src\\Illuminate\\Database\\Eloquent\\Model.php(2371): Illuminate\\Database\\Eloquent\\Model->__call('create', Array)
#15 C:\\Users\\andra\\Desktop\\kelompokfive-dev\\pesanWisata-Laravel\\app\\Http\\Controllers\\UserController.php(39): Illuminate\\Database\\Eloquent\\Model::__callStatic('create', Array)
#16 C:\\Users\\andra\\Desktop\\kelompokfive-dev\\pesanWisata-Laravel\\vendor\\laravel\\framework\\src\\Illuminate\\Routing\\ControllerDispatcher.php(46): App\\Http\\Controllers\\UserController->store(Object(Illuminate\\Http\\Request))
#17 C:\\Users\\andra\\Desktop\\kelompokfive-dev\\pesanWisata-Laravel\\vendor\\laravel\\framework\\src\\Illuminate\\Routing\\Route.php(260): Illuminate\\Routing\\ControllerDispatcher->dispatch(Object(Illuminate\\Routing\\Route), Object(App\\Http\\Controllers\\UserController), 'store')
#18 C:\\Users\\andra\\Desktop\\kelompokfive-dev\\pesanWisata-Laravel\\vendor\\laravel\\framework\\src\\Illuminate\\Routing\\Route.php(206): Illuminate\\Routing\\Route->runController()
#19 C:\\Users\\andra\\Desktop\\kelompokfive-dev\\pesanWisata-Laravel\\vendor\\laravel\\framework\\src\\Illuminate\\Routing\\Router.php(808): Illuminate\\Routing\\Route->run()
#20 C:\\Users\\andra\\Desktop\\kelompokfive-dev\\pesanWisata-Laravel\\vendor\\laravel\\framework\\src\\Illuminate\\Pipeline\\Pipeline.php(144): Illuminate\\Routing\\Router->Illuminate\\Routing\\{closure}(Object(Illuminate\\Http\\Request))
#21 C:\\Users\\andra\\Desktop\\kelompokfive-dev\\pesanWisata-Laravel\\vendor\\laravel\\framework\\src\\Illuminate\\Routing\\Middleware\\SubstituteBindings.php(51): Illuminate\\Pipeline\\Pipeline->Illuminate\\Pipeline\\{closure}(Object(Illuminate\\Http\\Request))
#22 C:\\Users\\andra\\Desktop\\kelompokfive-dev\\pesanWisata-Laravel\\vendor\\laravel\\framework\\src\\Illuminate\\Pipeline\\Pipeline.php(183): Illuminate\\Routing\\Middleware\\SubstituteBindings->handle(Object(Illuminate\\Http\\Request), Object(Closure))
#23 C:\\Users\\andra\\Desktop\\kelompokfive-dev\\pesanWisata-Laravel\\vendor\\laravel\\framework\\src\\Illuminate\\Pipeline\\Pipeline.php(119): Illuminate\\Pipeline\\Pipeline->Illuminate\\Pipeline\\{closure}(Object(Illuminate\\Http\\Request))
#24 C:\\Users\\andra\\Desktop\\kelompokfive-dev\\pesanWisata-Laravel\\vendor\\laravel\\framework\\src\\Illuminate\\Routing\\Router.php(807): Illuminate\\Pipeline\\Pipeline->then(Object(Closure))
#25 C:\\Users\\andra\\Desktop\\kelompokfive-dev\\pesanWisata-Laravel\\vendor\\laravel\\framework\\src\\Illuminate\\Routing\\Router.php(786): Illuminate\\Routing\\Router->runRouteWithinStack(Object(Illuminate\\Routing\\Route), Object(Illuminate\\Http\\Request))
#26 C:\\Users\\andra\\Desktop\\kelompokfive-dev\\pesanWisata-Laravel\\vendor\\laravel\\framework\\src\\Illuminate\\Routing\\Router.php(750): Illuminate\\Routing\\Router->runRoute(Object(Illuminate\\Http\\Request), Object(Illuminate\\Routing\\Route))
#27 C:\\Users\\andra\\Desktop\\kelompokfive-dev\\pesanWisata-Laravel\\vendor\\laravel\\framework\\src\\Illuminate\\Routing\\Router.php(739): Illuminate\\Routing\\Router->dispatchToRoute(Object(Illuminate\\Http\\Request))
#28 C:\\Users\\andra\\Desktop\\kelompokfive-dev\\pesanWisata-Laravel\\vendor\\laravel\\framework\\src\\Illuminate\\Foundation\\Http\\Kernel.php(201): Illuminate\\Routing\\Router->dispatch(Object(Illuminate\\Http\\Request))
#29 C:\\Users\\andra\\Desktop\\kelompokfive-dev\\pesanWisata-Laravel\\vendor\\laravel\\framework\\src\\Illuminate\\Pipeline\\Pipeline.php(144): Illuminate\\Foundation\\Http\\Kernel->Illuminate\\Foundation\\Http\\{closure}(Object(Illuminate\\Http\\Request))
#30 C:\\Users\\andra\\Desktop\\kelompokfive-dev\\pesanWisata-Laravel\\vendor\\laravel\\framework\\src\\Illuminate\\Foundation\\Http\\Middleware\\TransformsRequest.php(21): Illuminate\\Pipeline\\Pipeline->Illuminate\\Pipeline\\{closure}(Object(Illuminate\\Http\\Request))
#31 C:\\Users\\andra\\Desktop\\kelompokfive-dev\\pesanWisata-Laravel\\vendor\\laravel\\framework\\src\\Illuminate\\Foundation\\Http\\Middleware\\ConvertEmptyStringsToNull.php(31): Illuminate\\Foundation\\Http\\Middleware\\TransformsRequest->handle(Object(Illuminate\\Http\\Request), Object(Closure))
#32 C:\\Users\\andra\\Desktop\\kelompokfive-dev\\pesanWisata-Laravel\\vendor\\laravel\\framework\\src\\Illuminate\\Pipeline\\Pipeline.php(183): Illuminate\\Foundation\\Http\\Middleware\\ConvertEmptyStringsToNull->handle(Object(Illuminate\\Http\\Request), Object(Closure))
#33 C:\\Users\\andra\\Desktop\\kelompokfive-dev\\pesanWisata-Laravel\\vendor\\laravel\\framework\\src\\Illuminate\\Foundation\\Http\\Middleware\\TransformsRequest.php(21): Illuminate\\Pipeline\\Pipeline->Illuminate\\Pipeline\\{closure}(Object(Illuminate\\Http\\Request))
#34 C:\\Users\\andra\\Desktop\\kelompokfive-dev\\pesanWisata-Laravel\\vendor\\laravel\\framework\\src\\Illuminate\\Foundation\\Http\\Middleware\\TrimStrings.php(51): Illuminate\\Foundation\\Http\\Middleware\\TransformsRequest->handle(Object(Illuminate\\Http\\Request), Object(Closure))
#35 C:\\Users\\andra\\Desktop\\kelompokfive-dev\\pesanWisata-Laravel\\vendor\\laravel\\framework\\src\\Illuminate\\Pipeline\\Pipeline.php(183): Illuminate\\Foundation\\Http\\Middleware\\TrimStrings->handle(Object(Illuminate\\Http\\Request), Object(Closure))
#36 C:\\Users\\andra\\Desktop\\kelompokfive-dev\\pesanWisata-Laravel\\vendor\\laravel\\framework\\src\\Illuminate\\Http\\Middleware\\ValidatePostSize.php(27): Illuminate\\Pipeline\\Pipeline->Illuminate\\Pipeline\\{closure}(Object(Illuminate\\Http\\Request))
#37 C:\\Users\\andra\\Desktop\\kelompokfive-dev\\pesanWisata-Laravel\\vendor\\laravel\\framework\\src\\Illuminate\\Pipeline\\Pipeline.php(183): Illuminate\\Http\\Middleware\\ValidatePostSize->handle(Object(Illuminate\\Http\\Request), Object(Closure))
#38 C:\\Users\\andra\\Desktop\\kelompokfive-dev\\pesanWisata-Laravel\\vendor\\laravel\\framework\\src\\Illuminate\\Foundation\\Http\\Middleware\\PreventRequestsDuringMaintenance.php(110): Illuminate\\Pipeline\\Pipeline->Illuminate\\Pipeline\\{closure}(Object(Illuminate\\Http\\Request))
#39 C:\\Users\\andra\\Desktop\\kelompokfive-dev\\pesanWisata-Laravel\\vendor\\laravel\\framework\\src\\Illuminate\\Pipeline\\Pipeline.php(183): Illuminate\\Foundation\\Http\\Middleware\\PreventRequestsDuringMaintenance->handle(Object(Illuminate\\Http\\Request), Object(Closure))
#40 C:\\Users\\andra\\Desktop\\kelompokfive-dev\\pesanWisata-Laravel\\vendor\\laravel\\framework\\src\\Illuminate\\Http\\Middleware\\HandleCors.php(62): Illuminate\\Pipeline\\Pipeline->Illuminate\\Pipeline\\{closure}(Object(Illuminate\\Http\\Request))
#41 C:\\Users\\andra\\Desktop\\kelompokfive-dev\\pesanWisata-Laravel\\vendor\\laravel\\framework\\src\\Illuminate\\Pipeline\\Pipeline.php(183): Illuminate\\Http\\Middleware\\HandleCors->handle(Object(Illuminate\\Http\\Request), Object(Closure))
#42 C:\\Users\\andra\\Desktop\\kelompokfive-dev\\pesanWisata-Laravel\\vendor\\laravel\\framework\\src\\Illuminate\\Http\\Middleware\\TrustProxies.php(57): Illuminate\\Pipeline\\Pipeline->Illuminate\\Pipeline\\{closure}(Object(Illuminate\\Http\\Request))
#43 C:\\Users\\andra\\Desktop\\kelompokfive-dev\\pesanWisata-Laravel\\vendor\\laravel\\framework\\src\\Illuminate\\Pipeline\\Pipeline.php(183): Illuminate\\Http\\Middleware\\TrustProxies->handle(Object(Illuminate\\Http\\Request), Object(Closure))
#44 C:\\Users\\andra\\Desktop\\kelompokfive-dev\\pesanWisata-Laravel\\vendor\\laravel\\framework\\src\\Illuminate\\Pipeline\\Pipeline.php(119): Illuminate\\Pipeline\\Pipeline->Illuminate\\Pipeline\\{closure}(Object(Illuminate\\Http\\Request))
#45 C:\\Users\\andra\\Desktop\\kelompokfive-dev\\pesanWisata-Laravel\\vendor\\laravel\\framework\\src\\Illuminate\\Foundation\\Http\\Kernel.php(176): Illuminate\\Pipeline\\Pipeline->then(Object(Closure))
#46 C:\\Users\\andra\\Desktop\\kelompokfive-dev\\pesanWisata-Laravel\\vendor\\laravel\\framework\\src\\Illuminate\\Foundation\\Http\\Kernel.php(145): Illuminate\\Foundation\\Http\\Kernel->sendRequestThroughRouter(Object(Illuminate\\Http\\Request))
#47 C:\\Users\\andra\\Desktop\\kelompokfive-dev\\pesanWisata-Laravel\\vendor\\laravel\\framework\\src\\Illuminate\\Foundation\\Application.php(1188): Illuminate\\Foundation\\Http\\Kernel->handle(Object(Illuminate\\Http\\Request))
#48 C:\\Users\\andra\\Desktop\\kelompokfive-dev\\pesanWisata-Laravel\\public\\index.php(17): Illuminate\\Foundation\\Application->handleRequest(Object(Illuminate\\Http\\Request))
#49 C:\\Users\\andra\\Desktop\\kelompokfive-dev\\pesanWisata-Laravel\\vendor\\laravel\\framework\\src\\Illuminate\\Foundation\\resources\\server.php(23): require_once('C:\\\\Users\\\\andra\\\\...')
#50 {main}

[previous exception] [object] (PDOException(code: 23000): SQLSTATE[23000]: Integrity constraint violation: 19 NOT NULL constraint failed: users.role at C:\\Users\\andra\\Desktop\\kelompokfive-dev\\pesanWisata-Laravel\\vendor\\laravel\\framework\\src\\Illuminate\\Database\\Connection.php:571)
[stacktrace]
#0 C:\\Users\\andra\\Desktop\\kelompokfive-dev\\pesanWisata-Laravel\\vendor\\laravel\\framework\\src\\Illuminate\\Database\\Connection.php(571): PDOStatement->execute()
#1 C:\\Users\\andra\\Desktop\\kelompokfive-dev\\pesanWisata-Laravel\\vendor\\laravel\\framework\\src\\Illuminate\\Database\\Connection.php(812): Illuminate\\Database\\Connection->Illuminate\\Database\\{closure}('insert into \"us...', Array)
#2 C:\\Users\\andra\\Desktop\\kelompokfive-dev\\pesanWisata-Laravel\\vendor\\laravel\\framework\\src\\Illuminate\\Database\\Connection.php(779): Illuminate\\Database\\Connection->runQueryCallback('insert into \"us...', Array, Object(Closure))
#3 C:\\Users\\andra\\Desktop\\kelompokfive-dev\\pesanWisata-Laravel\\vendor\\laravel\\framework\\src\\Illuminate\\Database\\Connection.php(560): Illuminate\\Database\\Connection->run('insert into \"us...', Array, Object(Closure))
#4 C:\\Users\\andra\\Desktop\\kelompokfive-dev\\pesanWisata-Laravel\\vendor\\laravel\\framework\\src\\Illuminate\\Database\\Connection.php(524): Illuminate\\Database\\Connection->statement('insert into \"us...', Array)
#5 C:\\Users\\andra\\Desktop\\kelompokfive-dev\\pesanWisata-Laravel\\vendor\\laravel\\framework\\src\\Illuminate\\Database\\Query\\Processors\\Processor.php(32): Illuminate\\Database\\Connection->insert('insert into \"us...', Array)
#6 C:\\Users\\andra\\Desktop\\kelompokfive-dev\\pesanWisata-Laravel\\vendor\\laravel\\framework\\src\\Illuminate\\Database\\Query\\Builder.php(3754): Illuminate\\Database\\Query\\Processors\\Processor->processInsertGetId(Object(Illuminate\\Database\\Query\\Builder), 'insert into \"us...', Array, 'id')
#7 C:\\Users\\andra\\Desktop\\kelompokfive-dev\\pesanWisata-Laravel\\vendor\\laravel\\framework\\src\\Illuminate\\Database\\Eloquent\\Builder.php(2038): Illuminate\\Database\\Query\\Builder->insertGetId(Array, 'id')
#8 C:\\Users\\andra\\Desktop\\kelompokfive-dev\\pesanWisata-Laravel\\vendor\\laravel\\framework\\src\\Illuminate\\Database\\Eloquent\\Model.php(1355): Illuminate\\Database\\Eloquent\\Builder->__call('insertGetId', Array)
#9 C:\\Users\\andra\\Desktop\\kelompokfive-dev\\pesanWisata-Laravel\\vendor\\laravel\\framework\\src\\Illuminate\\Database\\Eloquent\\Model.php(1320): Illuminate\\Database\\Eloquent\\Model->insertAndSetId(Object(Illuminate\\Database\\Eloquent\\Builder), Array)
#10 C:\\Users\\andra\\Desktop\\kelompokfive-dev\\pesanWisata-Laravel\\vendor\\laravel\\framework\\src\\Illuminate\\Database\\Eloquent\\Model.php(1159): Illuminate\\Database\\Eloquent\\Model->performInsert(Object(Illuminate\\Database\\Eloquent\\Builder))
#11 C:\\Users\\andra\\Desktop\\kelompokfive-dev\\pesanWisata-Laravel\\vendor\\laravel\\framework\\src\\Illuminate\\Database\\Eloquent\\Builder.php(1079): Illuminate\\Database\\Eloquent\\Model->save()
#12 C:\\Users\\andra\\Desktop\\kelompokfive-dev\\pesanWisata-Laravel\\vendor\\laravel\\framework\\src\\Illuminate\\Support\\helpers.php(380): Illuminate\\Database\\Eloquent\\Builder->Illuminate\\Database\\Eloquent\\{closure}(Object(App\\Models\\User))
#13 C:\\Users\\andra\\Desktop\\kelompokfive-dev\\pesanWisata-Laravel\\vendor\\laravel\\framework\\src\\Illuminate\\Database\\Eloquent\\Builder.php(1078): tap(Object(App\\Models\\User), Object(Closure))
#14 C:\\Users\\andra\\Desktop\\kelompokfive-dev\\pesanWisata-Laravel\\vendor\\laravel\\framework\\src\\Illuminate\\Support\\Traits\\ForwardsCalls.php(23): Illuminate\\Database\\Eloquent\\Builder->create(Array)
#15 C:\\Users\\andra\\Desktop\\kelompokfive-dev\\pesanWisata-Laravel\\vendor\\laravel\\framework\\src\\Illuminate\\Database\\Eloquent\\Model.php(2359): Illuminate\\Database\\Eloquent\\Model->forwardCallTo(Object(Illuminate\\Database\\Eloquent\\Builder), 'create', Array)
#16 C:\\Users\\andra\\Desktop\\kelompokfive-dev\\pesanWisata-Laravel\\vendor\\laravel\\framework\\src\\Illuminate\\Database\\Eloquent\\Model.php(2371): Illuminate\\Database\\Eloquent\\Model->__call('create', Array)
#17 C:\\Users\\andra\\Desktop\\kelompokfive-dev\\pesanWisata-Laravel\\app\\Http\\Controllers\\UserController.php(39): Illuminate\\Database\\Eloquent\\Model::__callStatic('create', Array)
#18 C:\\Users\\andra\\Desktop\\kelompokfive-dev\\pesanWisata-Laravel\\vendor\\laravel\\framework\\src\\Illuminate\\Routing\\ControllerDispatcher.php(46): App\\Http\\Controllers\\UserController->store(Object(Illuminate\\Http\\Request))
#19 C:\\Users\\andra\\Desktop\\kelompokfive-dev\\pesanWisata-Laravel\\vendor\\laravel\\framework\\src\\Illuminate\\Routing\\Route.php(260): Illuminate\\Routing\\ControllerDispatcher->dispatch(Object(Illuminate\\Routing\\Route), Object(App\\Http\\Controllers\\UserController), 'store')
#20 C:\\Users\\andra\\Desktop\\kelompokfive-dev\\pesanWisata-Laravel\\vendor\\laravel\\framework\\src\\Illuminate\\Routing\\Route.php(206): Illuminate\\Routing\\Route->runController()
#21 C:\\Users\\andra\\Desktop\\kelompokfive-dev\\pesanWisata-Laravel\\vendor\\laravel\\framework\\src\\Illuminate\\Routing\\Router.php(808): Illuminate\\Routing\\Route->run()
#22 C:\\Users\\andra\\Desktop\\kelompokfive-dev\\pesanWisata-Laravel\\vendor\\laravel\\framework\\src\\Illuminate\\Pipeline\\Pipeline.php(144): Illuminate\\Routing\\Router->Illuminate\\Routing\\{closure}(Object(Illuminate\\Http\\Request))
#23 C:\\Users\\andra\\Desktop\\kelompokfive-dev\\pesanWisata-Laravel\\vendor\\laravel\\framework\\src\\Illuminate\\Routing\\Middleware\\SubstituteBindings.php(51): Illuminate\\Pipeline\\Pipeline->Illuminate\\Pipeline\\{closure}(Object(Illuminate\\Http\\Request))
#24 C:\\Users\\andra\\Desktop\\kelompokfive-dev\\pesanWisata-Laravel\\vendor\\laravel\\framework\\src\\Illuminate\\Pipeline\\Pipeline.php(183): Illuminate\\Routing\\Middleware\\SubstituteBindings->handle(Object(Illuminate\\Http\\Request), Object(Closure))
#25 C:\\Users\\andra\\Desktop\\kelompokfive-dev\\pesanWisata-Laravel\\vendor\\laravel\\framework\\src\\Illuminate\\Pipeline\\Pipeline.php(119): Illuminate\\Pipeline\\Pipeline->Illuminate\\Pipeline\\{closure}(Object(Illuminate\\Http\\Request))
#26 C:\\Users\\andra\\Desktop\\kelompokfive-dev\\pesanWisata-Laravel\\vendor\\laravel\\framework\\src\\Illuminate\\Routing\\Router.php(807): Illuminate\\Pipeline\\Pipeline->then(Object(Closure))
#27 C:\\Users\\andra\\Desktop\\kelompokfive-dev\\pesanWisata-Laravel\\vendor\\laravel\\framework\\src\\Illuminate\\Routing\\Router.php(786): Illuminate\\Routing\\Router->runRouteWithinStack(Object(Illuminate\\Routing\\Route), Object(Illuminate\\Http\\Request))
#28 C:\\Users\\andra\\Desktop\\kelompokfive-dev\\pesanWisata-Laravel\\vendor\\laravel\\framework\\src\\Illuminate\\Routing\\Router.php(750): Illuminate\\Routing\\Router->runRoute(Object(Illuminate\\Http\\Request), Object(Illuminate\\Routing\\Route))
#29 C:\\Users\\andra\\Desktop\\kelompokfive-dev\\pesanWisata-Laravel\\vendor\\laravel\\framework\\src\\Illuminate\\Routing\\Router.php(739): Illuminate\\Routing\\Router->dispatchToRoute(Object(Illuminate\\Http\\Request))
#30 C:\\Users\\andra\\Desktop\\kelompokfive-dev\\pesanWisata-Laravel\\vendor\\laravel\\framework\\src\\Illuminate\\Foundation\\Http\\Kernel.php(201): Illuminate\\Routing\\Router->dispatch(Object(Illuminate\\Http\\Request))
#31 C:\\Users\\andra\\Desktop\\kelompokfive-dev\\pesanWisata-Laravel\\vendor\\laravel\\framework\\src\\Illuminate\\Pipeline\\Pipeline.php(144): Illuminate\\Foundation\\Http\\Kernel->Illuminate\\Foundation\\Http\\{closure}(Object(Illuminate\\Http\\Request))
#32 C:\\Users\\andra\\Desktop\\kelompokfive-dev\\pesanWisata-Laravel\\vendor\\laravel\\framework\\src\\Illuminate\\Foundation\\Http\\Middleware\\TransformsRequest.php(21): Illuminate\\Pipeline\\Pipeline->Illuminate\\Pipeline\\{closure}(Object(Illuminate\\Http\\Request))
#33 C:\\Users\\andra\\Desktop\\kelompokfive-dev\\pesanWisata-Laravel\\vendor\\laravel\\framework\\src\\Illuminate\\Foundation\\Http\\Middleware\\ConvertEmptyStringsToNull.php(31): Illuminate\\Foundation\\Http\\Middleware\\TransformsRequest->handle(Object(Illuminate\\Http\\Request), Object(Closure))
#34 C:\\Users\\andra\\Desktop\\kelompokfive-dev\\pesanWisata-Laravel\\vendor\\laravel\\framework\\src\\Illuminate\\Pipeline\\Pipeline.php(183): Illuminate\\Foundation\\Http\\Middleware\\ConvertEmptyStringsToNull->handle(Object(Illuminate\\Http\\Request), Object(Closure))
#35 C:\\Users\\andra\\Desktop\\kelompokfive-dev\\pesanWisata-Laravel\\vendor\\laravel\\framework\\src\\Illuminate\\Foundation\\Http\\Middleware\\TransformsRequest.php(21): Illuminate\\Pipeline\\Pipeline->Illuminate\\Pipeline\\{closure}(Object(Illuminate\\Http\\Request))
#36 C:\\Users\\andra\\Desktop\\kelompokfive-dev\\pesanWisata-Laravel\\vendor\\laravel\\framework\\src\\Illuminate\\Foundation\\Http\\Middleware\\TrimStrings.php(51): Illuminate\\Foundation\\Http\\Middleware\\TransformsRequest->handle(Object(Illuminate\\Http\\Request), Object(Closure))
#37 C:\\Users\\andra\\Desktop\\kelompokfive-dev\\pesanWisata-Laravel\\vendor\\laravel\\framework\\src\\Illuminate\\Pipeline\\Pipeline.php(183): Illuminate\\Foundation\\Http\\Middleware\\TrimStrings->handle(Object(Illuminate\\Http\\Request), Object(Closure))
#38 C:\\Users\\andra\\Desktop\\kelompokfive-dev\\pesanWisata-Laravel\\vendor\\laravel\\framework\\src\\Illuminate\\Http\\Middleware\\ValidatePostSize.php(27): Illuminate\\Pipeline\\Pipeline->Illuminate\\Pipeline\\{closure}(Object(Illuminate\\Http\\Request))
#39 C:\\Users\\andra\\Desktop\\kelompokfive-dev\\pesanWisata-Laravel\\vendor\\laravel\\framework\\src\\Illuminate\\Pipeline\\Pipeline.php(183): Illuminate\\Http\\Middleware\\ValidatePostSize->handle(Object(Illuminate\\Http\\Request), Object(Closure))
#40 C:\\Users\\andra\\Desktop\\kelompokfive-dev\\pesanWisata-Laravel\\vendor\\laravel\\framework\\src\\Illuminate\\Foundation\\Http\\Middleware\\PreventRequestsDuringMaintenance.php(110): Illuminate\\Pipeline\\Pipeline->Illuminate\\Pipeline\\{closure}(Object(Illuminate\\Http\\Request))
#41 C:\\Users\\andra\\Desktop\\kelompokfive-dev\\pesanWisata-Laravel\\vendor\\laravel\\framework\\src\\Illuminate\\Pipeline\\Pipeline.php(183): Illuminate\\Foundation\\Http\\Middleware\\PreventRequestsDuringMaintenance->handle(Object(Illuminate\\Http\\Request), Object(Closure))
#42 C:\\Users\\andra\\Desktop\\kelompokfive-dev\\pesanWisata-Laravel\\vendor\\laravel\\framework\\src\\Illuminate\\Http\\Middleware\\HandleCors.php(62): Illuminate\\Pipeline\\Pipeline->Illuminate\\Pipeline\\{closure}(Object(Illuminate\\Http\\Request))
#43 C:\\Users\\andra\\Desktop\\kelompokfive-dev\\pesanWisata-Laravel\\vendor\\laravel\\framework\\src\\Illuminate\\Pipeline\\Pipeline.php(183): Illuminate\\Http\\Middleware\\HandleCors->handle(Object(Illuminate\\Http\\Request), Object(Closure))
#44 C:\\Users\\andra\\Desktop\\kelompokfive-dev\\pesanWisata-Laravel\\vendor\\laravel\\framework\\src\\Illuminate\\Http\\Middleware\\TrustProxies.php(57): Illuminate\\Pipeline\\Pipeline->Illuminate\\Pipeline\\{closure}(Object(Illuminate\\Http\\Request))
#45 C:\\Users\\andra\\Desktop\\kelompokfive-dev\\pesanWisata-Laravel\\vendor\\laravel\\framework\\src\\Illuminate\\Pipeline\\Pipeline.php(183): Illuminate\\Http\\Middleware\\TrustProxies->handle(Object(Illuminate\\Http\\Request), Object(Closure))
#46 C:\\Users\\andra\\Desktop\\kelompokfive-dev\\pesanWisata-Laravel\\vendor\\laravel\\framework\\src\\Illuminate\\Pipeline\\Pipeline.php(119): Illuminate\\Pipeline\\Pipeline->Illuminate\\Pipeline\\{closure}(Object(Illuminate\\Http\\Request))
#47 C:\\Users\\andra\\Desktop\\kelompokfive-dev\\pesanWisata-Laravel\\vendor\\laravel\\framework\\src\\Illuminate\\Foundation\\Http\\Kernel.php(176): Illuminate\\Pipeline\\Pipeline->then(Object(Closure))
#48 C:\\Users\\andra\\Desktop\\kelompokfive-dev\\pesanWisata-Laravel\\vendor\\laravel\\framework\\src\\Illuminate\\Foundation\\Http\\Kernel.php(145): Illuminate\\Foundation\\Http\\Kernel->sendRequestThroughRouter(Object(Illuminate\\Http\\Request))
#49 C:\\Users\\andra\\Desktop\\kelompokfive-dev\\pesanWisata-Laravel\\vendor\\laravel\\framework\\src\\Illuminate\\Foundation\\Application.php(1188): Illuminate\\Foundation\\Http\\Kernel->handle(Object(Illuminate\\Http\\Request))
#50 C:\\Users\\andra\\Desktop\\kelompokfive-dev\\pesanWisata-Laravel\\public\\index.php(17): Illuminate\\Foundation\\Application->handleRequest(Object(Illuminate\\Http\\Request))
#51 C:\\Users\\andra\\Desktop\\kelompokfive-dev\\pesanWisata-Laravel\\vendor\\laravel\\framework\\src\\Illuminate\\Foundation\\resources\\server.php(23): require_once('C:\\\\Users\\\\andra\\\\...')
#52 {main}
"} 
[2024-09-03 02:55:55] local.ERROR: syntax error, unexpected token "}", expecting ";" {"exception":"[object] (ParseError(code: 0): syntax error, unexpected token \"}\", expecting \";\" at C:\\Users\\andra\\Desktop\\kelompokfive-dev\\pesanWisata-Laravel\\app\\Http\\Controllers\\UserController.php:50)
[stacktrace]
#0 C:\\Users\\andra\\Desktop\\kelompokfive-dev\\pesanWisata-Laravel\\vendor\\composer\\ClassLoader.php(427): Composer\\Autoload\\{closure}('C:\\\\Users\\\\andra\\\\...')
#1 [internal function]: Composer\\Autoload\\ClassLoader->loadClass('App\\\\Http\\\\Contro...')
#2 C:\\Users\\andra\\Desktop\\kelompokfive-dev\\pesanWisata-Laravel\\vendor\\laravel\\framework\\src\\Illuminate\\Routing\\Route.php(1097): is_a('App\\\\Http\\\\Contro...', 'Illuminate\\\\Rout...', true)
#3 C:\\Users\\andra\\Desktop\\kelompokfive-dev\\pesanWisata-Laravel\\vendor\\laravel\\framework\\src\\Illuminate\\Routing\\Route.php(1036): Illuminate\\Routing\\Route->controllerMiddleware()
#4 C:\\Users\\andra\\Desktop\\kelompokfive-dev\\pesanWisata-Laravel\\vendor\\laravel\\framework\\src\\Illuminate\\Routing\\Router.php(820): Illuminate\\Routing\\Route->gatherMiddleware()
#5 C:\\Users\\andra\\Desktop\\kelompokfive-dev\\pesanWisata-Laravel\\vendor\\laravel\\framework\\src\\Illuminate\\Routing\\Router.php(802): Illuminate\\Routing\\Router->gatherRouteMiddleware(Object(Illuminate\\Routing\\Route))
#6 C:\\Users\\andra\\Desktop\\kelompokfive-dev\\pesanWisata-Laravel\\vendor\\laravel\\framework\\src\\Illuminate\\Routing\\Router.php(786): Illuminate\\Routing\\Router->runRouteWithinStack(Object(Illuminate\\Routing\\Route), Object(Illuminate\\Http\\Request))
#7 C:\\Users\\andra\\Desktop\\kelompokfive-dev\\pesanWisata-Laravel\\vendor\\laravel\\framework\\src\\Illuminate\\Routing\\Router.php(750): Illuminate\\Routing\\Router->runRoute(Object(Illuminate\\Http\\Request), Object(Illuminate\\Routing\\Route))
#8 C:\\Users\\andra\\Desktop\\kelompokfive-dev\\pesanWisata-Laravel\\vendor\\laravel\\framework\\src\\Illuminate\\Routing\\Router.php(739): Illuminate\\Routing\\Router->dispatchToRoute(Object(Illuminate\\Http\\Request))
#9 C:\\Users\\andra\\Desktop\\kelompokfive-dev\\pesanWisata-Laravel\\vendor\\laravel\\framework\\src\\Illuminate\\Foundation\\Http\\Kernel.php(201): Illuminate\\Routing\\Router->dispatch(Object(Illuminate\\Http\\Request))
#10 C:\\Users\\andra\\Desktop\\kelompokfive-dev\\pesanWisata-Laravel\\vendor\\laravel\\framework\\src\\Illuminate\\Pipeline\\Pipeline.php(144): Illuminate\\Foundation\\Http\\Kernel->Illuminate\\Foundation\\Http\\{closure}(Object(Illuminate\\Http\\Request))
#11 C:\\Users\\andra\\Desktop\\kelompokfive-dev\\pesanWisata-Laravel\\vendor\\laravel\\framework\\src\\Illuminate\\Foundation\\Http\\Middleware\\TransformsRequest.php(21): Illuminate\\Pipeline\\Pipeline->Illuminate\\Pipeline\\{closure}(Object(Illuminate\\Http\\Request))
#12 C:\\Users\\andra\\Desktop\\kelompokfive-dev\\pesanWisata-Laravel\\vendor\\laravel\\framework\\src\\Illuminate\\Foundation\\Http\\Middleware\\ConvertEmptyStringsToNull.php(31): Illuminate\\Foundation\\Http\\Middleware\\TransformsRequest->handle(Object(Illuminate\\Http\\Request), Object(Closure))
#13 C:\\Users\\andra\\Desktop\\kelompokfive-dev\\pesanWisata-Laravel\\vendor\\laravel\\framework\\src\\Illuminate\\Pipeline\\Pipeline.php(183): Illuminate\\Foundation\\Http\\Middleware\\ConvertEmptyStringsToNull->handle(Object(Illuminate\\Http\\Request), Object(Closure))
#14 C:\\Users\\andra\\Desktop\\kelompokfive-dev\\pesanWisata-Laravel\\vendor\\laravel\\framework\\src\\Illuminate\\Foundation\\Http\\Middleware\\TransformsRequest.php(21): Illuminate\\Pipeline\\Pipeline->Illuminate\\Pipeline\\{closure}(Object(Illuminate\\Http\\Request))
#15 C:\\Users\\andra\\Desktop\\kelompokfive-dev\\pesanWisata-Laravel\\vendor\\laravel\\framework\\src\\Illuminate\\Foundation\\Http\\Middleware\\TrimStrings.php(51): Illuminate\\Foundation\\Http\\Middleware\\TransformsRequest->handle(Object(Illuminate\\Http\\Request), Object(Closure))
#16 C:\\Users\\andra\\Desktop\\kelompokfive-dev\\pesanWisata-Laravel\\vendor\\laravel\\framework\\src\\Illuminate\\Pipeline\\Pipeline.php(183): Illuminate\\Foundation\\Http\\Middleware\\TrimStrings->handle(Object(Illuminate\\Http\\Request), Object(Closure))
#17 C:\\Users\\andra\\Desktop\\kelompokfive-dev\\pesanWisata-Laravel\\vendor\\laravel\\framework\\src\\Illuminate\\Http\\Middleware\\ValidatePostSize.php(27): Illuminate\\Pipeline\\Pipeline->Illuminate\\Pipeline\\{closure}(Object(Illuminate\\Http\\Request))
#18 C:\\Users\\andra\\Desktop\\kelompokfive-dev\\pesanWisata-Laravel\\vendor\\laravel\\framework\\src\\Illuminate\\Pipeline\\Pipeline.php(183): Illuminate\\Http\\Middleware\\ValidatePostSize->handle(Object(Illuminate\\Http\\Request), Object(Closure))
#19 C:\\Users\\andra\\Desktop\\kelompokfive-dev\\pesanWisata-Laravel\\vendor\\laravel\\framework\\src\\Illuminate\\Foundation\\Http\\Middleware\\PreventRequestsDuringMaintenance.php(110): Illuminate\\Pipeline\\Pipeline->Illuminate\\Pipeline\\{closure}(Object(Illuminate\\Http\\Request))
#20 C:\\Users\\andra\\Desktop\\kelompokfive-dev\\pesanWisata-Laravel\\vendor\\laravel\\framework\\src\\Illuminate\\Pipeline\\Pipeline.php(183): Illuminate\\Foundation\\Http\\Middleware\\PreventRequestsDuringMaintenance->handle(Object(Illuminate\\Http\\Request), Object(Closure))
#21 C:\\Users\\andra\\Desktop\\kelompokfive-dev\\pesanWisata-Laravel\\vendor\\laravel\\framework\\src\\Illuminate\\Http\\Middleware\\HandleCors.php(62): Illuminate\\Pipeline\\Pipeline->Illuminate\\Pipeline\\{closure}(Object(Illuminate\\Http\\Request))
#22 C:\\Users\\andra\\Desktop\\kelompokfive-dev\\pesanWisata-Laravel\\vendor\\laravel\\framework\\src\\Illuminate\\Pipeline\\Pipeline.php(183): Illuminate\\Http\\Middleware\\HandleCors->handle(Object(Illuminate\\Http\\Request), Object(Closure))
#23 C:\\Users\\andra\\Desktop\\kelompokfive-dev\\pesanWisata-Laravel\\vendor\\laravel\\framework\\src\\Illuminate\\Http\\Middleware\\TrustProxies.php(57): Illuminate\\Pipeline\\Pipeline->Illuminate\\Pipeline\\{closure}(Object(Illuminate\\Http\\Request))
#24 C:\\Users\\andra\\Desktop\\kelompokfive-dev\\pesanWisata-Laravel\\vendor\\laravel\\framework\\src\\Illuminate\\Pipeline\\Pipeline.php(183): Illuminate\\Http\\Middleware\\TrustProxies->handle(Object(Illuminate\\Http\\Request), Object(Closure))
#25 C:\\Users\\andra\\Desktop\\kelompokfive-dev\\pesanWisata-Laravel\\vendor\\laravel\\framework\\src\\Illuminate\\Pipeline\\Pipeline.php(119): Illuminate\\Pipeline\\Pipeline->Illuminate\\Pipeline\\{closure}(Object(Illuminate\\Http\\Request))
#26 C:\\Users\\andra\\Desktop\\kelompokfive-dev\\pesanWisata-Laravel\\vendor\\laravel\\framework\\src\\Illuminate\\Foundation\\Http\\Kernel.php(176): Illuminate\\Pipeline\\Pipeline->then(Object(Closure))
#27 C:\\Users\\andra\\Desktop\\kelompokfive-dev\\pesanWisata-Laravel\\vendor\\laravel\\framework\\src\\Illuminate\\Foundation\\Http\\Kernel.php(145): Illuminate\\Foundation\\Http\\Kernel->sendRequestThroughRouter(Object(Illuminate\\Http\\Request))
#28 C:\\Users\\andra\\Desktop\\kelompokfive-dev\\pesanWisata-Laravel\\vendor\\laravel\\framework\\src\\Illuminate\\Foundation\\Application.php(1188): Illuminate\\Foundation\\Http\\Kernel->handle(Object(Illuminate\\Http\\Request))
#29 C:\\Users\\andra\\Desktop\\kelompokfive-dev\\pesanWisata-Laravel\\public\\index.php(17): Illuminate\\Foundation\\Application->handleRequest(Object(Illuminate\\Http\\Request))
#30 C:\\Users\\andra\\Desktop\\kelompokfive-dev\\pesanWisata-Laravel\\vendor\\laravel\\framework\\src\\Illuminate\\Foundation\\resources\\server.php(23): require_once('C:\\\\Users\\\\andra\\\\...')
#31 {main}
"} 
[2024-09-03 14:17:11] local.ERROR: Call to a member function update() on null {"exception":"[object] (Error(code: 0): Call to a member function update() on null at C:\\Users\\andra\\Desktop\\kelompokfive-dev\\pesanWisata-Laravel\\app\\Http\\Controllers\\UserController.php:78)
[stacktrace]
#0 C:\\Users\\andra\\Desktop\\kelompokfive-dev\\pesanWisata-Laravel\\vendor\\laravel\\framework\\src\\Illuminate\\Routing\\ControllerDispatcher.php(46): App\\Http\\Controllers\\UserController->update(Object(Illuminate\\Http\\Request), '3')
#1 C:\\Users\\andra\\Desktop\\kelompokfive-dev\\pesanWisata-Laravel\\vendor\\laravel\\framework\\src\\Illuminate\\Routing\\Route.php(260): Illuminate\\Routing\\ControllerDispatcher->dispatch(Object(Illuminate\\Routing\\Route), Object(App\\Http\\Controllers\\UserController), 'update')
#2 C:\\Users\\andra\\Desktop\\kelompokfive-dev\\pesanWisata-Laravel\\vendor\\laravel\\framework\\src\\Illuminate\\Routing\\Route.php(206): Illuminate\\Routing\\Route->runController()
#3 C:\\Users\\andra\\Desktop\\kelompokfive-dev\\pesanWisata-Laravel\\vendor\\laravel\\framework\\src\\Illuminate\\Routing\\Router.php(808): Illuminate\\Routing\\Route->run()
#4 C:\\Users\\andra\\Desktop\\kelompokfive-dev\\pesanWisata-Laravel\\vendor\\laravel\\framework\\src\\Illuminate\\Pipeline\\Pipeline.php(144): Illuminate\\Routing\\Router->Illuminate\\Routing\\{closure}(Object(Illuminate\\Http\\Request))
#5 C:\\Users\\andra\\Desktop\\kelompokfive-dev\\pesanWisata-Laravel\\vendor\\laravel\\framework\\src\\Illuminate\\Routing\\Middleware\\SubstituteBindings.php(51): Illuminate\\Pipeline\\Pipeline->Illuminate\\Pipeline\\{closure}(Object(Illuminate\\Http\\Request))
#6 C:\\Users\\andra\\Desktop\\kelompokfive-dev\\pesanWisata-Laravel\\vendor\\laravel\\framework\\src\\Illuminate\\Pipeline\\Pipeline.php(183): Illuminate\\Routing\\Middleware\\SubstituteBindings->handle(Object(Illuminate\\Http\\Request), Object(Closure))
#7 C:\\Users\\andra\\Desktop\\kelompokfive-dev\\pesanWisata-Laravel\\vendor\\laravel\\framework\\src\\Illuminate\\Pipeline\\Pipeline.php(119): Illuminate\\Pipeline\\Pipeline->Illuminate\\Pipeline\\{closure}(Object(Illuminate\\Http\\Request))
#8 C:\\Users\\andra\\Desktop\\kelompokfive-dev\\pesanWisata-Laravel\\vendor\\laravel\\framework\\src\\Illuminate\\Routing\\Router.php(807): Illuminate\\Pipeline\\Pipeline->then(Object(Closure))
#9 C:\\Users\\andra\\Desktop\\kelompokfive-dev\\pesanWisata-Laravel\\vendor\\laravel\\framework\\src\\Illuminate\\Routing\\Router.php(786): Illuminate\\Routing\\Router->runRouteWithinStack(Object(Illuminate\\Routing\\Route), Object(Illuminate\\Http\\Request))
#10 C:\\Users\\andra\\Desktop\\kelompokfive-dev\\pesanWisata-Laravel\\vendor\\laravel\\framework\\src\\Illuminate\\Routing\\Router.php(750): Illuminate\\Routing\\Router->runRoute(Object(Illuminate\\Http\\Request), Object(Illuminate\\Routing\\Route))
#11 C:\\Users\\andra\\Desktop\\kelompokfive-dev\\pesanWisata-Laravel\\vendor\\laravel\\framework\\src\\Illuminate\\Routing\\Router.php(739): Illuminate\\Routing\\Router->dispatchToRoute(Object(Illuminate\\Http\\Request))
#12 C:\\Users\\andra\\Desktop\\kelompokfive-dev\\pesanWisata-Laravel\\vendor\\laravel\\framework\\src\\Illuminate\\Foundation\\Http\\Kernel.php(201): Illuminate\\Routing\\Router->dispatch(Object(Illuminate\\Http\\Request))
#13 C:\\Users\\andra\\Desktop\\kelompokfive-dev\\pesanWisata-Laravel\\vendor\\laravel\\framework\\src\\Illuminate\\Pipeline\\Pipeline.php(144): Illuminate\\Foundation\\Http\\Kernel->Illuminate\\Foundation\\Http\\{closure}(Object(Illuminate\\Http\\Request))
#14 C:\\Users\\andra\\Desktop\\kelompokfive-dev\\pesanWisata-Laravel\\vendor\\laravel\\framework\\src\\Illuminate\\Foundation\\Http\\Middleware\\TransformsRequest.php(21): Illuminate\\Pipeline\\Pipeline->Illuminate\\Pipeline\\{closure}(Object(Illuminate\\Http\\Request))
#15 C:\\Users\\andra\\Desktop\\kelompokfive-dev\\pesanWisata-Laravel\\vendor\\laravel\\framework\\src\\Illuminate\\Foundation\\Http\\Middleware\\ConvertEmptyStringsToNull.php(31): Illuminate\\Foundation\\Http\\Middleware\\TransformsRequest->handle(Object(Illuminate\\Http\\Request), Object(Closure))
#16 C:\\Users\\andra\\Desktop\\kelompokfive-dev\\pesanWisata-Laravel\\vendor\\laravel\\framework\\src\\Illuminate\\Pipeline\\Pipeline.php(183): Illuminate\\Foundation\\Http\\Middleware\\ConvertEmptyStringsToNull->handle(Object(Illuminate\\Http\\Request), Object(Closure))
#17 C:\\Users\\andra\\Desktop\\kelompokfive-dev\\pesanWisata-Laravel\\vendor\\laravel\\framework\\src\\Illuminate\\Foundation\\Http\\Middleware\\TransformsRequest.php(21): Illuminate\\Pipeline\\Pipeline->Illuminate\\Pipeline\\{closure}(Object(Illuminate\\Http\\Request))
#18 C:\\Users\\andra\\Desktop\\kelompokfive-dev\\pesanWisata-Laravel\\vendor\\laravel\\framework\\src\\Illuminate\\Foundation\\Http\\Middleware\\TrimStrings.php(51): Illuminate\\Foundation\\Http\\Middleware\\TransformsRequest->handle(Object(Illuminate\\Http\\Request), Object(Closure))
#19 C:\\Users\\andra\\Desktop\\kelompokfive-dev\\pesanWisata-Laravel\\vendor\\laravel\\framework\\src\\Illuminate\\Pipeline\\Pipeline.php(183): Illuminate\\Foundation\\Http\\Middleware\\TrimStrings->handle(Object(Illuminate\\Http\\Request), Object(Closure))
#20 C:\\Users\\andra\\Desktop\\kelompokfive-dev\\pesanWisata-Laravel\\vendor\\laravel\\framework\\src\\Illuminate\\Http\\Middleware\\ValidatePostSize.php(27): Illuminate\\Pipeline\\Pipeline->Illuminate\\Pipeline\\{closure}(Object(Illuminate\\Http\\Request))
#21 C:\\Users\\andra\\Desktop\\kelompokfive-dev\\pesanWisata-Laravel\\vendor\\laravel\\framework\\src\\Illuminate\\Pipeline\\Pipeline.php(183): Illuminate\\Http\\Middleware\\ValidatePostSize->handle(Object(Illuminate\\Http\\Request), Object(Closure))
#22 C:\\Users\\andra\\Desktop\\kelompokfive-dev\\pesanWisata-Laravel\\vendor\\laravel\\framework\\src\\Illuminate\\Foundation\\Http\\Middleware\\PreventRequestsDuringMaintenance.php(110): Illuminate\\Pipeline\\Pipeline->Illuminate\\Pipeline\\{closure}(Object(Illuminate\\Http\\Request))
#23 C:\\Users\\andra\\Desktop\\kelompokfive-dev\\pesanWisata-Laravel\\vendor\\laravel\\framework\\src\\Illuminate\\Pipeline\\Pipeline.php(183): Illuminate\\Foundation\\Http\\Middleware\\PreventRequestsDuringMaintenance->handle(Object(Illuminate\\Http\\Request), Object(Closure))
#24 C:\\Users\\andra\\Desktop\\kelompokfive-dev\\pesanWisata-Laravel\\vendor\\laravel\\framework\\src\\Illuminate\\Http\\Middleware\\HandleCors.php(62): Illuminate\\Pipeline\\Pipeline->Illuminate\\Pipeline\\{closure}(Object(Illuminate\\Http\\Request))
#25 C:\\Users\\andra\\Desktop\\kelompokfive-dev\\pesanWisata-Laravel\\vendor\\laravel\\framework\\src\\Illuminate\\Pipeline\\Pipeline.php(183): Illuminate\\Http\\Middleware\\HandleCors->handle(Object(Illuminate\\Http\\Request), Object(Closure))
#26 C:\\Users\\andra\\Desktop\\kelompokfive-dev\\pesanWisata-Laravel\\vendor\\laravel\\framework\\src\\Illuminate\\Http\\Middleware\\TrustProxies.php(57): Illuminate\\Pipeline\\Pipeline->Illuminate\\Pipeline\\{closure}(Object(Illuminate\\Http\\Request))
#27 C:\\Users\\andra\\Desktop\\kelompokfive-dev\\pesanWisata-Laravel\\vendor\\laravel\\framework\\src\\Illuminate\\Pipeline\\Pipeline.php(183): Illuminate\\Http\\Middleware\\TrustProxies->handle(Object(Illuminate\\Http\\Request), Object(Closure))
#28 C:\\Users\\andra\\Desktop\\kelompokfive-dev\\pesanWisata-Laravel\\vendor\\laravel\\framework\\src\\Illuminate\\Pipeline\\Pipeline.php(119): Illuminate\\Pipeline\\Pipeline->Illuminate\\Pipeline\\{closure}(Object(Illuminate\\Http\\Request))
#29 C:\\Users\\andra\\Desktop\\kelompokfive-dev\\pesanWisata-Laravel\\vendor\\laravel\\framework\\src\\Illuminate\\Foundation\\Http\\Kernel.php(176): Illuminate\\Pipeline\\Pipeline->then(Object(Closure))
#30 C:\\Users\\andra\\Desktop\\kelompokfive-dev\\pesanWisata-Laravel\\vendor\\laravel\\framework\\src\\Illuminate\\Foundation\\Http\\Kernel.php(145): Illuminate\\Foundation\\Http\\Kernel->sendRequestThroughRouter(Object(Illuminate\\Http\\Request))
#31 C:\\Users\\andra\\Desktop\\kelompokfive-dev\\pesanWisata-Laravel\\vendor\\laravel\\framework\\src\\Illuminate\\Foundation\\Application.php(1188): Illuminate\\Foundation\\Http\\Kernel->handle(Object(Illuminate\\Http\\Request))
#32 C:\\Users\\andra\\Desktop\\kelompokfive-dev\\pesanWisata-Laravel\\public\\index.php(17): Illuminate\\Foundation\\Application->handleRequest(Object(Illuminate\\Http\\Request))
#33 C:\\Users\\andra\\Desktop\\kelompokfive-dev\\pesanWisata-Laravel\\vendor\\laravel\\framework\\src\\Illuminate\\Foundation\\resources\\server.php(23): require_once('C:\\\\Users\\\\andra\\\\...')
#34 {main}
"} 
[2024-09-03 14:21:23] local.ERROR: Call to a member function update() on null {"exception":"[object] (Error(code: 0): Call to a member function update() on null at C:\\Users\\andra\\Desktop\\kelompokfive-dev\\pesanWisata-Laravel\\app\\Http\\Controllers\\UserController.php:85)
[stacktrace]
#0 C:\\Users\\andra\\Desktop\\kelompokfive-dev\\pesanWisata-Laravel\\vendor\\laravel\\framework\\src\\Illuminate\\Routing\\ControllerDispatcher.php(46): App\\Http\\Controllers\\UserController->update(Object(Illuminate\\Http\\Request), '3')
#1 C:\\Users\\andra\\Desktop\\kelompokfive-dev\\pesanWisata-Laravel\\vendor\\laravel\\framework\\src\\Illuminate\\Routing\\Route.php(260): Illuminate\\Routing\\ControllerDispatcher->dispatch(Object(Illuminate\\Routing\\Route), Object(App\\Http\\Controllers\\UserController), 'update')
#2 C:\\Users\\andra\\Desktop\\kelompokfive-dev\\pesanWisata-Laravel\\vendor\\laravel\\framework\\src\\Illuminate\\Routing\\Route.php(206): Illuminate\\Routing\\Route->runController()
#3 C:\\Users\\andra\\Desktop\\kelompokfive-dev\\pesanWisata-Laravel\\vendor\\laravel\\framework\\src\\Illuminate\\Routing\\Router.php(808): Illuminate\\Routing\\Route->run()
#4 C:\\Users\\andra\\Desktop\\kelompokfive-dev\\pesanWisata-Laravel\\vendor\\laravel\\framework\\src\\Illuminate\\Pipeline\\Pipeline.php(144): Illuminate\\Routing\\Router->Illuminate\\Routing\\{closure}(Object(Illuminate\\Http\\Request))
#5 C:\\Users\\andra\\Desktop\\kelompokfive-dev\\pesanWisata-Laravel\\vendor\\laravel\\framework\\src\\Illuminate\\Routing\\Middleware\\SubstituteBindings.php(51): Illuminate\\Pipeline\\Pipeline->Illuminate\\Pipeline\\{closure}(Object(Illuminate\\Http\\Request))
#6 C:\\Users\\andra\\Desktop\\kelompokfive-dev\\pesanWisata-Laravel\\vendor\\laravel\\framework\\src\\Illuminate\\Pipeline\\Pipeline.php(183): Illuminate\\Routing\\Middleware\\SubstituteBindings->handle(Object(Illuminate\\Http\\Request), Object(Closure))
#7 C:\\Users\\andra\\Desktop\\kelompokfive-dev\\pesanWisata-Laravel\\vendor\\laravel\\framework\\src\\Illuminate\\Pipeline\\Pipeline.php(119): Illuminate\\Pipeline\\Pipeline->Illuminate\\Pipeline\\{closure}(Object(Illuminate\\Http\\Request))
#8 C:\\Users\\andra\\Desktop\\kelompokfive-dev\\pesanWisata-Laravel\\vendor\\laravel\\framework\\src\\Illuminate\\Routing\\Router.php(807): Illuminate\\Pipeline\\Pipeline->then(Object(Closure))
#9 C:\\Users\\andra\\Desktop\\kelompokfive-dev\\pesanWisata-Laravel\\vendor\\laravel\\framework\\src\\Illuminate\\Routing\\Router.php(786): Illuminate\\Routing\\Router->runRouteWithinStack(Object(Illuminate\\Routing\\Route), Object(Illuminate\\Http\\Request))
#10 C:\\Users\\andra\\Desktop\\kelompokfive-dev\\pesanWisata-Laravel\\vendor\\laravel\\framework\\src\\Illuminate\\Routing\\Router.php(750): Illuminate\\Routing\\Router->runRoute(Object(Illuminate\\Http\\Request), Object(Illuminate\\Routing\\Route))
#11 C:\\Users\\andra\\Desktop\\kelompokfive-dev\\pesanWisata-Laravel\\vendor\\laravel\\framework\\src\\Illuminate\\Routing\\Router.php(739): Illuminate\\Routing\\Router->dispatchToRoute(Object(Illuminate\\Http\\Request))
#12 C:\\Users\\andra\\Desktop\\kelompokfive-dev\\pesanWisata-Laravel\\vendor\\laravel\\framework\\src\\Illuminate\\Foundation\\Http\\Kernel.php(201): Illuminate\\Routing\\Router->dispatch(Object(Illuminate\\Http\\Request))
#13 C:\\Users\\andra\\Desktop\\kelompokfive-dev\\pesanWisata-Laravel\\vendor\\laravel\\framework\\src\\Illuminate\\Pipeline\\Pipeline.php(144): Illuminate\\Foundation\\Http\\Kernel->Illuminate\\Foundation\\Http\\{closure}(Object(Illuminate\\Http\\Request))
#14 C:\\Users\\andra\\Desktop\\kelompokfive-dev\\pesanWisata-Laravel\\vendor\\laravel\\framework\\src\\Illuminate\\Foundation\\Http\\Middleware\\TransformsRequest.php(21): Illuminate\\Pipeline\\Pipeline->Illuminate\\Pipeline\\{closure}(Object(Illuminate\\Http\\Request))
#15 C:\\Users\\andra\\Desktop\\kelompokfive-dev\\pesanWisata-Laravel\\vendor\\laravel\\framework\\src\\Illuminate\\Foundation\\Http\\Middleware\\ConvertEmptyStringsToNull.php(31): Illuminate\\Foundation\\Http\\Middleware\\TransformsRequest->handle(Object(Illuminate\\Http\\Request), Object(Closure))
#16 C:\\Users\\andra\\Desktop\\kelompokfive-dev\\pesanWisata-Laravel\\vendor\\laravel\\framework\\src\\Illuminate\\Pipeline\\Pipeline.php(183): Illuminate\\Foundation\\Http\\Middleware\\ConvertEmptyStringsToNull->handle(Object(Illuminate\\Http\\Request), Object(Closure))
#17 C:\\Users\\andra\\Desktop\\kelompokfive-dev\\pesanWisata-Laravel\\vendor\\laravel\\framework\\src\\Illuminate\\Foundation\\Http\\Middleware\\TransformsRequest.php(21): Illuminate\\Pipeline\\Pipeline->Illuminate\\Pipeline\\{closure}(Object(Illuminate\\Http\\Request))
#18 C:\\Users\\andra\\Desktop\\kelompokfive-dev\\pesanWisata-Laravel\\vendor\\laravel\\framework\\src\\Illuminate\\Foundation\\Http\\Middleware\\TrimStrings.php(51): Illuminate\\Foundation\\Http\\Middleware\\TransformsRequest->handle(Object(Illuminate\\Http\\Request), Object(Closure))
#19 C:\\Users\\andra\\Desktop\\kelompokfive-dev\\pesanWisata-Laravel\\vendor\\laravel\\framework\\src\\Illuminate\\Pipeline\\Pipeline.php(183): Illuminate\\Foundation\\Http\\Middleware\\TrimStrings->handle(Object(Illuminate\\Http\\Request), Object(Closure))
#20 C:\\Users\\andra\\Desktop\\kelompokfive-dev\\pesanWisata-Laravel\\vendor\\laravel\\framework\\src\\Illuminate\\Http\\Middleware\\ValidatePostSize.php(27): Illuminate\\Pipeline\\Pipeline->Illuminate\\Pipeline\\{closure}(Object(Illuminate\\Http\\Request))
#21 C:\\Users\\andra\\Desktop\\kelompokfive-dev\\pesanWisata-Laravel\\vendor\\laravel\\framework\\src\\Illuminate\\Pipeline\\Pipeline.php(183): Illuminate\\Http\\Middleware\\ValidatePostSize->handle(Object(Illuminate\\Http\\Request), Object(Closure))
#22 C:\\Users\\andra\\Desktop\\kelompokfive-dev\\pesanWisata-Laravel\\vendor\\laravel\\framework\\src\\Illuminate\\Foundation\\Http\\Middleware\\PreventRequestsDuringMaintenance.php(110): Illuminate\\Pipeline\\Pipeline->Illuminate\\Pipeline\\{closure}(Object(Illuminate\\Http\\Request))
#23 C:\\Users\\andra\\Desktop\\kelompokfive-dev\\pesanWisata-Laravel\\vendor\\laravel\\framework\\src\\Illuminate\\Pipeline\\Pipeline.php(183): Illuminate\\Foundation\\Http\\Middleware\\PreventRequestsDuringMaintenance->handle(Object(Illuminate\\Http\\Request), Object(Closure))
#24 C:\\Users\\andra\\Desktop\\kelompokfive-dev\\pesanWisata-Laravel\\vendor\\laravel\\framework\\src\\Illuminate\\Http\\Middleware\\HandleCors.php(62): Illuminate\\Pipeline\\Pipeline->Illuminate\\Pipeline\\{closure}(Object(Illuminate\\Http\\Request))
#25 C:\\Users\\andra\\Desktop\\kelompokfive-dev\\pesanWisata-Laravel\\vendor\\laravel\\framework\\src\\Illuminate\\Pipeline\\Pipeline.php(183): Illuminate\\Http\\Middleware\\HandleCors->handle(Object(Illuminate\\Http\\Request), Object(Closure))
#26 C:\\Users\\andra\\Desktop\\kelompokfive-dev\\pesanWisata-Laravel\\vendor\\laravel\\framework\\src\\Illuminate\\Http\\Middleware\\TrustProxies.php(57): Illuminate\\Pipeline\\Pipeline->Illuminate\\Pipeline\\{closure}(Object(Illuminate\\Http\\Request))
#27 C:\\Users\\andra\\Desktop\\kelompokfive-dev\\pesanWisata-Laravel\\vendor\\laravel\\framework\\src\\Illuminate\\Pipeline\\Pipeline.php(183): Illuminate\\Http\\Middleware\\TrustProxies->handle(Object(Illuminate\\Http\\Request), Object(Closure))
#28 C:\\Users\\andra\\Desktop\\kelompokfive-dev\\pesanWisata-Laravel\\vendor\\laravel\\framework\\src\\Illuminate\\Pipeline\\Pipeline.php(119): Illuminate\\Pipeline\\Pipeline->Illuminate\\Pipeline\\{closure}(Object(Illuminate\\Http\\Request))
#29 C:\\Users\\andra\\Desktop\\kelompokfive-dev\\pesanWisata-Laravel\\vendor\\laravel\\framework\\src\\Illuminate\\Foundation\\Http\\Kernel.php(176): Illuminate\\Pipeline\\Pipeline->then(Object(Closure))
#30 C:\\Users\\andra\\Desktop\\kelompokfive-dev\\pesanWisata-Laravel\\vendor\\laravel\\framework\\src\\Illuminate\\Foundation\\Http\\Kernel.php(145): Illuminate\\Foundation\\Http\\Kernel->sendRequestThroughRouter(Object(Illuminate\\Http\\Request))
#31 C:\\Users\\andra\\Desktop\\kelompokfive-dev\\pesanWisata-Laravel\\vendor\\laravel\\framework\\src\\Illuminate\\Foundation\\Application.php(1188): Illuminate\\Foundation\\Http\\Kernel->handle(Object(Illuminate\\Http\\Request))
#32 C:\\Users\\andra\\Desktop\\kelompokfive-dev\\pesanWisata-Laravel\\public\\index.php(17): Illuminate\\Foundation\\Application->handleRequest(Object(Illuminate\\Http\\Request))
#33 C:\\Users\\andra\\Desktop\\kelompokfive-dev\\pesanWisata-Laravel\\vendor\\laravel\\framework\\src\\Illuminate\\Foundation\\resources\\server.php(23): require_once('C:\\\\Users\\\\andra\\\\...')
#34 {main}
"} 
[2024-09-03 14:33:06] local.ERROR: Call to a member function update() on null {"exception":"[object] (Error(code: 0): Call to a member function update() on null at C:\\Users\\andra\\Desktop\\kelompokfive-dev\\pesanWisata-Laravel\\app\\Http\\Controllers\\UserController.php:72)
[stacktrace]
#0 C:\\Users\\andra\\Desktop\\kelompokfive-dev\\pesanWisata-Laravel\\vendor\\laravel\\framework\\src\\Illuminate\\Routing\\ControllerDispatcher.php(46): App\\Http\\Controllers\\UserController->update(Object(Illuminate\\Http\\Request), '3')
#1 C:\\Users\\andra\\Desktop\\kelompokfive-dev\\pesanWisata-Laravel\\vendor\\laravel\\framework\\src\\Illuminate\\Routing\\Route.php(260): Illuminate\\Routing\\ControllerDispatcher->dispatch(Object(Illuminate\\Routing\\Route), Object(App\\Http\\Controllers\\UserController), 'update')
#2 C:\\Users\\andra\\Desktop\\kelompokfive-dev\\pesanWisata-Laravel\\vendor\\laravel\\framework\\src\\Illuminate\\Routing\\Route.php(206): Illuminate\\Routing\\Route->runController()
#3 C:\\Users\\andra\\Desktop\\kelompokfive-dev\\pesanWisata-Laravel\\vendor\\laravel\\framework\\src\\Illuminate\\Routing\\Router.php(808): Illuminate\\Routing\\Route->run()
#4 C:\\Users\\andra\\Desktop\\kelompokfive-dev\\pesanWisata-Laravel\\vendor\\laravel\\framework\\src\\Illuminate\\Pipeline\\Pipeline.php(144): Illuminate\\Routing\\Router->Illuminate\\Routing\\{closure}(Object(Illuminate\\Http\\Request))
#5 C:\\Users\\andra\\Desktop\\kelompokfive-dev\\pesanWisata-Laravel\\vendor\\laravel\\framework\\src\\Illuminate\\Routing\\Middleware\\SubstituteBindings.php(51): Illuminate\\Pipeline\\Pipeline->Illuminate\\Pipeline\\{closure}(Object(Illuminate\\Http\\Request))
#6 C:\\Users\\andra\\Desktop\\kelompokfive-dev\\pesanWisata-Laravel\\vendor\\laravel\\framework\\src\\Illuminate\\Pipeline\\Pipeline.php(183): Illuminate\\Routing\\Middleware\\SubstituteBindings->handle(Object(Illuminate\\Http\\Request), Object(Closure))
#7 C:\\Users\\andra\\Desktop\\kelompokfive-dev\\pesanWisata-Laravel\\vendor\\laravel\\framework\\src\\Illuminate\\Pipeline\\Pipeline.php(119): Illuminate\\Pipeline\\Pipeline->Illuminate\\Pipeline\\{closure}(Object(Illuminate\\Http\\Request))
#8 C:\\Users\\andra\\Desktop\\kelompokfive-dev\\pesanWisata-Laravel\\vendor\\laravel\\framework\\src\\Illuminate\\Routing\\Router.php(807): Illuminate\\Pipeline\\Pipeline->then(Object(Closure))
#9 C:\\Users\\andra\\Desktop\\kelompokfive-dev\\pesanWisata-Laravel\\vendor\\laravel\\framework\\src\\Illuminate\\Routing\\Router.php(786): Illuminate\\Routing\\Router->runRouteWithinStack(Object(Illuminate\\Routing\\Route), Object(Illuminate\\Http\\Request))
#10 C:\\Users\\andra\\Desktop\\kelompokfive-dev\\pesanWisata-Laravel\\vendor\\laravel\\framework\\src\\Illuminate\\Routing\\Router.php(750): Illuminate\\Routing\\Router->runRoute(Object(Illuminate\\Http\\Request), Object(Illuminate\\Routing\\Route))
#11 C:\\Users\\andra\\Desktop\\kelompokfive-dev\\pesanWisata-Laravel\\vendor\\laravel\\framework\\src\\Illuminate\\Routing\\Router.php(739): Illuminate\\Routing\\Router->dispatchToRoute(Object(Illuminate\\Http\\Request))
#12 C:\\Users\\andra\\Desktop\\kelompokfive-dev\\pesanWisata-Laravel\\vendor\\laravel\\framework\\src\\Illuminate\\Foundation\\Http\\Kernel.php(201): Illuminate\\Routing\\Router->dispatch(Object(Illuminate\\Http\\Request))
#13 C:\\Users\\andra\\Desktop\\kelompokfive-dev\\pesanWisata-Laravel\\vendor\\laravel\\framework\\src\\Illuminate\\Pipeline\\Pipeline.php(144): Illuminate\\Foundation\\Http\\Kernel->Illuminate\\Foundation\\Http\\{closure}(Object(Illuminate\\Http\\Request))
#14 C:\\Users\\andra\\Desktop\\kelompokfive-dev\\pesanWisata-Laravel\\vendor\\laravel\\framework\\src\\Illuminate\\Foundation\\Http\\Middleware\\TransformsRequest.php(21): Illuminate\\Pipeline\\Pipeline->Illuminate\\Pipeline\\{closure}(Object(Illuminate\\Http\\Request))
#15 C:\\Users\\andra\\Desktop\\kelompokfive-dev\\pesanWisata-Laravel\\vendor\\laravel\\framework\\src\\Illuminate\\Foundation\\Http\\Middleware\\ConvertEmptyStringsToNull.php(31): Illuminate\\Foundation\\Http\\Middleware\\TransformsRequest->handle(Object(Illuminate\\Http\\Request), Object(Closure))
#16 C:\\Users\\andra\\Desktop\\kelompokfive-dev\\pesanWisata-Laravel\\vendor\\laravel\\framework\\src\\Illuminate\\Pipeline\\Pipeline.php(183): Illuminate\\Foundation\\Http\\Middleware\\ConvertEmptyStringsToNull->handle(Object(Illuminate\\Http\\Request), Object(Closure))
#17 C:\\Users\\andra\\Desktop\\kelompokfive-dev\\pesanWisata-Laravel\\vendor\\laravel\\framework\\src\\Illuminate\\Foundation\\Http\\Middleware\\TransformsRequest.php(21): Illuminate\\Pipeline\\Pipeline->Illuminate\\Pipeline\\{closure}(Object(Illuminate\\Http\\Request))
#18 C:\\Users\\andra\\Desktop\\kelompokfive-dev\\pesanWisata-Laravel\\vendor\\laravel\\framework\\src\\Illuminate\\Foundation\\Http\\Middleware\\TrimStrings.php(51): Illuminate\\Foundation\\Http\\Middleware\\TransformsRequest->handle(Object(Illuminate\\Http\\Request), Object(Closure))
#19 C:\\Users\\andra\\Desktop\\kelompokfive-dev\\pesanWisata-Laravel\\vendor\\laravel\\framework\\src\\Illuminate\\Pipeline\\Pipeline.php(183): Illuminate\\Foundation\\Http\\Middleware\\TrimStrings->handle(Object(Illuminate\\Http\\Request), Object(Closure))
#20 C:\\Users\\andra\\Desktop\\kelompokfive-dev\\pesanWisata-Laravel\\vendor\\laravel\\framework\\src\\Illuminate\\Http\\Middleware\\ValidatePostSize.php(27): Illuminate\\Pipeline\\Pipeline->Illuminate\\Pipeline\\{closure}(Object(Illuminate\\Http\\Request))
#21 C:\\Users\\andra\\Desktop\\kelompokfive-dev\\pesanWisata-Laravel\\vendor\\laravel\\framework\\src\\Illuminate\\Pipeline\\Pipeline.php(183): Illuminate\\Http\\Middleware\\ValidatePostSize->handle(Object(Illuminate\\Http\\Request), Object(Closure))
#22 C:\\Users\\andra\\Desktop\\kelompokfive-dev\\pesanWisata-Laravel\\vendor\\laravel\\framework\\src\\Illuminate\\Foundation\\Http\\Middleware\\PreventRequestsDuringMaintenance.php(110): Illuminate\\Pipeline\\Pipeline->Illuminate\\Pipeline\\{closure}(Object(Illuminate\\Http\\Request))
#23 C:\\Users\\andra\\Desktop\\kelompokfive-dev\\pesanWisata-Laravel\\vendor\\laravel\\framework\\src\\Illuminate\\Pipeline\\Pipeline.php(183): Illuminate\\Foundation\\Http\\Middleware\\PreventRequestsDuringMaintenance->handle(Object(Illuminate\\Http\\Request), Object(Closure))
#24 C:\\Users\\andra\\Desktop\\kelompokfive-dev\\pesanWisata-Laravel\\vendor\\laravel\\framework\\src\\Illuminate\\Http\\Middleware\\HandleCors.php(62): Illuminate\\Pipeline\\Pipeline->Illuminate\\Pipeline\\{closure}(Object(Illuminate\\Http\\Request))
#25 C:\\Users\\andra\\Desktop\\kelompokfive-dev\\pesanWisata-Laravel\\vendor\\laravel\\framework\\src\\Illuminate\\Pipeline\\Pipeline.php(183): Illuminate\\Http\\Middleware\\HandleCors->handle(Object(Illuminate\\Http\\Request), Object(Closure))
#26 C:\\Users\\andra\\Desktop\\kelompokfive-dev\\pesanWisata-Laravel\\vendor\\laravel\\framework\\src\\Illuminate\\Http\\Middleware\\TrustProxies.php(57): Illuminate\\Pipeline\\Pipeline->Illuminate\\Pipeline\\{closure}(Object(Illuminate\\Http\\Request))
#27 C:\\Users\\andra\\Desktop\\kelompokfive-dev\\pesanWisata-Laravel\\vendor\\laravel\\framework\\src\\Illuminate\\Pipeline\\Pipeline.php(183): Illuminate\\Http\\Middleware\\TrustProxies->handle(Object(Illuminate\\Http\\Request), Object(Closure))
#28 C:\\Users\\andra\\Desktop\\kelompokfive-dev\\pesanWisata-Laravel\\vendor\\laravel\\framework\\src\\Illuminate\\Pipeline\\Pipeline.php(119): Illuminate\\Pipeline\\Pipeline->Illuminate\\Pipeline\\{closure}(Object(Illuminate\\Http\\Request))
#29 C:\\Users\\andra\\Desktop\\kelompokfive-dev\\pesanWisata-Laravel\\vendor\\laravel\\framework\\src\\Illuminate\\Foundation\\Http\\Kernel.php(176): Illuminate\\Pipeline\\Pipeline->then(Object(Closure))
#30 C:\\Users\\andra\\Desktop\\kelompokfive-dev\\pesanWisata-Laravel\\vendor\\laravel\\framework\\src\\Illuminate\\Foundation\\Http\\Kernel.php(145): Illuminate\\Foundation\\Http\\Kernel->sendRequestThroughRouter(Object(Illuminate\\Http\\Request))
#31 C:\\Users\\andra\\Desktop\\kelompokfive-dev\\pesanWisata-Laravel\\vendor\\laravel\\framework\\src\\Illuminate\\Foundation\\Application.php(1188): Illuminate\\Foundation\\Http\\Kernel->handle(Object(Illuminate\\Http\\Request))
#32 C:\\Users\\andra\\Desktop\\kelompokfive-dev\\pesanWisata-Laravel\\public\\index.php(17): Illuminate\\Foundation\\Application->handleRequest(Object(Illuminate\\Http\\Request))
#33 C:\\Users\\andra\\Desktop\\kelompokfive-dev\\pesanWisata-Laravel\\vendor\\laravel\\framework\\src\\Illuminate\\Foundation\\resources\\server.php(23): require_once('C:\\\\Users\\\\andra\\\\...')
#34 {main}
"} 
[2024-09-03 14:39:01] local.ERROR: Call to a member function update() on null {"exception":"[object] (Error(code: 0): Call to a member function update() on null at C:\\Users\\andra\\Desktop\\kelompokfive-dev\\pesanWisata-Laravel\\app\\Http\\Controllers\\UserController.php:73)
[stacktrace]
#0 C:\\Users\\andra\\Desktop\\kelompokfive-dev\\pesanWisata-Laravel\\vendor\\laravel\\framework\\src\\Illuminate\\Routing\\ControllerDispatcher.php(46): App\\Http\\Controllers\\UserController->update(Object(Illuminate\\Http\\Request), '3')
#1 C:\\Users\\andra\\Desktop\\kelompokfive-dev\\pesanWisata-Laravel\\vendor\\laravel\\framework\\src\\Illuminate\\Routing\\Route.php(260): Illuminate\\Routing\\ControllerDispatcher->dispatch(Object(Illuminate\\Routing\\Route), Object(App\\Http\\Controllers\\UserController), 'update')
#2 C:\\Users\\andra\\Desktop\\kelompokfive-dev\\pesanWisata-Laravel\\vendor\\laravel\\framework\\src\\Illuminate\\Routing\\Route.php(206): Illuminate\\Routing\\Route->runController()
#3 C:\\Users\\andra\\Desktop\\kelompokfive-dev\\pesanWisata-Laravel\\vendor\\laravel\\framework\\src\\Illuminate\\Routing\\Router.php(808): Illuminate\\Routing\\Route->run()
#4 C:\\Users\\andra\\Desktop\\kelompokfive-dev\\pesanWisata-Laravel\\vendor\\laravel\\framework\\src\\Illuminate\\Pipeline\\Pipeline.php(144): Illuminate\\Routing\\Router->Illuminate\\Routing\\{closure}(Object(Illuminate\\Http\\Request))
#5 C:\\Users\\andra\\Desktop\\kelompokfive-dev\\pesanWisata-Laravel\\vendor\\laravel\\framework\\src\\Illuminate\\Routing\\Middleware\\SubstituteBindings.php(51): Illuminate\\Pipeline\\Pipeline->Illuminate\\Pipeline\\{closure}(Object(Illuminate\\Http\\Request))
#6 C:\\Users\\andra\\Desktop\\kelompokfive-dev\\pesanWisata-Laravel\\vendor\\laravel\\framework\\src\\Illuminate\\Pipeline\\Pipeline.php(183): Illuminate\\Routing\\Middleware\\SubstituteBindings->handle(Object(Illuminate\\Http\\Request), Object(Closure))
#7 C:\\Users\\andra\\Desktop\\kelompokfive-dev\\pesanWisata-Laravel\\vendor\\laravel\\framework\\src\\Illuminate\\Pipeline\\Pipeline.php(119): Illuminate\\Pipeline\\Pipeline->Illuminate\\Pipeline\\{closure}(Object(Illuminate\\Http\\Request))
#8 C:\\Users\\andra\\Desktop\\kelompokfive-dev\\pesanWisata-Laravel\\vendor\\laravel\\framework\\src\\Illuminate\\Routing\\Router.php(807): Illuminate\\Pipeline\\Pipeline->then(Object(Closure))
#9 C:\\Users\\andra\\Desktop\\kelompokfive-dev\\pesanWisata-Laravel\\vendor\\laravel\\framework\\src\\Illuminate\\Routing\\Router.php(786): Illuminate\\Routing\\Router->runRouteWithinStack(Object(Illuminate\\Routing\\Route), Object(Illuminate\\Http\\Request))
#10 C:\\Users\\andra\\Desktop\\kelompokfive-dev\\pesanWisata-Laravel\\vendor\\laravel\\framework\\src\\Illuminate\\Routing\\Router.php(750): Illuminate\\Routing\\Router->runRoute(Object(Illuminate\\Http\\Request), Object(Illuminate\\Routing\\Route))
#11 C:\\Users\\andra\\Desktop\\kelompokfive-dev\\pesanWisata-Laravel\\vendor\\laravel\\framework\\src\\Illuminate\\Routing\\Router.php(739): Illuminate\\Routing\\Router->dispatchToRoute(Object(Illuminate\\Http\\Request))
#12 C:\\Users\\andra\\Desktop\\kelompokfive-dev\\pesanWisata-Laravel\\vendor\\laravel\\framework\\src\\Illuminate\\Foundation\\Http\\Kernel.php(201): Illuminate\\Routing\\Router->dispatch(Object(Illuminate\\Http\\Request))
#13 C:\\Users\\andra\\Desktop\\kelompokfive-dev\\pesanWisata-Laravel\\vendor\\laravel\\framework\\src\\Illuminate\\Pipeline\\Pipeline.php(144): Illuminate\\Foundation\\Http\\Kernel->Illuminate\\Foundation\\Http\\{closure}(Object(Illuminate\\Http\\Request))
#14 C:\\Users\\andra\\Desktop\\kelompokfive-dev\\pesanWisata-Laravel\\vendor\\laravel\\framework\\src\\Illuminate\\Foundation\\Http\\Middleware\\TransformsRequest.php(21): Illuminate\\Pipeline\\Pipeline->Illuminate\\Pipeline\\{closure}(Object(Illuminate\\Http\\Request))
#15 C:\\Users\\andra\\Desktop\\kelompokfive-dev\\pesanWisata-Laravel\\vendor\\laravel\\framework\\src\\Illuminate\\Foundation\\Http\\Middleware\\ConvertEmptyStringsToNull.php(31): Illuminate\\Foundation\\Http\\Middleware\\TransformsRequest->handle(Object(Illuminate\\Http\\Request), Object(Closure))
#16 C:\\Users\\andra\\Desktop\\kelompokfive-dev\\pesanWisata-Laravel\\vendor\\laravel\\framework\\src\\Illuminate\\Pipeline\\Pipeline.php(183): Illuminate\\Foundation\\Http\\Middleware\\ConvertEmptyStringsToNull->handle(Object(Illuminate\\Http\\Request), Object(Closure))
#17 C:\\Users\\andra\\Desktop\\kelompokfive-dev\\pesanWisata-Laravel\\vendor\\laravel\\framework\\src\\Illuminate\\Foundation\\Http\\Middleware\\TransformsRequest.php(21): Illuminate\\Pipeline\\Pipeline->Illuminate\\Pipeline\\{closure}(Object(Illuminate\\Http\\Request))
#18 C:\\Users\\andra\\Desktop\\kelompokfive-dev\\pesanWisata-Laravel\\vendor\\laravel\\framework\\src\\Illuminate\\Foundation\\Http\\Middleware\\TrimStrings.php(51): Illuminate\\Foundation\\Http\\Middleware\\TransformsRequest->handle(Object(Illuminate\\Http\\Request), Object(Closure))
#19 C:\\Users\\andra\\Desktop\\kelompokfive-dev\\pesanWisata-Laravel\\vendor\\laravel\\framework\\src\\Illuminate\\Pipeline\\Pipeline.php(183): Illuminate\\Foundation\\Http\\Middleware\\TrimStrings->handle(Object(Illuminate\\Http\\Request), Object(Closure))
#20 C:\\Users\\andra\\Desktop\\kelompokfive-dev\\pesanWisata-Laravel\\vendor\\laravel\\framework\\src\\Illuminate\\Http\\Middleware\\ValidatePostSize.php(27): Illuminate\\Pipeline\\Pipeline->Illuminate\\Pipeline\\{closure}(Object(Illuminate\\Http\\Request))
#21 C:\\Users\\andra\\Desktop\\kelompokfive-dev\\pesanWisata-Laravel\\vendor\\laravel\\framework\\src\\Illuminate\\Pipeline\\Pipeline.php(183): Illuminate\\Http\\Middleware\\ValidatePostSize->handle(Object(Illuminate\\Http\\Request), Object(Closure))
#22 C:\\Users\\andra\\Desktop\\kelompokfive-dev\\pesanWisata-Laravel\\vendor\\laravel\\framework\\src\\Illuminate\\Foundation\\Http\\Middleware\\PreventRequestsDuringMaintenance.php(110): Illuminate\\Pipeline\\Pipeline->Illuminate\\Pipeline\\{closure}(Object(Illuminate\\Http\\Request))
#23 C:\\Users\\andra\\Desktop\\kelompokfive-dev\\pesanWisata-Laravel\\vendor\\laravel\\framework\\src\\Illuminate\\Pipeline\\Pipeline.php(183): Illuminate\\Foundation\\Http\\Middleware\\PreventRequestsDuringMaintenance->handle(Object(Illuminate\\Http\\Request), Object(Closure))
#24 C:\\Users\\andra\\Desktop\\kelompokfive-dev\\pesanWisata-Laravel\\vendor\\laravel\\framework\\src\\Illuminate\\Http\\Middleware\\HandleCors.php(62): Illuminate\\Pipeline\\Pipeline->Illuminate\\Pipeline\\{closure}(Object(Illuminate\\Http\\Request))
#25 C:\\Users\\andra\\Desktop\\kelompokfive-dev\\pesanWisata-Laravel\\vendor\\laravel\\framework\\src\\Illuminate\\Pipeline\\Pipeline.php(183): Illuminate\\Http\\Middleware\\HandleCors->handle(Object(Illuminate\\Http\\Request), Object(Closure))
#26 C:\\Users\\andra\\Desktop\\kelompokfive-dev\\pesanWisata-Laravel\\vendor\\laravel\\framework\\src\\Illuminate\\Http\\Middleware\\TrustProxies.php(57): Illuminate\\Pipeline\\Pipeline->Illuminate\\Pipeline\\{closure}(Object(Illuminate\\Http\\Request))
#27 C:\\Users\\andra\\Desktop\\kelompokfive-dev\\pesanWisata-Laravel\\vendor\\laravel\\framework\\src\\Illuminate\\Pipeline\\Pipeline.php(183): Illuminate\\Http\\Middleware\\TrustProxies->handle(Object(Illuminate\\Http\\Request), Object(Closure))
#28 C:\\Users\\andra\\Desktop\\kelompokfive-dev\\pesanWisata-Laravel\\vendor\\laravel\\framework\\src\\Illuminate\\Pipeline\\Pipeline.php(119): Illuminate\\Pipeline\\Pipeline->Illuminate\\Pipeline\\{closure}(Object(Illuminate\\Http\\Request))
#29 C:\\Users\\andra\\Desktop\\kelompokfive-dev\\pesanWisata-Laravel\\vendor\\laravel\\framework\\src\\Illuminate\\Foundation\\Http\\Kernel.php(176): Illuminate\\Pipeline\\Pipeline->then(Object(Closure))
#30 C:\\Users\\andra\\Desktop\\kelompokfive-dev\\pesanWisata-Laravel\\vendor\\laravel\\framework\\src\\Illuminate\\Foundation\\Http\\Kernel.php(145): Illuminate\\Foundation\\Http\\Kernel->sendRequestThroughRouter(Object(Illuminate\\Http\\Request))
#31 C:\\Users\\andra\\Desktop\\kelompokfive-dev\\pesanWisata-Laravel\\vendor\\laravel\\framework\\src\\Illuminate\\Foundation\\Application.php(1188): Illuminate\\Foundation\\Http\\Kernel->handle(Object(Illuminate\\Http\\Request))
#32 C:\\Users\\andra\\Desktop\\kelompokfive-dev\\pesanWisata-Laravel\\public\\index.php(17): Illuminate\\Foundation\\Application->handleRequest(Object(Illuminate\\Http\\Request))
#33 C:\\Users\\andra\\Desktop\\kelompokfive-dev\\pesanWisata-Laravel\\vendor\\laravel\\framework\\src\\Illuminate\\Foundation\\resources\\server.php(23): require_once('C:\\\\Users\\\\andra\\\\...')
#34 {main}
"} 
[2024-09-03 14:59:55] local.ERROR: SQLSTATE[23000]: Integrity constraint violation: 19 CHECK constraint failed: role (Connection: sqlite, SQL: insert into "users" ("name", "email", "password", "role", "updated_at", "created_at") values (Jane Doe, janedoejohn12@gmail.com, $2y$12$mAFfjSiZMwt.x7LCeRKQHu47iv6HkZtuwAZEUHACnP5t6BPofxrCy, Administrator, 2024-09-03 14:59:53, 2024-09-03 14:59:53)) {"exception":"[object] (Illuminate\\Database\\QueryException(code: 23000): SQLSTATE[23000]: Integrity constraint violation: 19 CHECK constraint failed: role (Connection: sqlite, SQL: insert into \"users\" (\"name\", \"email\", \"password\", \"role\", \"updated_at\", \"created_at\") values (Jane Doe, janedoejohn12@gmail.com, $2y$12$mAFfjSiZMwt.x7LCeRKQHu47iv6HkZtuwAZEUHACnP5t6BPofxrCy, Administrator, 2024-09-03 14:59:53, 2024-09-03 14:59:53)) at C:\\Users\\andra\\Desktop\\kelompokfive-dev\\pesanWisata-Laravel\\vendor\\laravel\\framework\\src\\Illuminate\\Database\\Connection.php:825)
[stacktrace]
#0 C:\\Users\\andra\\Desktop\\kelompokfive-dev\\pesanWisata-Laravel\\vendor\\laravel\\framework\\src\\Illuminate\\Database\\Connection.php(779): Illuminate\\Database\\Connection->runQueryCallback('insert into \"us...', Array, Object(Closure))
#1 C:\\Users\\andra\\Desktop\\kelompokfive-dev\\pesanWisata-Laravel\\vendor\\laravel\\framework\\src\\Illuminate\\Database\\Connection.php(560): Illuminate\\Database\\Connection->run('insert into \"us...', Array, Object(Closure))
#2 C:\\Users\\andra\\Desktop\\kelompokfive-dev\\pesanWisata-Laravel\\vendor\\laravel\\framework\\src\\Illuminate\\Database\\Connection.php(524): Illuminate\\Database\\Connection->statement('insert into \"us...', Array)
#3 C:\\Users\\andra\\Desktop\\kelompokfive-dev\\pesanWisata-Laravel\\vendor\\laravel\\framework\\src\\Illuminate\\Database\\Query\\Processors\\Processor.php(32): Illuminate\\Database\\Connection->insert('insert into \"us...', Array)
#4 C:\\Users\\andra\\Desktop\\kelompokfive-dev\\pesanWisata-Laravel\\vendor\\laravel\\framework\\src\\Illuminate\\Database\\Query\\Builder.php(3754): Illuminate\\Database\\Query\\Processors\\Processor->processInsertGetId(Object(Illuminate\\Database\\Query\\Builder), 'insert into \"us...', Array, 'id')
#5 C:\\Users\\andra\\Desktop\\kelompokfive-dev\\pesanWisata-Laravel\\vendor\\laravel\\framework\\src\\Illuminate\\Database\\Eloquent\\Builder.php(2038): Illuminate\\Database\\Query\\Builder->insertGetId(Array, 'id')
#6 C:\\Users\\andra\\Desktop\\kelompokfive-dev\\pesanWisata-Laravel\\vendor\\laravel\\framework\\src\\Illuminate\\Database\\Eloquent\\Model.php(1355): Illuminate\\Database\\Eloquent\\Builder->__call('insertGetId', Array)
#7 C:\\Users\\andra\\Desktop\\kelompokfive-dev\\pesanWisata-Laravel\\vendor\\laravel\\framework\\src\\Illuminate\\Database\\Eloquent\\Model.php(1320): Illuminate\\Database\\Eloquent\\Model->insertAndSetId(Object(Illuminate\\Database\\Eloquent\\Builder), Array)
#8 C:\\Users\\andra\\Desktop\\kelompokfive-dev\\pesanWisata-Laravel\\vendor\\laravel\\framework\\src\\Illuminate\\Database\\Eloquent\\Model.php(1159): Illuminate\\Database\\Eloquent\\Model->performInsert(Object(Illuminate\\Database\\Eloquent\\Builder))
#9 C:\\Users\\andra\\Desktop\\kelompokfive-dev\\pesanWisata-Laravel\\vendor\\laravel\\framework\\src\\Illuminate\\Database\\Eloquent\\Builder.php(1079): Illuminate\\Database\\Eloquent\\Model->save()
#10 C:\\Users\\andra\\Desktop\\kelompokfive-dev\\pesanWisata-Laravel\\vendor\\laravel\\framework\\src\\Illuminate\\Support\\helpers.php(380): Illuminate\\Database\\Eloquent\\Builder->Illuminate\\Database\\Eloquent\\{closure}(Object(App\\Models\\User))
#11 C:\\Users\\andra\\Desktop\\kelompokfive-dev\\pesanWisata-Laravel\\vendor\\laravel\\framework\\src\\Illuminate\\Database\\Eloquent\\Builder.php(1078): tap(Object(App\\Models\\User), Object(Closure))
#12 C:\\Users\\andra\\Desktop\\kelompokfive-dev\\pesanWisata-Laravel\\vendor\\laravel\\framework\\src\\Illuminate\\Support\\Traits\\ForwardsCalls.php(23): Illuminate\\Database\\Eloquent\\Builder->create(Array)
#13 C:\\Users\\andra\\Desktop\\kelompokfive-dev\\pesanWisata-Laravel\\vendor\\laravel\\framework\\src\\Illuminate\\Database\\Eloquent\\Model.php(2359): Illuminate\\Database\\Eloquent\\Model->forwardCallTo(Object(Illuminate\\Database\\Eloquent\\Builder), 'create', Array)
#14 C:\\Users\\andra\\Desktop\\kelompokfive-dev\\pesanWisata-Laravel\\vendor\\laravel\\framework\\src\\Illuminate\\Database\\Eloquent\\Model.php(2371): Illuminate\\Database\\Eloquent\\Model->__call('create', Array)
#15 C:\\Users\\andra\\Desktop\\kelompokfive-dev\\pesanWisata-Laravel\\app\\Http\\Controllers\\UserController.php(40): Illuminate\\Database\\Eloquent\\Model::__callStatic('create', Array)
#16 C:\\Users\\andra\\Desktop\\kelompokfive-dev\\pesanWisata-Laravel\\vendor\\laravel\\framework\\src\\Illuminate\\Routing\\ControllerDispatcher.php(46): App\\Http\\Controllers\\UserController->store(Object(Illuminate\\Http\\Request))
#17 C:\\Users\\andra\\Desktop\\kelompokfive-dev\\pesanWisata-Laravel\\vendor\\laravel\\framework\\src\\Illuminate\\Routing\\Route.php(260): Illuminate\\Routing\\ControllerDispatcher->dispatch(Object(Illuminate\\Routing\\Route), Object(App\\Http\\Controllers\\UserController), 'store')
#18 C:\\Users\\andra\\Desktop\\kelompokfive-dev\\pesanWisata-Laravel\\vendor\\laravel\\framework\\src\\Illuminate\\Routing\\Route.php(206): Illuminate\\Routing\\Route->runController()
#19 C:\\Users\\andra\\Desktop\\kelompokfive-dev\\pesanWisata-Laravel\\vendor\\laravel\\framework\\src\\Illuminate\\Routing\\Router.php(808): Illuminate\\Routing\\Route->run()
#20 C:\\Users\\andra\\Desktop\\kelompokfive-dev\\pesanWisata-Laravel\\vendor\\laravel\\framework\\src\\Illuminate\\Pipeline\\Pipeline.php(144): Illuminate\\Routing\\Router->Illuminate\\Routing\\{closure}(Object(Illuminate\\Http\\Request))
#21 C:\\Users\\andra\\Desktop\\kelompokfive-dev\\pesanWisata-Laravel\\vendor\\laravel\\framework\\src\\Illuminate\\Routing\\Middleware\\SubstituteBindings.php(51): Illuminate\\Pipeline\\Pipeline->Illuminate\\Pipeline\\{closure}(Object(Illuminate\\Http\\Request))
#22 C:\\Users\\andra\\Desktop\\kelompokfive-dev\\pesanWisata-Laravel\\vendor\\laravel\\framework\\src\\Illuminate\\Pipeline\\Pipeline.php(183): Illuminate\\Routing\\Middleware\\SubstituteBindings->handle(Object(Illuminate\\Http\\Request), Object(Closure))
#23 C:\\Users\\andra\\Desktop\\kelompokfive-dev\\pesanWisata-Laravel\\vendor\\laravel\\framework\\src\\Illuminate\\Pipeline\\Pipeline.php(119): Illuminate\\Pipeline\\Pipeline->Illuminate\\Pipeline\\{closure}(Object(Illuminate\\Http\\Request))
#24 C:\\Users\\andra\\Desktop\\kelompokfive-dev\\pesanWisata-Laravel\\vendor\\laravel\\framework\\src\\Illuminate\\Routing\\Router.php(807): Illuminate\\Pipeline\\Pipeline->then(Object(Closure))
#25 C:\\Users\\andra\\Desktop\\kelompokfive-dev\\pesanWisata-Laravel\\vendor\\laravel\\framework\\src\\Illuminate\\Routing\\Router.php(786): Illuminate\\Routing\\Router->runRouteWithinStack(Object(Illuminate\\Routing\\Route), Object(Illuminate\\Http\\Request))
#26 C:\\Users\\andra\\Desktop\\kelompokfive-dev\\pesanWisata-Laravel\\vendor\\laravel\\framework\\src\\Illuminate\\Routing\\Router.php(750): Illuminate\\Routing\\Router->runRoute(Object(Illuminate\\Http\\Request), Object(Illuminate\\Routing\\Route))
#27 C:\\Users\\andra\\Desktop\\kelompokfive-dev\\pesanWisata-Laravel\\vendor\\laravel\\framework\\src\\Illuminate\\Routing\\Router.php(739): Illuminate\\Routing\\Router->dispatchToRoute(Object(Illuminate\\Http\\Request))
#28 C:\\Users\\andra\\Desktop\\kelompokfive-dev\\pesanWisata-Laravel\\vendor\\laravel\\framework\\src\\Illuminate\\Foundation\\Http\\Kernel.php(201): Illuminate\\Routing\\Router->dispatch(Object(Illuminate\\Http\\Request))
#29 C:\\Users\\andra\\Desktop\\kelompokfive-dev\\pesanWisata-Laravel\\vendor\\laravel\\framework\\src\\Illuminate\\Pipeline\\Pipeline.php(144): Illuminate\\Foundation\\Http\\Kernel->Illuminate\\Foundation\\Http\\{closure}(Object(Illuminate\\Http\\Request))
#30 C:\\Users\\andra\\Desktop\\kelompokfive-dev\\pesanWisata-Laravel\\vendor\\laravel\\framework\\src\\Illuminate\\Foundation\\Http\\Middleware\\TransformsRequest.php(21): Illuminate\\Pipeline\\Pipeline->Illuminate\\Pipeline\\{closure}(Object(Illuminate\\Http\\Request))
#31 C:\\Users\\andra\\Desktop\\kelompokfive-dev\\pesanWisata-Laravel\\vendor\\laravel\\framework\\src\\Illuminate\\Foundation\\Http\\Middleware\\ConvertEmptyStringsToNull.php(31): Illuminate\\Foundation\\Http\\Middleware\\TransformsRequest->handle(Object(Illuminate\\Http\\Request), Object(Closure))
#32 C:\\Users\\andra\\Desktop\\kelompokfive-dev\\pesanWisata-Laravel\\vendor\\laravel\\framework\\src\\Illuminate\\Pipeline\\Pipeline.php(183): Illuminate\\Foundation\\Http\\Middleware\\ConvertEmptyStringsToNull->handle(Object(Illuminate\\Http\\Request), Object(Closure))
#33 C:\\Users\\andra\\Desktop\\kelompokfive-dev\\pesanWisata-Laravel\\vendor\\laravel\\framework\\src\\Illuminate\\Foundation\\Http\\Middleware\\TransformsRequest.php(21): Illuminate\\Pipeline\\Pipeline->Illuminate\\Pipeline\\{closure}(Object(Illuminate\\Http\\Request))
#34 C:\\Users\\andra\\Desktop\\kelompokfive-dev\\pesanWisata-Laravel\\vendor\\laravel\\framework\\src\\Illuminate\\Foundation\\Http\\Middleware\\TrimStrings.php(51): Illuminate\\Foundation\\Http\\Middleware\\TransformsRequest->handle(Object(Illuminate\\Http\\Request), Object(Closure))
#35 C:\\Users\\andra\\Desktop\\kelompokfive-dev\\pesanWisata-Laravel\\vendor\\laravel\\framework\\src\\Illuminate\\Pipeline\\Pipeline.php(183): Illuminate\\Foundation\\Http\\Middleware\\TrimStrings->handle(Object(Illuminate\\Http\\Request), Object(Closure))
#36 C:\\Users\\andra\\Desktop\\kelompokfive-dev\\pesanWisata-Laravel\\vendor\\laravel\\framework\\src\\Illuminate\\Http\\Middleware\\ValidatePostSize.php(27): Illuminate\\Pipeline\\Pipeline->Illuminate\\Pipeline\\{closure}(Object(Illuminate\\Http\\Request))
#37 C:\\Users\\andra\\Desktop\\kelompokfive-dev\\pesanWisata-Laravel\\vendor\\laravel\\framework\\src\\Illuminate\\Pipeline\\Pipeline.php(183): Illuminate\\Http\\Middleware\\ValidatePostSize->handle(Object(Illuminate\\Http\\Request), Object(Closure))
#38 C:\\Users\\andra\\Desktop\\kelompokfive-dev\\pesanWisata-Laravel\\vendor\\laravel\\framework\\src\\Illuminate\\Foundation\\Http\\Middleware\\PreventRequestsDuringMaintenance.php(110): Illuminate\\Pipeline\\Pipeline->Illuminate\\Pipeline\\{closure}(Object(Illuminate\\Http\\Request))
#39 C:\\Users\\andra\\Desktop\\kelompokfive-dev\\pesanWisata-Laravel\\vendor\\laravel\\framework\\src\\Illuminate\\Pipeline\\Pipeline.php(183): Illuminate\\Foundation\\Http\\Middleware\\PreventRequestsDuringMaintenance->handle(Object(Illuminate\\Http\\Request), Object(Closure))
#40 C:\\Users\\andra\\Desktop\\kelompokfive-dev\\pesanWisata-Laravel\\vendor\\laravel\\framework\\src\\Illuminate\\Http\\Middleware\\HandleCors.php(62): Illuminate\\Pipeline\\Pipeline->Illuminate\\Pipeline\\{closure}(Object(Illuminate\\Http\\Request))
#41 C:\\Users\\andra\\Desktop\\kelompokfive-dev\\pesanWisata-Laravel\\vendor\\laravel\\framework\\src\\Illuminate\\Pipeline\\Pipeline.php(183): Illuminate\\Http\\Middleware\\HandleCors->handle(Object(Illuminate\\Http\\Request), Object(Closure))
#42 C:\\Users\\andra\\Desktop\\kelompokfive-dev\\pesanWisata-Laravel\\vendor\\laravel\\framework\\src\\Illuminate\\Http\\Middleware\\TrustProxies.php(57): Illuminate\\Pipeline\\Pipeline->Illuminate\\Pipeline\\{closure}(Object(Illuminate\\Http\\Request))
#43 C:\\Users\\andra\\Desktop\\kelompokfive-dev\\pesanWisata-Laravel\\vendor\\laravel\\framework\\src\\Illuminate\\Pipeline\\Pipeline.php(183): Illuminate\\Http\\Middleware\\TrustProxies->handle(Object(Illuminate\\Http\\Request), Object(Closure))
#44 C:\\Users\\andra\\Desktop\\kelompokfive-dev\\pesanWisata-Laravel\\vendor\\laravel\\framework\\src\\Illuminate\\Pipeline\\Pipeline.php(119): Illuminate\\Pipeline\\Pipeline->Illuminate\\Pipeline\\{closure}(Object(Illuminate\\Http\\Request))
#45 C:\\Users\\andra\\Desktop\\kelompokfive-dev\\pesanWisata-Laravel\\vendor\\laravel\\framework\\src\\Illuminate\\Foundation\\Http\\Kernel.php(176): Illuminate\\Pipeline\\Pipeline->then(Object(Closure))
#46 C:\\Users\\andra\\Desktop\\kelompokfive-dev\\pesanWisata-Laravel\\vendor\\laravel\\framework\\src\\Illuminate\\Foundation\\Http\\Kernel.php(145): Illuminate\\Foundation\\Http\\Kernel->sendRequestThroughRouter(Object(Illuminate\\Http\\Request))
#47 C:\\Users\\andra\\Desktop\\kelompokfive-dev\\pesanWisata-Laravel\\vendor\\laravel\\framework\\src\\Illuminate\\Foundation\\Application.php(1188): Illuminate\\Foundation\\Http\\Kernel->handle(Object(Illuminate\\Http\\Request))
#48 C:\\Users\\andra\\Desktop\\kelompokfive-dev\\pesanWisata-Laravel\\public\\index.php(17): Illuminate\\Foundation\\Application->handleRequest(Object(Illuminate\\Http\\Request))
#49 C:\\Users\\andra\\Desktop\\kelompokfive-dev\\pesanWisata-Laravel\\vendor\\laravel\\framework\\src\\Illuminate\\Foundation\\resources\\server.php(23): require_once('C:\\\\Users\\\\andra\\\\...')
#50 {main}

[previous exception] [object] (PDOException(code: 23000): SQLSTATE[23000]: Integrity constraint violation: 19 CHECK constraint failed: role at C:\\Users\\andra\\Desktop\\kelompokfive-dev\\pesanWisata-Laravel\\vendor\\laravel\\framework\\src\\Illuminate\\Database\\Connection.php:571)
[stacktrace]
#0 C:\\Users\\andra\\Desktop\\kelompokfive-dev\\pesanWisata-Laravel\\vendor\\laravel\\framework\\src\\Illuminate\\Database\\Connection.php(571): PDOStatement->execute()
#1 C:\\Users\\andra\\Desktop\\kelompokfive-dev\\pesanWisata-Laravel\\vendor\\laravel\\framework\\src\\Illuminate\\Database\\Connection.php(812): Illuminate\\Database\\Connection->Illuminate\\Database\\{closure}('insert into \"us...', Array)
#2 C:\\Users\\andra\\Desktop\\kelompokfive-dev\\pesanWisata-Laravel\\vendor\\laravel\\framework\\src\\Illuminate\\Database\\Connection.php(779): Illuminate\\Database\\Connection->runQueryCallback('insert into \"us...', Array, Object(Closure))
#3 C:\\Users\\andra\\Desktop\\kelompokfive-dev\\pesanWisata-Laravel\\vendor\\laravel\\framework\\src\\Illuminate\\Database\\Connection.php(560): Illuminate\\Database\\Connection->run('insert into \"us...', Array, Object(Closure))
#4 C:\\Users\\andra\\Desktop\\kelompokfive-dev\\pesanWisata-Laravel\\vendor\\laravel\\framework\\src\\Illuminate\\Database\\Connection.php(524): Illuminate\\Database\\Connection->statement('insert into \"us...', Array)
#5 C:\\Users\\andra\\Desktop\\kelompokfive-dev\\pesanWisata-Laravel\\vendor\\laravel\\framework\\src\\Illuminate\\Database\\Query\\Processors\\Processor.php(32): Illuminate\\Database\\Connection->insert('insert into \"us...', Array)
#6 C:\\Users\\andra\\Desktop\\kelompokfive-dev\\pesanWisata-Laravel\\vendor\\laravel\\framework\\src\\Illuminate\\Database\\Query\\Builder.php(3754): Illuminate\\Database\\Query\\Processors\\Processor->processInsertGetId(Object(Illuminate\\Database\\Query\\Builder), 'insert into \"us...', Array, 'id')
#7 C:\\Users\\andra\\Desktop\\kelompokfive-dev\\pesanWisata-Laravel\\vendor\\laravel\\framework\\src\\Illuminate\\Database\\Eloquent\\Builder.php(2038): Illuminate\\Database\\Query\\Builder->insertGetId(Array, 'id')
#8 C:\\Users\\andra\\Desktop\\kelompokfive-dev\\pesanWisata-Laravel\\vendor\\laravel\\framework\\src\\Illuminate\\Database\\Eloquent\\Model.php(1355): Illuminate\\Database\\Eloquent\\Builder->__call('insertGetId', Array)
#9 C:\\Users\\andra\\Desktop\\kelompokfive-dev\\pesanWisata-Laravel\\vendor\\laravel\\framework\\src\\Illuminate\\Database\\Eloquent\\Model.php(1320): Illuminate\\Database\\Eloquent\\Model->insertAndSetId(Object(Illuminate\\Database\\Eloquent\\Builder), Array)
#10 C:\\Users\\andra\\Desktop\\kelompokfive-dev\\pesanWisata-Laravel\\vendor\\laravel\\framework\\src\\Illuminate\\Database\\Eloquent\\Model.php(1159): Illuminate\\Database\\Eloquent\\Model->performInsert(Object(Illuminate\\Database\\Eloquent\\Builder))
#11 C:\\Users\\andra\\Desktop\\kelompokfive-dev\\pesanWisata-Laravel\\vendor\\laravel\\framework\\src\\Illuminate\\Database\\Eloquent\\Builder.php(1079): Illuminate\\Database\\Eloquent\\Model->save()
#12 C:\\Users\\andra\\Desktop\\kelompokfive-dev\\pesanWisata-Laravel\\vendor\\laravel\\framework\\src\\Illuminate\\Support\\helpers.php(380): Illuminate\\Database\\Eloquent\\Builder->Illuminate\\Database\\Eloquent\\{closure}(Object(App\\Models\\User))
#13 C:\\Users\\andra\\Desktop\\kelompokfive-dev\\pesanWisata-Laravel\\vendor\\laravel\\framework\\src\\Illuminate\\Database\\Eloquent\\Builder.php(1078): tap(Object(App\\Models\\User), Object(Closure))
#14 C:\\Users\\andra\\Desktop\\kelompokfive-dev\\pesanWisata-Laravel\\vendor\\laravel\\framework\\src\\Illuminate\\Support\\Traits\\ForwardsCalls.php(23): Illuminate\\Database\\Eloquent\\Builder->create(Array)
#15 C:\\Users\\andra\\Desktop\\kelompokfive-dev\\pesanWisata-Laravel\\vendor\\laravel\\framework\\src\\Illuminate\\Database\\Eloquent\\Model.php(2359): Illuminate\\Database\\Eloquent\\Model->forwardCallTo(Object(Illuminate\\Database\\Eloquent\\Builder), 'create', Array)
#16 C:\\Users\\andra\\Desktop\\kelompokfive-dev\\pesanWisata-Laravel\\vendor\\laravel\\framework\\src\\Illuminate\\Database\\Eloquent\\Model.php(2371): Illuminate\\Database\\Eloquent\\Model->__call('create', Array)
#17 C:\\Users\\andra\\Desktop\\kelompokfive-dev\\pesanWisata-Laravel\\app\\Http\\Controllers\\UserController.php(40): Illuminate\\Database\\Eloquent\\Model::__callStatic('create', Array)
#18 C:\\Users\\andra\\Desktop\\kelompokfive-dev\\pesanWisata-Laravel\\vendor\\laravel\\framework\\src\\Illuminate\\Routing\\ControllerDispatcher.php(46): App\\Http\\Controllers\\UserController->store(Object(Illuminate\\Http\\Request))
#19 C:\\Users\\andra\\Desktop\\kelompokfive-dev\\pesanWisata-Laravel\\vendor\\laravel\\framework\\src\\Illuminate\\Routing\\Route.php(260): Illuminate\\Routing\\ControllerDispatcher->dispatch(Object(Illuminate\\Routing\\Route), Object(App\\Http\\Controllers\\UserController), 'store')
#20 C:\\Users\\andra\\Desktop\\kelompokfive-dev\\pesanWisata-Laravel\\vendor\\laravel\\framework\\src\\Illuminate\\Routing\\Route.php(206): Illuminate\\Routing\\Route->runController()
#21 C:\\Users\\andra\\Desktop\\kelompokfive-dev\\pesanWisata-Laravel\\vendor\\laravel\\framework\\src\\Illuminate\\Routing\\Router.php(808): Illuminate\\Routing\\Route->run()
#22 C:\\Users\\andra\\Desktop\\kelompokfive-dev\\pesanWisata-Laravel\\vendor\\laravel\\framework\\src\\Illuminate\\Pipeline\\Pipeline.php(144): Illuminate\\Routing\\Router->Illuminate\\Routing\\{closure}(Object(Illuminate\\Http\\Request))
#23 C:\\Users\\andra\\Desktop\\kelompokfive-dev\\pesanWisata-Laravel\\vendor\\laravel\\framework\\src\\Illuminate\\Routing\\Middleware\\SubstituteBindings.php(51): Illuminate\\Pipeline\\Pipeline->Illuminate\\Pipeline\\{closure}(Object(Illuminate\\Http\\Request))
#24 C:\\Users\\andra\\Desktop\\kelompokfive-dev\\pesanWisata-Laravel\\vendor\\laravel\\framework\\src\\Illuminate\\Pipeline\\Pipeline.php(183): Illuminate\\Routing\\Middleware\\SubstituteBindings->handle(Object(Illuminate\\Http\\Request), Object(Closure))
#25 C:\\Users\\andra\\Desktop\\kelompokfive-dev\\pesanWisata-Laravel\\vendor\\laravel\\framework\\src\\Illuminate\\Pipeline\\Pipeline.php(119): Illuminate\\Pipeline\\Pipeline->Illuminate\\Pipeline\\{closure}(Object(Illuminate\\Http\\Request))
#26 C:\\Users\\andra\\Desktop\\kelompokfive-dev\\pesanWisata-Laravel\\vendor\\laravel\\framework\\src\\Illuminate\\Routing\\Router.php(807): Illuminate\\Pipeline\\Pipeline->then(Object(Closure))
#27 C:\\Users\\andra\\Desktop\\kelompokfive-dev\\pesanWisata-Laravel\\vendor\\laravel\\framework\\src\\Illuminate\\Routing\\Router.php(786): Illuminate\\Routing\\Router->runRouteWithinStack(Object(Illuminate\\Routing\\Route), Object(Illuminate\\Http\\Request))
#28 C:\\Users\\andra\\Desktop\\kelompokfive-dev\\pesanWisata-Laravel\\vendor\\laravel\\framework\\src\\Illuminate\\Routing\\Router.php(750): Illuminate\\Routing\\Router->runRoute(Object(Illuminate\\Http\\Request), Object(Illuminate\\Routing\\Route))
#29 C:\\Users\\andra\\Desktop\\kelompokfive-dev\\pesanWisata-Laravel\\vendor\\laravel\\framework\\src\\Illuminate\\Routing\\Router.php(739): Illuminate\\Routing\\Router->dispatchToRoute(Object(Illuminate\\Http\\Request))
#30 C:\\Users\\andra\\Desktop\\kelompokfive-dev\\pesanWisata-Laravel\\vendor\\laravel\\framework\\src\\Illuminate\\Foundation\\Http\\Kernel.php(201): Illuminate\\Routing\\Router->dispatch(Object(Illuminate\\Http\\Request))
#31 C:\\Users\\andra\\Desktop\\kelompokfive-dev\\pesanWisata-Laravel\\vendor\\laravel\\framework\\src\\Illuminate\\Pipeline\\Pipeline.php(144): Illuminate\\Foundation\\Http\\Kernel->Illuminate\\Foundation\\Http\\{closure}(Object(Illuminate\\Http\\Request))
#32 C:\\Users\\andra\\Desktop\\kelompokfive-dev\\pesanWisata-Laravel\\vendor\\laravel\\framework\\src\\Illuminate\\Foundation\\Http\\Middleware\\TransformsRequest.php(21): Illuminate\\Pipeline\\Pipeline->Illuminate\\Pipeline\\{closure}(Object(Illuminate\\Http\\Request))
#33 C:\\Users\\andra\\Desktop\\kelompokfive-dev\\pesanWisata-Laravel\\vendor\\laravel\\framework\\src\\Illuminate\\Foundation\\Http\\Middleware\\ConvertEmptyStringsToNull.php(31): Illuminate\\Foundation\\Http\\Middleware\\TransformsRequest->handle(Object(Illuminate\\Http\\Request), Object(Closure))
#34 C:\\Users\\andra\\Desktop\\kelompokfive-dev\\pesanWisata-Laravel\\vendor\\laravel\\framework\\src\\Illuminate\\Pipeline\\Pipeline.php(183): Illuminate\\Foundation\\Http\\Middleware\\ConvertEmptyStringsToNull->handle(Object(Illuminate\\Http\\Request), Object(Closure))
#35 C:\\Users\\andra\\Desktop\\kelompokfive-dev\\pesanWisata-Laravel\\vendor\\laravel\\framework\\src\\Illuminate\\Foundation\\Http\\Middleware\\TransformsRequest.php(21): Illuminate\\Pipeline\\Pipeline->Illuminate\\Pipeline\\{closure}(Object(Illuminate\\Http\\Request))
#36 C:\\Users\\andra\\Desktop\\kelompokfive-dev\\pesanWisata-Laravel\\vendor\\laravel\\framework\\src\\Illuminate\\Foundation\\Http\\Middleware\\TrimStrings.php(51): Illuminate\\Foundation\\Http\\Middleware\\TransformsRequest->handle(Object(Illuminate\\Http\\Request), Object(Closure))
#37 C:\\Users\\andra\\Desktop\\kelompokfive-dev\\pesanWisata-Laravel\\vendor\\laravel\\framework\\src\\Illuminate\\Pipeline\\Pipeline.php(183): Illuminate\\Foundation\\Http\\Middleware\\TrimStrings->handle(Object(Illuminate\\Http\\Request), Object(Closure))
#38 C:\\Users\\andra\\Desktop\\kelompokfive-dev\\pesanWisata-Laravel\\vendor\\laravel\\framework\\src\\Illuminate\\Http\\Middleware\\ValidatePostSize.php(27): Illuminate\\Pipeline\\Pipeline->Illuminate\\Pipeline\\{closure}(Object(Illuminate\\Http\\Request))
#39 C:\\Users\\andra\\Desktop\\kelompokfive-dev\\pesanWisata-Laravel\\vendor\\laravel\\framework\\src\\Illuminate\\Pipeline\\Pipeline.php(183): Illuminate\\Http\\Middleware\\ValidatePostSize->handle(Object(Illuminate\\Http\\Request), Object(Closure))
#40 C:\\Users\\andra\\Desktop\\kelompokfive-dev\\pesanWisata-Laravel\\vendor\\laravel\\framework\\src\\Illuminate\\Foundation\\Http\\Middleware\\PreventRequestsDuringMaintenance.php(110): Illuminate\\Pipeline\\Pipeline->Illuminate\\Pipeline\\{closure}(Object(Illuminate\\Http\\Request))
#41 C:\\Users\\andra\\Desktop\\kelompokfive-dev\\pesanWisata-Laravel\\vendor\\laravel\\framework\\src\\Illuminate\\Pipeline\\Pipeline.php(183): Illuminate\\Foundation\\Http\\Middleware\\PreventRequestsDuringMaintenance->handle(Object(Illuminate\\Http\\Request), Object(Closure))
#42 C:\\Users\\andra\\Desktop\\kelompokfive-dev\\pesanWisata-Laravel\\vendor\\laravel\\framework\\src\\Illuminate\\Http\\Middleware\\HandleCors.php(62): Illuminate\\Pipeline\\Pipeline->Illuminate\\Pipeline\\{closure}(Object(Illuminate\\Http\\Request))
#43 C:\\Users\\andra\\Desktop\\kelompokfive-dev\\pesanWisata-Laravel\\vendor\\laravel\\framework\\src\\Illuminate\\Pipeline\\Pipeline.php(183): Illuminate\\Http\\Middleware\\HandleCors->handle(Object(Illuminate\\Http\\Request), Object(Closure))
#44 C:\\Users\\andra\\Desktop\\kelompokfive-dev\\pesanWisata-Laravel\\vendor\\laravel\\framework\\src\\Illuminate\\Http\\Middleware\\TrustProxies.php(57): Illuminate\\Pipeline\\Pipeline->Illuminate\\Pipeline\\{closure}(Object(Illuminate\\Http\\Request))
#45 C:\\Users\\andra\\Desktop\\kelompokfive-dev\\pesanWisata-Laravel\\vendor\\laravel\\framework\\src\\Illuminate\\Pipeline\\Pipeline.php(183): Illuminate\\Http\\Middleware\\TrustProxies->handle(Object(Illuminate\\Http\\Request), Object(Closure))
#46 C:\\Users\\andra\\Desktop\\kelompokfive-dev\\pesanWisata-Laravel\\vendor\\laravel\\framework\\src\\Illuminate\\Pipeline\\Pipeline.php(119): Illuminate\\Pipeline\\Pipeline->Illuminate\\Pipeline\\{closure}(Object(Illuminate\\Http\\Request))
#47 C:\\Users\\andra\\Desktop\\kelompokfive-dev\\pesanWisata-Laravel\\vendor\\laravel\\framework\\src\\Illuminate\\Foundation\\Http\\Kernel.php(176): Illuminate\\Pipeline\\Pipeline->then(Object(Closure))
#48 C:\\Users\\andra\\Desktop\\kelompokfive-dev\\pesanWisata-Laravel\\vendor\\laravel\\framework\\src\\Illuminate\\Foundation\\Http\\Kernel.php(145): Illuminate\\Foundation\\Http\\Kernel->sendRequestThroughRouter(Object(Illuminate\\Http\\Request))
#49 C:\\Users\\andra\\Desktop\\kelompokfive-dev\\pesanWisata-Laravel\\vendor\\laravel\\framework\\src\\Illuminate\\Foundation\\Application.php(1188): Illuminate\\Foundation\\Http\\Kernel->handle(Object(Illuminate\\Http\\Request))
#50 C:\\Users\\andra\\Desktop\\kelompokfive-dev\\pesanWisata-Laravel\\public\\index.php(17): Illuminate\\Foundation\\Application->handleRequest(Object(Illuminate\\Http\\Request))
#51 C:\\Users\\andra\\Desktop\\kelompokfive-dev\\pesanWisata-Laravel\\vendor\\laravel\\framework\\src\\Illuminate\\Foundation\\resources\\server.php(23): require_once('C:\\\\Users\\\\andra\\\\...')
#52 {main}
"} 
[2024-09-03 15:09:45] local.ERROR: SQLSTATE[HY000]: General error: 1 table "personal_access_tokens" already exists (Connection: sqlite, SQL: create table "personal_access_tokens" ("id" integer primary key autoincrement not null, "tokenable_type" varchar not null, "tokenable_id" integer not null, "name" varchar not null, "token" varchar not null, "abilities" text, "last_used_at" datetime, "expires_at" datetime, "created_at" datetime, "updated_at" datetime)) {"exception":"[object] (Illuminate\\Database\\QueryException(code: HY000): SQLSTATE[HY000]: General error: 1 table \"personal_access_tokens\" already exists (Connection: sqlite, SQL: create table \"personal_access_tokens\" (\"id\" integer primary key autoincrement not null, \"tokenable_type\" varchar not null, \"tokenable_id\" integer not null, \"name\" varchar not null, \"token\" varchar not null, \"abilities\" text, \"last_used_at\" datetime, \"expires_at\" datetime, \"created_at\" datetime, \"updated_at\" datetime)) at C:\\Users\\andra\\Desktop\\kelompokfive-dev\\pesanWisata-Laravel\\vendor\\laravel\\framework\\src\\Illuminate\\Database\\Connection.php:825)
[stacktrace]
#0 C:\\Users\\andra\\Desktop\\kelompokfive-dev\\pesanWisata-Laravel\\vendor\\laravel\\framework\\src\\Illuminate\\Database\\Connection.php(779): Illuminate\\Database\\Connection->runQueryCallback('create table \"p...', Array, Object(Closure))
#1 C:\\Users\\andra\\Desktop\\kelompokfive-dev\\pesanWisata-Laravel\\vendor\\laravel\\framework\\src\\Illuminate\\Database\\Connection.php(560): Illuminate\\Database\\Connection->run('create table \"p...', Array, Object(Closure))
#2 C:\\Users\\andra\\Desktop\\kelompokfive-dev\\pesanWisata-Laravel\\vendor\\laravel\\framework\\src\\Illuminate\\Database\\Schema\\Blueprint.php(117): Illuminate\\Database\\Connection->statement('create table \"p...')
#3 C:\\Users\\andra\\Desktop\\kelompokfive-dev\\pesanWisata-Laravel\\vendor\\laravel\\framework\\src\\Illuminate\\Database\\Schema\\Builder.php(565): Illuminate\\Database\\Schema\\Blueprint->build(Object(Illuminate\\Database\\SQLiteConnection), Object(Illuminate\\Database\\Schema\\Grammars\\SQLiteGrammar))
#4 C:\\Users\\andra\\Desktop\\kelompokfive-dev\\pesanWisata-Laravel\\vendor\\laravel\\framework\\src\\Illuminate\\Database\\Schema\\Builder.php(419): Illuminate\\Database\\Schema\\Builder->build(Object(Illuminate\\Database\\Schema\\Blueprint))
#5 C:\\Users\\andra\\Desktop\\kelompokfive-dev\\pesanWisata-Laravel\\vendor\\laravel\\framework\\src\\Illuminate\\Support\\Facades\\Facade.php(357): Illuminate\\Database\\Schema\\Builder->create('personal_access...', Object(Closure))
#6 C:\\Users\\andra\\Desktop\\kelompokfive-dev\\pesanWisata-Laravel\\database\\migrations\\2024_09_03_150836_create_personal_access_tokens_table.php(14): Illuminate\\Support\\Facades\\Facade::__callStatic('create', Array)
#7 C:\\Users\\andra\\Desktop\\kelompokfive-dev\\pesanWisata-Laravel\\vendor\\laravel\\framework\\src\\Illuminate\\Database\\Migrations\\Migrator.php(475): Illuminate\\Database\\Migrations\\Migration@anonymous->up()
#8 C:\\Users\\andra\\Desktop\\kelompokfive-dev\\pesanWisata-Laravel\\vendor\\laravel\\framework\\src\\Illuminate\\Database\\Migrations\\Migrator.php(400): Illuminate\\Database\\Migrations\\Migrator->runMethod(Object(Illuminate\\Database\\SQLiteConnection), Object(Illuminate\\Database\\Migrations\\Migration@anonymous), 'up')
#9 C:\\Users\\andra\\Desktop\\kelompokfive-dev\\pesanWisata-Laravel\\vendor\\laravel\\framework\\src\\Illuminate\\Database\\Migrations\\Migrator.php(409): Illuminate\\Database\\Migrations\\Migrator->Illuminate\\Database\\Migrations\\{closure}()
#10 C:\\Users\\andra\\Desktop\\kelompokfive-dev\\pesanWisata-Laravel\\vendor\\laravel\\framework\\src\\Illuminate\\Database\\Migrations\\Migrator.php(212): Illuminate\\Database\\Migrations\\Migrator->runMigration(Object(Illuminate\\Database\\Migrations\\Migration@anonymous), 'up')
#11 C:\\Users\\andra\\Desktop\\kelompokfive-dev\\pesanWisata-Laravel\\vendor\\laravel\\framework\\src\\Illuminate\\Console\\View\\Components\\Task.php(40): Illuminate\\Database\\Migrations\\Migrator->Illuminate\\Database\\Migrations\\{closure}()
#12 C:\\Users\\andra\\Desktop\\kelompokfive-dev\\pesanWisata-Laravel\\vendor\\laravel\\framework\\src\\Illuminate\\Database\\Migrations\\Migrator.php(736): Illuminate\\Console\\View\\Components\\Task->render('2024_09_03_1508...', Object(Closure))
#13 C:\\Users\\andra\\Desktop\\kelompokfive-dev\\pesanWisata-Laravel\\vendor\\laravel\\framework\\src\\Illuminate\\Database\\Migrations\\Migrator.php(212): Illuminate\\Database\\Migrations\\Migrator->write('Illuminate\\\\Cons...', '2024_09_03_1508...', Object(Closure))
#14 C:\\Users\\andra\\Desktop\\kelompokfive-dev\\pesanWisata-Laravel\\vendor\\laravel\\framework\\src\\Illuminate\\Database\\Migrations\\Migrator.php(179): Illuminate\\Database\\Migrations\\Migrator->runUp('C:\\\\Users\\\\andra\\\\...', 2, false)
#15 C:\\Users\\andra\\Desktop\\kelompokfive-dev\\pesanWisata-Laravel\\vendor\\laravel\\framework\\src\\Illuminate\\Database\\Migrations\\Migrator.php(122): Illuminate\\Database\\Migrations\\Migrator->runPending(Array, Array)
#16 C:\\Users\\andra\\Desktop\\kelompokfive-dev\\pesanWisata-Laravel\\vendor\\laravel\\framework\\src\\Illuminate\\Database\\Console\\Migrations\\MigrateCommand.php(116): Illuminate\\Database\\Migrations\\Migrator->run(Array, Array)
#17 C:\\Users\\andra\\Desktop\\kelompokfive-dev\\pesanWisata-Laravel\\vendor\\laravel\\framework\\src\\Illuminate\\Database\\Migrations\\Migrator.php(615): Illuminate\\Database\\Console\\Migrations\\MigrateCommand->Illuminate\\Database\\Console\\Migrations\\{closure}()
#18 C:\\Users\\andra\\Desktop\\kelompokfive-dev\\pesanWisata-Laravel\\vendor\\laravel\\framework\\src\\Illuminate\\Database\\Console\\Migrations\\MigrateCommand.php(109): Illuminate\\Database\\Migrations\\Migrator->usingConnection(NULL, Object(Closure))
#19 C:\\Users\\andra\\Desktop\\kelompokfive-dev\\pesanWisata-Laravel\\vendor\\laravel\\framework\\src\\Illuminate\\Database\\Console\\Migrations\\MigrateCommand.php(88): Illuminate\\Database\\Console\\Migrations\\MigrateCommand->runMigrations()
#20 C:\\Users\\andra\\Desktop\\kelompokfive-dev\\pesanWisata-Laravel\\vendor\\laravel\\framework\\src\\Illuminate\\Container\\BoundMethod.php(36): Illuminate\\Database\\Console\\Migrations\\MigrateCommand->handle()
#21 C:\\Users\\andra\\Desktop\\kelompokfive-dev\\pesanWisata-Laravel\\vendor\\laravel\\framework\\src\\Illuminate\\Container\\Util.php(43): Illuminate\\Container\\BoundMethod::Illuminate\\Container\\{closure}()
#22 C:\\Users\\andra\\Desktop\\kelompokfive-dev\\pesanWisata-Laravel\\vendor\\laravel\\framework\\src\\Illuminate\\Container\\BoundMethod.php(95): Illuminate\\Container\\Util::unwrapIfClosure(Object(Closure))
#23 C:\\Users\\andra\\Desktop\\kelompokfive-dev\\pesanWisata-Laravel\\vendor\\laravel\\framework\\src\\Illuminate\\Container\\BoundMethod.php(35): Illuminate\\Container\\BoundMethod::callBoundMethod(Object(Illuminate\\Foundation\\Application), Array, Object(Closure))
#24 C:\\Users\\andra\\Desktop\\kelompokfive-dev\\pesanWisata-Laravel\\vendor\\laravel\\framework\\src\\Illuminate\\Container\\Container.php(690): Illuminate\\Container\\BoundMethod::call(Object(Illuminate\\Foundation\\Application), Array, Array, NULL)
#25 C:\\Users\\andra\\Desktop\\kelompokfive-dev\\pesanWisata-Laravel\\vendor\\laravel\\framework\\src\\Illuminate\\Console\\Command.php(213): Illuminate\\Container\\Container->call(Array)
#26 C:\\Users\\andra\\Desktop\\kelompokfive-dev\\pesanWisata-Laravel\\vendor\\symfony\\console\\Command\\Command.php(279): Illuminate\\Console\\Command->execute(Object(Symfony\\Component\\Console\\Input\\ArrayInput), Object(Illuminate\\Console\\OutputStyle))
#27 C:\\Users\\andra\\Desktop\\kelompokfive-dev\\pesanWisata-Laravel\\vendor\\laravel\\framework\\src\\Illuminate\\Console\\Command.php(182): Symfony\\Component\\Console\\Command\\Command->run(Object(Symfony\\Component\\Console\\Input\\ArrayInput), Object(Illuminate\\Console\\OutputStyle))
#28 C:\\Users\\andra\\Desktop\\kelompokfive-dev\\pesanWisata-Laravel\\vendor\\laravel\\framework\\src\\Illuminate\\Console\\Concerns\\CallsCommands.php(67): Illuminate\\Console\\Command->run(Object(Symfony\\Component\\Console\\Input\\ArrayInput), Object(Illuminate\\Console\\OutputStyle))
#29 C:\\Users\\andra\\Desktop\\kelompokfive-dev\\pesanWisata-Laravel\\vendor\\laravel\\framework\\src\\Illuminate\\Console\\Concerns\\CallsCommands.php(28): Illuminate\\Console\\Command->runCommand('migrate', Array, Object(Illuminate\\Console\\OutputStyle))
#30 C:\\Users\\andra\\Desktop\\kelompokfive-dev\\pesanWisata-Laravel\\vendor\\laravel\\framework\\src\\Illuminate\\Foundation\\Console\\ApiInstallCommand.php(78): Illuminate\\Console\\Command->call('migrate')
#31 C:\\Users\\andra\\Desktop\\kelompokfive-dev\\pesanWisata-Laravel\\vendor\\laravel\\framework\\src\\Illuminate\\Container\\BoundMethod.php(36): Illuminate\\Foundation\\Console\\ApiInstallCommand->handle()
#32 C:\\Users\\andra\\Desktop\\kelompokfive-dev\\pesanWisata-Laravel\\vendor\\laravel\\framework\\src\\Illuminate\\Container\\Util.php(43): Illuminate\\Container\\BoundMethod::Illuminate\\Container\\{closure}()
#33 C:\\Users\\andra\\Desktop\\kelompokfive-dev\\pesanWisata-Laravel\\vendor\\laravel\\framework\\src\\Illuminate\\Container\\BoundMethod.php(95): Illuminate\\Container\\Util::unwrapIfClosure(Object(Closure))
#34 C:\\Users\\andra\\Desktop\\kelompokfive-dev\\pesanWisata-Laravel\\vendor\\laravel\\framework\\src\\Illuminate\\Container\\BoundMethod.php(35): Illuminate\\Container\\BoundMethod::callBoundMethod(Object(Illuminate\\Foundation\\Application), Array, Object(Closure))
#35 C:\\Users\\andra\\Desktop\\kelompokfive-dev\\pesanWisata-Laravel\\vendor\\laravel\\framework\\src\\Illuminate\\Container\\Container.php(690): Illuminate\\Container\\BoundMethod::call(Object(Illuminate\\Foundation\\Application), Array, Array, NULL)
#36 C:\\Users\\andra\\Desktop\\kelompokfive-dev\\pesanWisata-Laravel\\vendor\\laravel\\framework\\src\\Illuminate\\Console\\Command.php(213): Illuminate\\Container\\Container->call(Array)
#37 C:\\Users\\andra\\Desktop\\kelompokfive-dev\\pesanWisata-Laravel\\vendor\\symfony\\console\\Command\\Command.php(279): Illuminate\\Console\\Command->execute(Object(Symfony\\Component\\Console\\Input\\ArgvInput), Object(Illuminate\\Console\\OutputStyle))
#38 C:\\Users\\andra\\Desktop\\kelompokfive-dev\\pesanWisata-Laravel\\vendor\\laravel\\framework\\src\\Illuminate\\Console\\Command.php(182): Symfony\\Component\\Console\\Command\\Command->run(Object(Symfony\\Component\\Console\\Input\\ArgvInput), Object(Illuminate\\Console\\OutputStyle))
#39 C:\\Users\\andra\\Desktop\\kelompokfive-dev\\pesanWisata-Laravel\\vendor\\symfony\\console\\Application.php(1047): Illuminate\\Console\\Command->run(Object(Symfony\\Component\\Console\\Input\\ArgvInput), Object(Symfony\\Component\\Console\\Output\\ConsoleOutput))
#40 C:\\Users\\andra\\Desktop\\kelompokfive-dev\\pesanWisata-Laravel\\vendor\\symfony\\console\\Application.php(316): Symfony\\Component\\Console\\Application->doRunCommand(Object(Illuminate\\Foundation\\Console\\ApiInstallCommand), Object(Symfony\\Component\\Console\\Input\\ArgvInput), Object(Symfony\\Component\\Console\\Output\\ConsoleOutput))
#41 C:\\Users\\andra\\Desktop\\kelompokfive-dev\\pesanWisata-Laravel\\vendor\\symfony\\console\\Application.php(167): Symfony\\Component\\Console\\Application->doRun(Object(Symfony\\Component\\Console\\Input\\ArgvInput), Object(Symfony\\Component\\Console\\Output\\ConsoleOutput))
#42 C:\\Users\\andra\\Desktop\\kelompokfive-dev\\pesanWisata-Laravel\\vendor\\laravel\\framework\\src\\Illuminate\\Foundation\\Console\\Kernel.php(197): Symfony\\Component\\Console\\Application->run(Object(Symfony\\Component\\Console\\Input\\ArgvInput), Object(Symfony\\Component\\Console\\Output\\ConsoleOutput))
#43 C:\\Users\\andra\\Desktop\\kelompokfive-dev\\pesanWisata-Laravel\\vendor\\laravel\\framework\\src\\Illuminate\\Foundation\\Application.php(1203): Illuminate\\Foundation\\Console\\Kernel->handle(Object(Symfony\\Component\\Console\\Input\\ArgvInput), Object(Symfony\\Component\\Console\\Output\\ConsoleOutput))
#44 C:\\Users\\andra\\Desktop\\kelompokfive-dev\\pesanWisata-Laravel\\artisan(13): Illuminate\\Foundation\\Application->handleCommand(Object(Symfony\\Component\\Console\\Input\\ArgvInput))
#45 {main}

[previous exception] [object] (PDOException(code: HY000): SQLSTATE[HY000]: General error: 1 table \"personal_access_tokens\" already exists at C:\\Users\\andra\\Desktop\\kelompokfive-dev\\pesanWisata-Laravel\\vendor\\laravel\\framework\\src\\Illuminate\\Database\\Connection.php:565)
[stacktrace]
#0 C:\\Users\\andra\\Desktop\\kelompokfive-dev\\pesanWisata-Laravel\\vendor\\laravel\\framework\\src\\Illuminate\\Database\\Connection.php(565): PDO->prepare('create table \"p...')
#1 C:\\Users\\andra\\Desktop\\kelompokfive-dev\\pesanWisata-Laravel\\vendor\\laravel\\framework\\src\\Illuminate\\Database\\Connection.php(812): Illuminate\\Database\\Connection->Illuminate\\Database\\{closure}('create table \"p...', Array)
#2 C:\\Users\\andra\\Desktop\\kelompokfive-dev\\pesanWisata-Laravel\\vendor\\laravel\\framework\\src\\Illuminate\\Database\\Connection.php(779): Illuminate\\Database\\Connection->runQueryCallback('create table \"p...', Array, Object(Closure))
#3 C:\\Users\\andra\\Desktop\\kelompokfive-dev\\pesanWisata-Laravel\\vendor\\laravel\\framework\\src\\Illuminate\\Database\\Connection.php(560): Illuminate\\Database\\Connection->run('create table \"p...', Array, Object(Closure))
#4 C:\\Users\\andra\\Desktop\\kelompokfive-dev\\pesanWisata-Laravel\\vendor\\laravel\\framework\\src\\Illuminate\\Database\\Schema\\Blueprint.php(117): Illuminate\\Database\\Connection->statement('create table \"p...')
#5 C:\\Users\\andra\\Desktop\\kelompokfive-dev\\pesanWisata-Laravel\\vendor\\laravel\\framework\\src\\Illuminate\\Database\\Schema\\Builder.php(565): Illuminate\\Database\\Schema\\Blueprint->build(Object(Illuminate\\Database\\SQLiteConnection), Object(Illuminate\\Database\\Schema\\Grammars\\SQLiteGrammar))
#6 C:\\Users\\andra\\Desktop\\kelompokfive-dev\\pesanWisata-Laravel\\vendor\\laravel\\framework\\src\\Illuminate\\Database\\Schema\\Builder.php(419): Illuminate\\Database\\Schema\\Builder->build(Object(Illuminate\\Database\\Schema\\Blueprint))
#7 C:\\Users\\andra\\Desktop\\kelompokfive-dev\\pesanWisata-Laravel\\vendor\\laravel\\framework\\src\\Illuminate\\Support\\Facades\\Facade.php(357): Illuminate\\Database\\Schema\\Builder->create('personal_access...', Object(Closure))
#8 C:\\Users\\andra\\Desktop\\kelompokfive-dev\\pesanWisata-Laravel\\database\\migrations\\2024_09_03_150836_create_personal_access_tokens_table.php(14): Illuminate\\Support\\Facades\\Facade::__callStatic('create', Array)
#9 C:\\Users\\andra\\Desktop\\kelompokfive-dev\\pesanWisata-Laravel\\vendor\\laravel\\framework\\src\\Illuminate\\Database\\Migrations\\Migrator.php(475): Illuminate\\Database\\Migrations\\Migration@anonymous->up()
#10 C:\\Users\\andra\\Desktop\\kelompokfive-dev\\pesanWisata-Laravel\\vendor\\laravel\\framework\\src\\Illuminate\\Database\\Migrations\\Migrator.php(400): Illuminate\\Database\\Migrations\\Migrator->runMethod(Object(Illuminate\\Database\\SQLiteConnection), Object(Illuminate\\Database\\Migrations\\Migration@anonymous), 'up')
#11 C:\\Users\\andra\\Desktop\\kelompokfive-dev\\pesanWisata-Laravel\\vendor\\laravel\\framework\\src\\Illuminate\\Database\\Migrations\\Migrator.php(409): Illuminate\\Database\\Migrations\\Migrator->Illuminate\\Database\\Migrations\\{closure}()
#12 C:\\Users\\andra\\Desktop\\kelompokfive-dev\\pesanWisata-Laravel\\vendor\\laravel\\framework\\src\\Illuminate\\Database\\Migrations\\Migrator.php(212): Illuminate\\Database\\Migrations\\Migrator->runMigration(Object(Illuminate\\Database\\Migrations\\Migration@anonymous), 'up')
#13 C:\\Users\\andra\\Desktop\\kelompokfive-dev\\pesanWisata-Laravel\\vendor\\laravel\\framework\\src\\Illuminate\\Console\\View\\Components\\Task.php(40): Illuminate\\Database\\Migrations\\Migrator->Illuminate\\Database\\Migrations\\{closure}()
#14 C:\\Users\\andra\\Desktop\\kelompokfive-dev\\pesanWisata-Laravel\\vendor\\laravel\\framework\\src\\Illuminate\\Database\\Migrations\\Migrator.php(736): Illuminate\\Console\\View\\Components\\Task->render('2024_09_03_1508...', Object(Closure))
#15 C:\\Users\\andra\\Desktop\\kelompokfive-dev\\pesanWisata-Laravel\\vendor\\laravel\\framework\\src\\Illuminate\\Database\\Migrations\\Migrator.php(212): Illuminate\\Database\\Migrations\\Migrator->write('Illuminate\\\\Cons...', '2024_09_03_1508...', Object(Closure))
#16 C:\\Users\\andra\\Desktop\\kelompokfive-dev\\pesanWisata-Laravel\\vendor\\laravel\\framework\\src\\Illuminate\\Database\\Migrations\\Migrator.php(179): Illuminate\\Database\\Migrations\\Migrator->runUp('C:\\\\Users\\\\andra\\\\...', 2, false)
#17 C:\\Users\\andra\\Desktop\\kelompokfive-dev\\pesanWisata-Laravel\\vendor\\laravel\\framework\\src\\Illuminate\\Database\\Migrations\\Migrator.php(122): Illuminate\\Database\\Migrations\\Migrator->runPending(Array, Array)
#18 C:\\Users\\andra\\Desktop\\kelompokfive-dev\\pesanWisata-Laravel\\vendor\\laravel\\framework\\src\\Illuminate\\Database\\Console\\Migrations\\MigrateCommand.php(116): Illuminate\\Database\\Migrations\\Migrator->run(Array, Array)
#19 C:\\Users\\andra\\Desktop\\kelompokfive-dev\\pesanWisata-Laravel\\vendor\\laravel\\framework\\src\\Illuminate\\Database\\Migrations\\Migrator.php(615): Illuminate\\Database\\Console\\Migrations\\MigrateCommand->Illuminate\\Database\\Console\\Migrations\\{closure}()
#20 C:\\Users\\andra\\Desktop\\kelompokfive-dev\\pesanWisata-Laravel\\vendor\\laravel\\framework\\src\\Illuminate\\Database\\Console\\Migrations\\MigrateCommand.php(109): Illuminate\\Database\\Migrations\\Migrator->usingConnection(NULL, Object(Closure))
#21 C:\\Users\\andra\\Desktop\\kelompokfive-dev\\pesanWisata-Laravel\\vendor\\laravel\\framework\\src\\Illuminate\\Database\\Console\\Migrations\\MigrateCommand.php(88): Illuminate\\Database\\Console\\Migrations\\MigrateCommand->runMigrations()
#22 C:\\Users\\andra\\Desktop\\kelompokfive-dev\\pesanWisata-Laravel\\vendor\\laravel\\framework\\src\\Illuminate\\Container\\BoundMethod.php(36): Illuminate\\Database\\Console\\Migrations\\MigrateCommand->handle()
#23 C:\\Users\\andra\\Desktop\\kelompokfive-dev\\pesanWisata-Laravel\\vendor\\laravel\\framework\\src\\Illuminate\\Container\\Util.php(43): Illuminate\\Container\\BoundMethod::Illuminate\\Container\\{closure}()
#24 C:\\Users\\andra\\Desktop\\kelompokfive-dev\\pesanWisata-Laravel\\vendor\\laravel\\framework\\src\\Illuminate\\Container\\BoundMethod.php(95): Illuminate\\Container\\Util::unwrapIfClosure(Object(Closure))
#25 C:\\Users\\andra\\Desktop\\kelompokfive-dev\\pesanWisata-Laravel\\vendor\\laravel\\framework\\src\\Illuminate\\Container\\BoundMethod.php(35): Illuminate\\Container\\BoundMethod::callBoundMethod(Object(Illuminate\\Foundation\\Application), Array, Object(Closure))
#26 C:\\Users\\andra\\Desktop\\kelompokfive-dev\\pesanWisata-Laravel\\vendor\\laravel\\framework\\src\\Illuminate\\Container\\Container.php(690): Illuminate\\Container\\BoundMethod::call(Object(Illuminate\\Foundation\\Application), Array, Array, NULL)
#27 C:\\Users\\andra\\Desktop\\kelompokfive-dev\\pesanWisata-Laravel\\vendor\\laravel\\framework\\src\\Illuminate\\Console\\Command.php(213): Illuminate\\Container\\Container->call(Array)
#28 C:\\Users\\andra\\Desktop\\kelompokfive-dev\\pesanWisata-Laravel\\vendor\\symfony\\console\\Command\\Command.php(279): Illuminate\\Console\\Command->execute(Object(Symfony\\Component\\Console\\Input\\ArrayInput), Object(Illuminate\\Console\\OutputStyle))
#29 C:\\Users\\andra\\Desktop\\kelompokfive-dev\\pesanWisata-Laravel\\vendor\\laravel\\framework\\src\\Illuminate\\Console\\Command.php(182): Symfony\\Component\\Console\\Command\\Command->run(Object(Symfony\\Component\\Console\\Input\\ArrayInput), Object(Illuminate\\Console\\OutputStyle))
#30 C:\\Users\\andra\\Desktop\\kelompokfive-dev\\pesanWisata-Laravel\\vendor\\laravel\\framework\\src\\Illuminate\\Console\\Concerns\\CallsCommands.php(67): Illuminate\\Console\\Command->run(Object(Symfony\\Component\\Console\\Input\\ArrayInput), Object(Illuminate\\Console\\OutputStyle))
#31 C:\\Users\\andra\\Desktop\\kelompokfive-dev\\pesanWisata-Laravel\\vendor\\laravel\\framework\\src\\Illuminate\\Console\\Concerns\\CallsCommands.php(28): Illuminate\\Console\\Command->runCommand('migrate', Array, Object(Illuminate\\Console\\OutputStyle))
#32 C:\\Users\\andra\\Desktop\\kelompokfive-dev\\pesanWisata-Laravel\\vendor\\laravel\\framework\\src\\Illuminate\\Foundation\\Console\\ApiInstallCommand.php(78): Illuminate\\Console\\Command->call('migrate')
#33 C:\\Users\\andra\\Desktop\\kelompokfive-dev\\pesanWisata-Laravel\\vendor\\laravel\\framework\\src\\Illuminate\\Container\\BoundMethod.php(36): Illuminate\\Foundation\\Console\\ApiInstallCommand->handle()
#34 C:\\Users\\andra\\Desktop\\kelompokfive-dev\\pesanWisata-Laravel\\vendor\\laravel\\framework\\src\\Illuminate\\Container\\Util.php(43): Illuminate\\Container\\BoundMethod::Illuminate\\Container\\{closure}()
#35 C:\\Users\\andra\\Desktop\\kelompokfive-dev\\pesanWisata-Laravel\\vendor\\laravel\\framework\\src\\Illuminate\\Container\\BoundMethod.php(95): Illuminate\\Container\\Util::unwrapIfClosure(Object(Closure))
#36 C:\\Users\\andra\\Desktop\\kelompokfive-dev\\pesanWisata-Laravel\\vendor\\laravel\\framework\\src\\Illuminate\\Container\\BoundMethod.php(35): Illuminate\\Container\\BoundMethod::callBoundMethod(Object(Illuminate\\Foundation\\Application), Array, Object(Closure))
#37 C:\\Users\\andra\\Desktop\\kelompokfive-dev\\pesanWisata-Laravel\\vendor\\laravel\\framework\\src\\Illuminate\\Container\\Container.php(690): Illuminate\\Container\\BoundMethod::call(Object(Illuminate\\Foundation\\Application), Array, Array, NULL)
#38 C:\\Users\\andra\\Desktop\\kelompokfive-dev\\pesanWisata-Laravel\\vendor\\laravel\\framework\\src\\Illuminate\\Console\\Command.php(213): Illuminate\\Container\\Container->call(Array)
#39 C:\\Users\\andra\\Desktop\\kelompokfive-dev\\pesanWisata-Laravel\\vendor\\symfony\\console\\Command\\Command.php(279): Illuminate\\Console\\Command->execute(Object(Symfony\\Component\\Console\\Input\\ArgvInput), Object(Illuminate\\Console\\OutputStyle))
#40 C:\\Users\\andra\\Desktop\\kelompokfive-dev\\pesanWisata-Laravel\\vendor\\laravel\\framework\\src\\Illuminate\\Console\\Command.php(182): Symfony\\Component\\Console\\Command\\Command->run(Object(Symfony\\Component\\Console\\Input\\ArgvInput), Object(Illuminate\\Console\\OutputStyle))
#41 C:\\Users\\andra\\Desktop\\kelompokfive-dev\\pesanWisata-Laravel\\vendor\\symfony\\console\\Application.php(1047): Illuminate\\Console\\Command->run(Object(Symfony\\Component\\Console\\Input\\ArgvInput), Object(Symfony\\Component\\Console\\Output\\ConsoleOutput))
#42 C:\\Users\\andra\\Desktop\\kelompokfive-dev\\pesanWisata-Laravel\\vendor\\symfony\\console\\Application.php(316): Symfony\\Component\\Console\\Application->doRunCommand(Object(Illuminate\\Foundation\\Console\\ApiInstallCommand), Object(Symfony\\Component\\Console\\Input\\ArgvInput), Object(Symfony\\Component\\Console\\Output\\ConsoleOutput))
#43 C:\\Users\\andra\\Desktop\\kelompokfive-dev\\pesanWisata-Laravel\\vendor\\symfony\\console\\Application.php(167): Symfony\\Component\\Console\\Application->doRun(Object(Symfony\\Component\\Console\\Input\\ArgvInput), Object(Symfony\\Component\\Console\\Output\\ConsoleOutput))
#44 C:\\Users\\andra\\Desktop\\kelompokfive-dev\\pesanWisata-Laravel\\vendor\\laravel\\framework\\src\\Illuminate\\Foundation\\Console\\Kernel.php(197): Symfony\\Component\\Console\\Application->run(Object(Symfony\\Component\\Console\\Input\\ArgvInput), Object(Symfony\\Component\\Console\\Output\\ConsoleOutput))
#45 C:\\Users\\andra\\Desktop\\kelompokfive-dev\\pesanWisata-Laravel\\vendor\\laravel\\framework\\src\\Illuminate\\Foundation\\Application.php(1203): Illuminate\\Foundation\\Console\\Kernel->handle(Object(Symfony\\Component\\Console\\Input\\ArgvInput), Object(Symfony\\Component\\Console\\Output\\ConsoleOutput))
#46 C:\\Users\\andra\\Desktop\\kelompokfive-dev\\pesanWisata-Laravel\\artisan(13): Illuminate\\Foundation\\Application->handleCommand(Object(Symfony\\Component\\Console\\Input\\ArgvInput))
#47 {main}
"} 
[2024-09-05 14:49:47] local.ERROR: Command "AuthResource" is not defined. {"exception":"[object] (Symfony\\Component\\Console\\Exception\\CommandNotFoundException(code: 0): Command \"AuthResource\" is not defined. at C:\\Users\\andra\\Desktop\\kelompokfive-dev\\pesanWisata-Laravel\\vendor\\symfony\\console\\Application.php:702)
[stacktrace]
#0 C:\\Users\\andra\\Desktop\\kelompokfive-dev\\pesanWisata-Laravel\\vendor\\symfony\\console\\Application.php(258): Symfony\\Component\\Console\\Application->find('AuthResource')
#1 C:\\Users\\andra\\Desktop\\kelompokfive-dev\\pesanWisata-Laravel\\vendor\\symfony\\console\\Application.php(167): Symfony\\Component\\Console\\Application->doRun(Object(Symfony\\Component\\Console\\Input\\ArgvInput), Object(Symfony\\Component\\Console\\Output\\ConsoleOutput))
#2 C:\\Users\\andra\\Desktop\\kelompokfive-dev\\pesanWisata-Laravel\\vendor\\laravel\\framework\\src\\Illuminate\\Foundation\\Console\\Kernel.php(197): Symfony\\Component\\Console\\Application->run(Object(Symfony\\Component\\Console\\Input\\ArgvInput), Object(Symfony\\Component\\Console\\Output\\ConsoleOutput))
#3 C:\\Users\\andra\\Desktop\\kelompokfive-dev\\pesanWisata-Laravel\\vendor\\laravel\\framework\\src\\Illuminate\\Foundation\\Application.php(1203): Illuminate\\Foundation\\Console\\Kernel->handle(Object(Symfony\\Component\\Console\\Input\\ArgvInput), Object(Symfony\\Component\\Console\\Output\\ConsoleOutput))
#4 C:\\Users\\andra\\Desktop\\kelompokfive-dev\\pesanWisata-Laravel\\artisan(13): Illuminate\\Foundation\\Application->handleCommand(Object(Symfony\\Component\\Console\\Input\\ArgvInput))
#5 {main}
"} 
[2024-09-05 15:16:02] local.ERROR: SQLSTATE[23000]: Integrity constraint violation: 19 UNIQUE constraint failed: users.email (Connection: sqlite, SQL: insert into "users" ("name", "email", "password", "role", "updated_at", "created_at") values (testa, test@gmail.com, $2y$12$E/Z0MAnCqsww901FQlTm1OjgIAGO8675gMzxHaN7UQaULGa5DHXzm, User, 2024-09-05 15:16:02, 2024-09-05 15:16:02)) {"exception":"[object] (Illuminate\\Database\\UniqueConstraintViolationException(code: 23000): SQLSTATE[23000]: Integrity constraint violation: 19 UNIQUE constraint failed: users.email (Connection: sqlite, SQL: insert into \"users\" (\"name\", \"email\", \"password\", \"role\", \"updated_at\", \"created_at\") values (testa, test@gmail.com, $2y$12$E/Z0MAnCqsww901FQlTm1OjgIAGO8675gMzxHaN7UQaULGa5DHXzm, User, 2024-09-05 15:16:02, 2024-09-05 15:16:02)) at C:\\Users\\andra\\Desktop\\kelompokfive-dev\\pesanWisata-Laravel\\vendor\\laravel\\framework\\src\\Illuminate\\Database\\Connection.php:820)
[stacktrace]
#0 C:\\Users\\andra\\Desktop\\kelompokfive-dev\\pesanWisata-Laravel\\vendor\\laravel\\framework\\src\\Illuminate\\Database\\Connection.php(779): Illuminate\\Database\\Connection->runQueryCallback('insert into \"us...', Array, Object(Closure))
#1 C:\\Users\\andra\\Desktop\\kelompokfive-dev\\pesanWisata-Laravel\\vendor\\laravel\\framework\\src\\Illuminate\\Database\\Connection.php(560): Illuminate\\Database\\Connection->run('insert into \"us...', Array, Object(Closure))
#2 C:\\Users\\andra\\Desktop\\kelompokfive-dev\\pesanWisata-Laravel\\vendor\\laravel\\framework\\src\\Illuminate\\Database\\Connection.php(524): Illuminate\\Database\\Connection->statement('insert into \"us...', Array)
#3 C:\\Users\\andra\\Desktop\\kelompokfive-dev\\pesanWisata-Laravel\\vendor\\laravel\\framework\\src\\Illuminate\\Database\\Query\\Processors\\Processor.php(32): Illuminate\\Database\\Connection->insert('insert into \"us...', Array)
#4 C:\\Users\\andra\\Desktop\\kelompokfive-dev\\pesanWisata-Laravel\\vendor\\laravel\\framework\\src\\Illuminate\\Database\\Query\\Builder.php(3754): Illuminate\\Database\\Query\\Processors\\Processor->processInsertGetId(Object(Illuminate\\Database\\Query\\Builder), 'insert into \"us...', Array, 'id')
#5 C:\\Users\\andra\\Desktop\\kelompokfive-dev\\pesanWisata-Laravel\\vendor\\laravel\\framework\\src\\Illuminate\\Database\\Eloquent\\Builder.php(2038): Illuminate\\Database\\Query\\Builder->insertGetId(Array, 'id')
#6 C:\\Users\\andra\\Desktop\\kelompokfive-dev\\pesanWisata-Laravel\\vendor\\laravel\\framework\\src\\Illuminate\\Database\\Eloquent\\Model.php(1355): Illuminate\\Database\\Eloquent\\Builder->__call('insertGetId', Array)
#7 C:\\Users\\andra\\Desktop\\kelompokfive-dev\\pesanWisata-Laravel\\vendor\\laravel\\framework\\src\\Illuminate\\Database\\Eloquent\\Model.php(1320): Illuminate\\Database\\Eloquent\\Model->insertAndSetId(Object(Illuminate\\Database\\Eloquent\\Builder), Array)
#8 C:\\Users\\andra\\Desktop\\kelompokfive-dev\\pesanWisata-Laravel\\vendor\\laravel\\framework\\src\\Illuminate\\Database\\Eloquent\\Model.php(1159): Illuminate\\Database\\Eloquent\\Model->performInsert(Object(Illuminate\\Database\\Eloquent\\Builder))
#9 C:\\Users\\andra\\Desktop\\kelompokfive-dev\\pesanWisata-Laravel\\vendor\\laravel\\framework\\src\\Illuminate\\Database\\Eloquent\\Builder.php(1079): Illuminate\\Database\\Eloquent\\Model->save()
#10 C:\\Users\\andra\\Desktop\\kelompokfive-dev\\pesanWisata-Laravel\\vendor\\laravel\\framework\\src\\Illuminate\\Support\\helpers.php(380): Illuminate\\Database\\Eloquent\\Builder->Illuminate\\Database\\Eloquent\\{closure}(Object(App\\Models\\User))
#11 C:\\Users\\andra\\Desktop\\kelompokfive-dev\\pesanWisata-Laravel\\vendor\\laravel\\framework\\src\\Illuminate\\Database\\Eloquent\\Builder.php(1078): tap(Object(App\\Models\\User), Object(Closure))
#12 C:\\Users\\andra\\Desktop\\kelompokfive-dev\\pesanWisata-Laravel\\vendor\\laravel\\framework\\src\\Illuminate\\Support\\Traits\\ForwardsCalls.php(23): Illuminate\\Database\\Eloquent\\Builder->create(Array)
#13 C:\\Users\\andra\\Desktop\\kelompokfive-dev\\pesanWisata-Laravel\\vendor\\laravel\\framework\\src\\Illuminate\\Database\\Eloquent\\Model.php(2359): Illuminate\\Database\\Eloquent\\Model->forwardCallTo(Object(Illuminate\\Database\\Eloquent\\Builder), 'create', Array)
#14 C:\\Users\\andra\\Desktop\\kelompokfive-dev\\pesanWisata-Laravel\\vendor\\laravel\\framework\\src\\Illuminate\\Database\\Eloquent\\Model.php(2371): Illuminate\\Database\\Eloquent\\Model->__call('create', Array)
#15 C:\\Users\\andra\\Desktop\\kelompokfive-dev\\pesanWisata-Laravel\\app\\Http\\Controllers\\AuthController.php(35): Illuminate\\Database\\Eloquent\\Model::__callStatic('create', Array)
#16 C:\\Users\\andra\\Desktop\\kelompokfive-dev\\pesanWisata-Laravel\\vendor\\laravel\\framework\\src\\Illuminate\\Routing\\ControllerDispatcher.php(46): App\\Http\\Controllers\\AuthController->registerUser(Object(Illuminate\\Http\\Request))
#17 C:\\Users\\andra\\Desktop\\kelompokfive-dev\\pesanWisata-Laravel\\vendor\\laravel\\framework\\src\\Illuminate\\Routing\\Route.php(260): Illuminate\\Routing\\ControllerDispatcher->dispatch(Object(Illuminate\\Routing\\Route), Object(App\\Http\\Controllers\\AuthController), 'registerUser')
#18 C:\\Users\\andra\\Desktop\\kelompokfive-dev\\pesanWisata-Laravel\\vendor\\laravel\\framework\\src\\Illuminate\\Routing\\Route.php(206): Illuminate\\Routing\\Route->runController()
#19 C:\\Users\\andra\\Desktop\\kelompokfive-dev\\pesanWisata-Laravel\\vendor\\laravel\\framework\\src\\Illuminate\\Routing\\Router.php(808): Illuminate\\Routing\\Route->run()
#20 C:\\Users\\andra\\Desktop\\kelompokfive-dev\\pesanWisata-Laravel\\vendor\\laravel\\framework\\src\\Illuminate\\Pipeline\\Pipeline.php(144): Illuminate\\Routing\\Router->Illuminate\\Routing\\{closure}(Object(Illuminate\\Http\\Request))
#21 C:\\Users\\andra\\Desktop\\kelompokfive-dev\\pesanWisata-Laravel\\vendor\\laravel\\framework\\src\\Illuminate\\Routing\\Middleware\\SubstituteBindings.php(51): Illuminate\\Pipeline\\Pipeline->Illuminate\\Pipeline\\{closure}(Object(Illuminate\\Http\\Request))
#22 C:\\Users\\andra\\Desktop\\kelompokfive-dev\\pesanWisata-Laravel\\vendor\\laravel\\framework\\src\\Illuminate\\Pipeline\\Pipeline.php(183): Illuminate\\Routing\\Middleware\\SubstituteBindings->handle(Object(Illuminate\\Http\\Request), Object(Closure))
#23 C:\\Users\\andra\\Desktop\\kelompokfive-dev\\pesanWisata-Laravel\\vendor\\laravel\\framework\\src\\Illuminate\\Pipeline\\Pipeline.php(119): Illuminate\\Pipeline\\Pipeline->Illuminate\\Pipeline\\{closure}(Object(Illuminate\\Http\\Request))
#24 C:\\Users\\andra\\Desktop\\kelompokfive-dev\\pesanWisata-Laravel\\vendor\\laravel\\framework\\src\\Illuminate\\Routing\\Router.php(807): Illuminate\\Pipeline\\Pipeline->then(Object(Closure))
#25 C:\\Users\\andra\\Desktop\\kelompokfive-dev\\pesanWisata-Laravel\\vendor\\laravel\\framework\\src\\Illuminate\\Routing\\Router.php(786): Illuminate\\Routing\\Router->runRouteWithinStack(Object(Illuminate\\Routing\\Route), Object(Illuminate\\Http\\Request))
#26 C:\\Users\\andra\\Desktop\\kelompokfive-dev\\pesanWisata-Laravel\\vendor\\laravel\\framework\\src\\Illuminate\\Routing\\Router.php(750): Illuminate\\Routing\\Router->runRoute(Object(Illuminate\\Http\\Request), Object(Illuminate\\Routing\\Route))
#27 C:\\Users\\andra\\Desktop\\kelompokfive-dev\\pesanWisata-Laravel\\vendor\\laravel\\framework\\src\\Illuminate\\Routing\\Router.php(739): Illuminate\\Routing\\Router->dispatchToRoute(Object(Illuminate\\Http\\Request))
#28 C:\\Users\\andra\\Desktop\\kelompokfive-dev\\pesanWisata-Laravel\\vendor\\laravel\\framework\\src\\Illuminate\\Foundation\\Http\\Kernel.php(201): Illuminate\\Routing\\Router->dispatch(Object(Illuminate\\Http\\Request))
#29 C:\\Users\\andra\\Desktop\\kelompokfive-dev\\pesanWisata-Laravel\\vendor\\laravel\\framework\\src\\Illuminate\\Pipeline\\Pipeline.php(144): Illuminate\\Foundation\\Http\\Kernel->Illuminate\\Foundation\\Http\\{closure}(Object(Illuminate\\Http\\Request))
#30 C:\\Users\\andra\\Desktop\\kelompokfive-dev\\pesanWisata-Laravel\\vendor\\laravel\\framework\\src\\Illuminate\\Foundation\\Http\\Middleware\\TransformsRequest.php(21): Illuminate\\Pipeline\\Pipeline->Illuminate\\Pipeline\\{closure}(Object(Illuminate\\Http\\Request))
#31 C:\\Users\\andra\\Desktop\\kelompokfive-dev\\pesanWisata-Laravel\\vendor\\laravel\\framework\\src\\Illuminate\\Foundation\\Http\\Middleware\\ConvertEmptyStringsToNull.php(31): Illuminate\\Foundation\\Http\\Middleware\\TransformsRequest->handle(Object(Illuminate\\Http\\Request), Object(Closure))
#32 C:\\Users\\andra\\Desktop\\kelompokfive-dev\\pesanWisata-Laravel\\vendor\\laravel\\framework\\src\\Illuminate\\Pipeline\\Pipeline.php(183): Illuminate\\Foundation\\Http\\Middleware\\ConvertEmptyStringsToNull->handle(Object(Illuminate\\Http\\Request), Object(Closure))
#33 C:\\Users\\andra\\Desktop\\kelompokfive-dev\\pesanWisata-Laravel\\vendor\\laravel\\framework\\src\\Illuminate\\Foundation\\Http\\Middleware\\TransformsRequest.php(21): Illuminate\\Pipeline\\Pipeline->Illuminate\\Pipeline\\{closure}(Object(Illuminate\\Http\\Request))
#34 C:\\Users\\andra\\Desktop\\kelompokfive-dev\\pesanWisata-Laravel\\vendor\\laravel\\framework\\src\\Illuminate\\Foundation\\Http\\Middleware\\TrimStrings.php(51): Illuminate\\Foundation\\Http\\Middleware\\TransformsRequest->handle(Object(Illuminate\\Http\\Request), Object(Closure))
#35 C:\\Users\\andra\\Desktop\\kelompokfive-dev\\pesanWisata-Laravel\\vendor\\laravel\\framework\\src\\Illuminate\\Pipeline\\Pipeline.php(183): Illuminate\\Foundation\\Http\\Middleware\\TrimStrings->handle(Object(Illuminate\\Http\\Request), Object(Closure))
#36 C:\\Users\\andra\\Desktop\\kelompokfive-dev\\pesanWisata-Laravel\\vendor\\laravel\\framework\\src\\Illuminate\\Http\\Middleware\\ValidatePostSize.php(27): Illuminate\\Pipeline\\Pipeline->Illuminate\\Pipeline\\{closure}(Object(Illuminate\\Http\\Request))
#37 C:\\Users\\andra\\Desktop\\kelompokfive-dev\\pesanWisata-Laravel\\vendor\\laravel\\framework\\src\\Illuminate\\Pipeline\\Pipeline.php(183): Illuminate\\Http\\Middleware\\ValidatePostSize->handle(Object(Illuminate\\Http\\Request), Object(Closure))
#38 C:\\Users\\andra\\Desktop\\kelompokfive-dev\\pesanWisata-Laravel\\vendor\\laravel\\framework\\src\\Illuminate\\Foundation\\Http\\Middleware\\PreventRequestsDuringMaintenance.php(110): Illuminate\\Pipeline\\Pipeline->Illuminate\\Pipeline\\{closure}(Object(Illuminate\\Http\\Request))
#39 C:\\Users\\andra\\Desktop\\kelompokfive-dev\\pesanWisata-Laravel\\vendor\\laravel\\framework\\src\\Illuminate\\Pipeline\\Pipeline.php(183): Illuminate\\Foundation\\Http\\Middleware\\PreventRequestsDuringMaintenance->handle(Object(Illuminate\\Http\\Request), Object(Closure))
#40 C:\\Users\\andra\\Desktop\\kelompokfive-dev\\pesanWisata-Laravel\\vendor\\laravel\\framework\\src\\Illuminate\\Http\\Middleware\\HandleCors.php(62): Illuminate\\Pipeline\\Pipeline->Illuminate\\Pipeline\\{closure}(Object(Illuminate\\Http\\Request))
#41 C:\\Users\\andra\\Desktop\\kelompokfive-dev\\pesanWisata-Laravel\\vendor\\laravel\\framework\\src\\Illuminate\\Pipeline\\Pipeline.php(183): Illuminate\\Http\\Middleware\\HandleCors->handle(Object(Illuminate\\Http\\Request), Object(Closure))
#42 C:\\Users\\andra\\Desktop\\kelompokfive-dev\\pesanWisata-Laravel\\vendor\\laravel\\framework\\src\\Illuminate\\Http\\Middleware\\TrustProxies.php(57): Illuminate\\Pipeline\\Pipeline->Illuminate\\Pipeline\\{closure}(Object(Illuminate\\Http\\Request))
#43 C:\\Users\\andra\\Desktop\\kelompokfive-dev\\pesanWisata-Laravel\\vendor\\laravel\\framework\\src\\Illuminate\\Pipeline\\Pipeline.php(183): Illuminate\\Http\\Middleware\\TrustProxies->handle(Object(Illuminate\\Http\\Request), Object(Closure))
#44 C:\\Users\\andra\\Desktop\\kelompokfive-dev\\pesanWisata-Laravel\\vendor\\laravel\\framework\\src\\Illuminate\\Pipeline\\Pipeline.php(119): Illuminate\\Pipeline\\Pipeline->Illuminate\\Pipeline\\{closure}(Object(Illuminate\\Http\\Request))
#45 C:\\Users\\andra\\Desktop\\kelompokfive-dev\\pesanWisata-Laravel\\vendor\\laravel\\framework\\src\\Illuminate\\Foundation\\Http\\Kernel.php(176): Illuminate\\Pipeline\\Pipeline->then(Object(Closure))
#46 C:\\Users\\andra\\Desktop\\kelompokfive-dev\\pesanWisata-Laravel\\vendor\\laravel\\framework\\src\\Illuminate\\Foundation\\Http\\Kernel.php(145): Illuminate\\Foundation\\Http\\Kernel->sendRequestThroughRouter(Object(Illuminate\\Http\\Request))
#47 C:\\Users\\andra\\Desktop\\kelompokfive-dev\\pesanWisata-Laravel\\vendor\\laravel\\framework\\src\\Illuminate\\Foundation\\Application.php(1188): Illuminate\\Foundation\\Http\\Kernel->handle(Object(Illuminate\\Http\\Request))
#48 C:\\Users\\andra\\Desktop\\kelompokfive-dev\\pesanWisata-Laravel\\public\\index.php(17): Illuminate\\Foundation\\Application->handleRequest(Object(Illuminate\\Http\\Request))
#49 C:\\Users\\andra\\Desktop\\kelompokfive-dev\\pesanWisata-Laravel\\vendor\\laravel\\framework\\src\\Illuminate\\Foundation\\resources\\server.php(23): require_once('C:\\\\Users\\\\andra\\\\...')
#50 {main}

[previous exception] [object] (PDOException(code: 23000): SQLSTATE[23000]: Integrity constraint violation: 19 UNIQUE constraint failed: users.email at C:\\Users\\andra\\Desktop\\kelompokfive-dev\\pesanWisata-Laravel\\vendor\\laravel\\framework\\src\\Illuminate\\Database\\Connection.php:571)
[stacktrace]
#0 C:\\Users\\andra\\Desktop\\kelompokfive-dev\\pesanWisata-Laravel\\vendor\\laravel\\framework\\src\\Illuminate\\Database\\Connection.php(571): PDOStatement->execute()
#1 C:\\Users\\andra\\Desktop\\kelompokfive-dev\\pesanWisata-Laravel\\vendor\\laravel\\framework\\src\\Illuminate\\Database\\Connection.php(812): Illuminate\\Database\\Connection->Illuminate\\Database\\{closure}('insert into \"us...', Array)
#2 C:\\Users\\andra\\Desktop\\kelompokfive-dev\\pesanWisata-Laravel\\vendor\\laravel\\framework\\src\\Illuminate\\Database\\Connection.php(779): Illuminate\\Database\\Connection->runQueryCallback('insert into \"us...', Array, Object(Closure))
#3 C:\\Users\\andra\\Desktop\\kelompokfive-dev\\pesanWisata-Laravel\\vendor\\laravel\\framework\\src\\Illuminate\\Database\\Connection.php(560): Illuminate\\Database\\Connection->run('insert into \"us...', Array, Object(Closure))
#4 C:\\Users\\andra\\Desktop\\kelompokfive-dev\\pesanWisata-Laravel\\vendor\\laravel\\framework\\src\\Illuminate\\Database\\Connection.php(524): Illuminate\\Database\\Connection->statement('insert into \"us...', Array)
#5 C:\\Users\\andra\\Desktop\\kelompokfive-dev\\pesanWisata-Laravel\\vendor\\laravel\\framework\\src\\Illuminate\\Database\\Query\\Processors\\Processor.php(32): Illuminate\\Database\\Connection->insert('insert into \"us...', Array)
#6 C:\\Users\\andra\\Desktop\\kelompokfive-dev\\pesanWisata-Laravel\\vendor\\laravel\\framework\\src\\Illuminate\\Database\\Query\\Builder.php(3754): Illuminate\\Database\\Query\\Processors\\Processor->processInsertGetId(Object(Illuminate\\Database\\Query\\Builder), 'insert into \"us...', Array, 'id')
#7 C:\\Users\\andra\\Desktop\\kelompokfive-dev\\pesanWisata-Laravel\\vendor\\laravel\\framework\\src\\Illuminate\\Database\\Eloquent\\Builder.php(2038): Illuminate\\Database\\Query\\Builder->insertGetId(Array, 'id')
#8 C:\\Users\\andra\\Desktop\\kelompokfive-dev\\pesanWisata-Laravel\\vendor\\laravel\\framework\\src\\Illuminate\\Database\\Eloquent\\Model.php(1355): Illuminate\\Database\\Eloquent\\Builder->__call('insertGetId', Array)
#9 C:\\Users\\andra\\Desktop\\kelompokfive-dev\\pesanWisata-Laravel\\vendor\\laravel\\framework\\src\\Illuminate\\Database\\Eloquent\\Model.php(1320): Illuminate\\Database\\Eloquent\\Model->insertAndSetId(Object(Illuminate\\Database\\Eloquent\\Builder), Array)
#10 C:\\Users\\andra\\Desktop\\kelompokfive-dev\\pesanWisata-Laravel\\vendor\\laravel\\framework\\src\\Illuminate\\Database\\Eloquent\\Model.php(1159): Illuminate\\Database\\Eloquent\\Model->performInsert(Object(Illuminate\\Database\\Eloquent\\Builder))
#11 C:\\Users\\andra\\Desktop\\kelompokfive-dev\\pesanWisata-Laravel\\vendor\\laravel\\framework\\src\\Illuminate\\Database\\Eloquent\\Builder.php(1079): Illuminate\\Database\\Eloquent\\Model->save()
#12 C:\\Users\\andra\\Desktop\\kelompokfive-dev\\pesanWisata-Laravel\\vendor\\laravel\\framework\\src\\Illuminate\\Support\\helpers.php(380): Illuminate\\Database\\Eloquent\\Builder->Illuminate\\Database\\Eloquent\\{closure}(Object(App\\Models\\User))
#13 C:\\Users\\andra\\Desktop\\kelompokfive-dev\\pesanWisata-Laravel\\vendor\\laravel\\framework\\src\\Illuminate\\Database\\Eloquent\\Builder.php(1078): tap(Object(App\\Models\\User), Object(Closure))
#14 C:\\Users\\andra\\Desktop\\kelompokfive-dev\\pesanWisata-Laravel\\vendor\\laravel\\framework\\src\\Illuminate\\Support\\Traits\\ForwardsCalls.php(23): Illuminate\\Database\\Eloquent\\Builder->create(Array)
#15 C:\\Users\\andra\\Desktop\\kelompokfive-dev\\pesanWisata-Laravel\\vendor\\laravel\\framework\\src\\Illuminate\\Database\\Eloquent\\Model.php(2359): Illuminate\\Database\\Eloquent\\Model->forwardCallTo(Object(Illuminate\\Database\\Eloquent\\Builder), 'create', Array)
#16 C:\\Users\\andra\\Desktop\\kelompokfive-dev\\pesanWisata-Laravel\\vendor\\laravel\\framework\\src\\Illuminate\\Database\\Eloquent\\Model.php(2371): Illuminate\\Database\\Eloquent\\Model->__call('create', Array)
#17 C:\\Users\\andra\\Desktop\\kelompokfive-dev\\pesanWisata-Laravel\\app\\Http\\Controllers\\AuthController.php(35): Illuminate\\Database\\Eloquent\\Model::__callStatic('create', Array)
#18 C:\\Users\\andra\\Desktop\\kelompokfive-dev\\pesanWisata-Laravel\\vendor\\laravel\\framework\\src\\Illuminate\\Routing\\ControllerDispatcher.php(46): App\\Http\\Controllers\\AuthController->registerUser(Object(Illuminate\\Http\\Request))
#19 C:\\Users\\andra\\Desktop\\kelompokfive-dev\\pesanWisata-Laravel\\vendor\\laravel\\framework\\src\\Illuminate\\Routing\\Route.php(260): Illuminate\\Routing\\ControllerDispatcher->dispatch(Object(Illuminate\\Routing\\Route), Object(App\\Http\\Controllers\\AuthController), 'registerUser')
#20 C:\\Users\\andra\\Desktop\\kelompokfive-dev\\pesanWisata-Laravel\\vendor\\laravel\\framework\\src\\Illuminate\\Routing\\Route.php(206): Illuminate\\Routing\\Route->runController()
#21 C:\\Users\\andra\\Desktop\\kelompokfive-dev\\pesanWisata-Laravel\\vendor\\laravel\\framework\\src\\Illuminate\\Routing\\Router.php(808): Illuminate\\Routing\\Route->run()
#22 C:\\Users\\andra\\Desktop\\kelompokfive-dev\\pesanWisata-Laravel\\vendor\\laravel\\framework\\src\\Illuminate\\Pipeline\\Pipeline.php(144): Illuminate\\Routing\\Router->Illuminate\\Routing\\{closure}(Object(Illuminate\\Http\\Request))
#23 C:\\Users\\andra\\Desktop\\kelompokfive-dev\\pesanWisata-Laravel\\vendor\\laravel\\framework\\src\\Illuminate\\Routing\\Middleware\\SubstituteBindings.php(51): Illuminate\\Pipeline\\Pipeline->Illuminate\\Pipeline\\{closure}(Object(Illuminate\\Http\\Request))
#24 C:\\Users\\andra\\Desktop\\kelompokfive-dev\\pesanWisata-Laravel\\vendor\\laravel\\framework\\src\\Illuminate\\Pipeline\\Pipeline.php(183): Illuminate\\Routing\\Middleware\\SubstituteBindings->handle(Object(Illuminate\\Http\\Request), Object(Closure))
#25 C:\\Users\\andra\\Desktop\\kelompokfive-dev\\pesanWisata-Laravel\\vendor\\laravel\\framework\\src\\Illuminate\\Pipeline\\Pipeline.php(119): Illuminate\\Pipeline\\Pipeline->Illuminate\\Pipeline\\{closure}(Object(Illuminate\\Http\\Request))
#26 C:\\Users\\andra\\Desktop\\kelompokfive-dev\\pesanWisata-Laravel\\vendor\\laravel\\framework\\src\\Illuminate\\Routing\\Router.php(807): Illuminate\\Pipeline\\Pipeline->then(Object(Closure))
#27 C:\\Users\\andra\\Desktop\\kelompokfive-dev\\pesanWisata-Laravel\\vendor\\laravel\\framework\\src\\Illuminate\\Routing\\Router.php(786): Illuminate\\Routing\\Router->runRouteWithinStack(Object(Illuminate\\Routing\\Route), Object(Illuminate\\Http\\Request))
#28 C:\\Users\\andra\\Desktop\\kelompokfive-dev\\pesanWisata-Laravel\\vendor\\laravel\\framework\\src\\Illuminate\\Routing\\Router.php(750): Illuminate\\Routing\\Router->runRoute(Object(Illuminate\\Http\\Request), Object(Illuminate\\Routing\\Route))
#29 C:\\Users\\andra\\Desktop\\kelompokfive-dev\\pesanWisata-Laravel\\vendor\\laravel\\framework\\src\\Illuminate\\Routing\\Router.php(739): Illuminate\\Routing\\Router->dispatchToRoute(Object(Illuminate\\Http\\Request))
#30 C:\\Users\\andra\\Desktop\\kelompokfive-dev\\pesanWisata-Laravel\\vendor\\laravel\\framework\\src\\Illuminate\\Foundation\\Http\\Kernel.php(201): Illuminate\\Routing\\Router->dispatch(Object(Illuminate\\Http\\Request))
#31 C:\\Users\\andra\\Desktop\\kelompokfive-dev\\pesanWisata-Laravel\\vendor\\laravel\\framework\\src\\Illuminate\\Pipeline\\Pipeline.php(144): Illuminate\\Foundation\\Http\\Kernel->Illuminate\\Foundation\\Http\\{closure}(Object(Illuminate\\Http\\Request))
#32 C:\\Users\\andra\\Desktop\\kelompokfive-dev\\pesanWisata-Laravel\\vendor\\laravel\\framework\\src\\Illuminate\\Foundation\\Http\\Middleware\\TransformsRequest.php(21): Illuminate\\Pipeline\\Pipeline->Illuminate\\Pipeline\\{closure}(Object(Illuminate\\Http\\Request))
#33 C:\\Users\\andra\\Desktop\\kelompokfive-dev\\pesanWisata-Laravel\\vendor\\laravel\\framework\\src\\Illuminate\\Foundation\\Http\\Middleware\\ConvertEmptyStringsToNull.php(31): Illuminate\\Foundation\\Http\\Middleware\\TransformsRequest->handle(Object(Illuminate\\Http\\Request), Object(Closure))
#34 C:\\Users\\andra\\Desktop\\kelompokfive-dev\\pesanWisata-Laravel\\vendor\\laravel\\framework\\src\\Illuminate\\Pipeline\\Pipeline.php(183): Illuminate\\Foundation\\Http\\Middleware\\ConvertEmptyStringsToNull->handle(Object(Illuminate\\Http\\Request), Object(Closure))
#35 C:\\Users\\andra\\Desktop\\kelompokfive-dev\\pesanWisata-Laravel\\vendor\\laravel\\framework\\src\\Illuminate\\Foundation\\Http\\Middleware\\TransformsRequest.php(21): Illuminate\\Pipeline\\Pipeline->Illuminate\\Pipeline\\{closure}(Object(Illuminate\\Http\\Request))
#36 C:\\Users\\andra\\Desktop\\kelompokfive-dev\\pesanWisata-Laravel\\vendor\\laravel\\framework\\src\\Illuminate\\Foundation\\Http\\Middleware\\TrimStrings.php(51): Illuminate\\Foundation\\Http\\Middleware\\TransformsRequest->handle(Object(Illuminate\\Http\\Request), Object(Closure))
#37 C:\\Users\\andra\\Desktop\\kelompokfive-dev\\pesanWisata-Laravel\\vendor\\laravel\\framework\\src\\Illuminate\\Pipeline\\Pipeline.php(183): Illuminate\\Foundation\\Http\\Middleware\\TrimStrings->handle(Object(Illuminate\\Http\\Request), Object(Closure))
#38 C:\\Users\\andra\\Desktop\\kelompokfive-dev\\pesanWisata-Laravel\\vendor\\laravel\\framework\\src\\Illuminate\\Http\\Middleware\\ValidatePostSize.php(27): Illuminate\\Pipeline\\Pipeline->Illuminate\\Pipeline\\{closure}(Object(Illuminate\\Http\\Request))
#39 C:\\Users\\andra\\Desktop\\kelompokfive-dev\\pesanWisata-Laravel\\vendor\\laravel\\framework\\src\\Illuminate\\Pipeline\\Pipeline.php(183): Illuminate\\Http\\Middleware\\ValidatePostSize->handle(Object(Illuminate\\Http\\Request), Object(Closure))
#40 C:\\Users\\andra\\Desktop\\kelompokfive-dev\\pesanWisata-Laravel\\vendor\\laravel\\framework\\src\\Illuminate\\Foundation\\Http\\Middleware\\PreventRequestsDuringMaintenance.php(110): Illuminate\\Pipeline\\Pipeline->Illuminate\\Pipeline\\{closure}(Object(Illuminate\\Http\\Request))
#41 C:\\Users\\andra\\Desktop\\kelompokfive-dev\\pesanWisata-Laravel\\vendor\\laravel\\framework\\src\\Illuminate\\Pipeline\\Pipeline.php(183): Illuminate\\Foundation\\Http\\Middleware\\PreventRequestsDuringMaintenance->handle(Object(Illuminate\\Http\\Request), Object(Closure))
#42 C:\\Users\\andra\\Desktop\\kelompokfive-dev\\pesanWisata-Laravel\\vendor\\laravel\\framework\\src\\Illuminate\\Http\\Middleware\\HandleCors.php(62): Illuminate\\Pipeline\\Pipeline->Illuminate\\Pipeline\\{closure}(Object(Illuminate\\Http\\Request))
#43 C:\\Users\\andra\\Desktop\\kelompokfive-dev\\pesanWisata-Laravel\\vendor\\laravel\\framework\\src\\Illuminate\\Pipeline\\Pipeline.php(183): Illuminate\\Http\\Middleware\\HandleCors->handle(Object(Illuminate\\Http\\Request), Object(Closure))
#44 C:\\Users\\andra\\Desktop\\kelompokfive-dev\\pesanWisata-Laravel\\vendor\\laravel\\framework\\src\\Illuminate\\Http\\Middleware\\TrustProxies.php(57): Illuminate\\Pipeline\\Pipeline->Illuminate\\Pipeline\\{closure}(Object(Illuminate\\Http\\Request))
#45 C:\\Users\\andra\\Desktop\\kelompokfive-dev\\pesanWisata-Laravel\\vendor\\laravel\\framework\\src\\Illuminate\\Pipeline\\Pipeline.php(183): Illuminate\\Http\\Middleware\\TrustProxies->handle(Object(Illuminate\\Http\\Request), Object(Closure))
#46 C:\\Users\\andra\\Desktop\\kelompokfive-dev\\pesanWisata-Laravel\\vendor\\laravel\\framework\\src\\Illuminate\\Pipeline\\Pipeline.php(119): Illuminate\\Pipeline\\Pipeline->Illuminate\\Pipeline\\{closure}(Object(Illuminate\\Http\\Request))
#47 C:\\Users\\andra\\Desktop\\kelompokfive-dev\\pesanWisata-Laravel\\vendor\\laravel\\framework\\src\\Illuminate\\Foundation\\Http\\Kernel.php(176): Illuminate\\Pipeline\\Pipeline->then(Object(Closure))
#48 C:\\Users\\andra\\Desktop\\kelompokfive-dev\\pesanWisata-Laravel\\vendor\\laravel\\framework\\src\\Illuminate\\Foundation\\Http\\Kernel.php(145): Illuminate\\Foundation\\Http\\Kernel->sendRequestThroughRouter(Object(Illuminate\\Http\\Request))
#49 C:\\Users\\andra\\Desktop\\kelompokfive-dev\\pesanWisata-Laravel\\vendor\\laravel\\framework\\src\\Illuminate\\Foundation\\Application.php(1188): Illuminate\\Foundation\\Http\\Kernel->handle(Object(Illuminate\\Http\\Request))
#50 C:\\Users\\andra\\Desktop\\kelompokfive-dev\\pesanWisata-Laravel\\public\\index.php(17): Illuminate\\Foundation\\Application->handleRequest(Object(Illuminate\\Http\\Request))
#51 C:\\Users\\andra\\Desktop\\kelompokfive-dev\\pesanWisata-Laravel\\vendor\\laravel\\framework\\src\\Illuminate\\Foundation\\resources\\server.php(23): require_once('C:\\\\Users\\\\andra\\\\...')
#52 {main}
"} 
[2024-09-05 15:16:18] local.ERROR: SQLSTATE[23000]: Integrity constraint violation: 19 UNIQUE constraint failed: users.email (Connection: sqlite, SQL: insert into "users" ("name", "email", "password", "role", "updated_at", "created_at") values (testa, test@gmail.com, $2y$12$1jnAdRkt.dRkRWi6bfIZ6.Q8yWoSeH3PQ5qvd49hIm06msxytoWlC, User, 2024-09-05 15:16:18, 2024-09-05 15:16:18)) {"exception":"[object] (Illuminate\\Database\\UniqueConstraintViolationException(code: 23000): SQLSTATE[23000]: Integrity constraint violation: 19 UNIQUE constraint failed: users.email (Connection: sqlite, SQL: insert into \"users\" (\"name\", \"email\", \"password\", \"role\", \"updated_at\", \"created_at\") values (testa, test@gmail.com, $2y$12$1jnAdRkt.dRkRWi6bfIZ6.Q8yWoSeH3PQ5qvd49hIm06msxytoWlC, User, 2024-09-05 15:16:18, 2024-09-05 15:16:18)) at C:\\Users\\andra\\Desktop\\kelompokfive-dev\\pesanWisata-Laravel\\vendor\\laravel\\framework\\src\\Illuminate\\Database\\Connection.php:820)
[stacktrace]
#0 C:\\Users\\andra\\Desktop\\kelompokfive-dev\\pesanWisata-Laravel\\vendor\\laravel\\framework\\src\\Illuminate\\Database\\Connection.php(779): Illuminate\\Database\\Connection->runQueryCallback('insert into \"us...', Array, Object(Closure))
#1 C:\\Users\\andra\\Desktop\\kelompokfive-dev\\pesanWisata-Laravel\\vendor\\laravel\\framework\\src\\Illuminate\\Database\\Connection.php(560): Illuminate\\Database\\Connection->run('insert into \"us...', Array, Object(Closure))
#2 C:\\Users\\andra\\Desktop\\kelompokfive-dev\\pesanWisata-Laravel\\vendor\\laravel\\framework\\src\\Illuminate\\Database\\Connection.php(524): Illuminate\\Database\\Connection->statement('insert into \"us...', Array)
#3 C:\\Users\\andra\\Desktop\\kelompokfive-dev\\pesanWisata-Laravel\\vendor\\laravel\\framework\\src\\Illuminate\\Database\\Query\\Processors\\Processor.php(32): Illuminate\\Database\\Connection->insert('insert into \"us...', Array)
#4 C:\\Users\\andra\\Desktop\\kelompokfive-dev\\pesanWisata-Laravel\\vendor\\laravel\\framework\\src\\Illuminate\\Database\\Query\\Builder.php(3754): Illuminate\\Database\\Query\\Processors\\Processor->processInsertGetId(Object(Illuminate\\Database\\Query\\Builder), 'insert into \"us...', Array, 'id')
#5 C:\\Users\\andra\\Desktop\\kelompokfive-dev\\pesanWisata-Laravel\\vendor\\laravel\\framework\\src\\Illuminate\\Database\\Eloquent\\Builder.php(2038): Illuminate\\Database\\Query\\Builder->insertGetId(Array, 'id')
#6 C:\\Users\\andra\\Desktop\\kelompokfive-dev\\pesanWisata-Laravel\\vendor\\laravel\\framework\\src\\Illuminate\\Database\\Eloquent\\Model.php(1355): Illuminate\\Database\\Eloquent\\Builder->__call('insertGetId', Array)
#7 C:\\Users\\andra\\Desktop\\kelompokfive-dev\\pesanWisata-Laravel\\vendor\\laravel\\framework\\src\\Illuminate\\Database\\Eloquent\\Model.php(1320): Illuminate\\Database\\Eloquent\\Model->insertAndSetId(Object(Illuminate\\Database\\Eloquent\\Builder), Array)
#8 C:\\Users\\andra\\Desktop\\kelompokfive-dev\\pesanWisata-Laravel\\vendor\\laravel\\framework\\src\\Illuminate\\Database\\Eloquent\\Model.php(1159): Illuminate\\Database\\Eloquent\\Model->performInsert(Object(Illuminate\\Database\\Eloquent\\Builder))
#9 C:\\Users\\andra\\Desktop\\kelompokfive-dev\\pesanWisata-Laravel\\vendor\\laravel\\framework\\src\\Illuminate\\Database\\Eloquent\\Builder.php(1079): Illuminate\\Database\\Eloquent\\Model->save()
#10 C:\\Users\\andra\\Desktop\\kelompokfive-dev\\pesanWisata-Laravel\\vendor\\laravel\\framework\\src\\Illuminate\\Support\\helpers.php(380): Illuminate\\Database\\Eloquent\\Builder->Illuminate\\Database\\Eloquent\\{closure}(Object(App\\Models\\User))
#11 C:\\Users\\andra\\Desktop\\kelompokfive-dev\\pesanWisata-Laravel\\vendor\\laravel\\framework\\src\\Illuminate\\Database\\Eloquent\\Builder.php(1078): tap(Object(App\\Models\\User), Object(Closure))
#12 C:\\Users\\andra\\Desktop\\kelompokfive-dev\\pesanWisata-Laravel\\vendor\\laravel\\framework\\src\\Illuminate\\Support\\Traits\\ForwardsCalls.php(23): Illuminate\\Database\\Eloquent\\Builder->create(Array)
#13 C:\\Users\\andra\\Desktop\\kelompokfive-dev\\pesanWisata-Laravel\\vendor\\laravel\\framework\\src\\Illuminate\\Database\\Eloquent\\Model.php(2359): Illuminate\\Database\\Eloquent\\Model->forwardCallTo(Object(Illuminate\\Database\\Eloquent\\Builder), 'create', Array)
#14 C:\\Users\\andra\\Desktop\\kelompokfive-dev\\pesanWisata-Laravel\\vendor\\laravel\\framework\\src\\Illuminate\\Database\\Eloquent\\Model.php(2371): Illuminate\\Database\\Eloquent\\Model->__call('create', Array)
#15 C:\\Users\\andra\\Desktop\\kelompokfive-dev\\pesanWisata-Laravel\\app\\Http\\Controllers\\AuthController.php(35): Illuminate\\Database\\Eloquent\\Model::__callStatic('create', Array)
#16 C:\\Users\\andra\\Desktop\\kelompokfive-dev\\pesanWisata-Laravel\\vendor\\laravel\\framework\\src\\Illuminate\\Routing\\ControllerDispatcher.php(46): App\\Http\\Controllers\\AuthController->registerUser(Object(Illuminate\\Http\\Request))
#17 C:\\Users\\andra\\Desktop\\kelompokfive-dev\\pesanWisata-Laravel\\vendor\\laravel\\framework\\src\\Illuminate\\Routing\\Route.php(260): Illuminate\\Routing\\ControllerDispatcher->dispatch(Object(Illuminate\\Routing\\Route), Object(App\\Http\\Controllers\\AuthController), 'registerUser')
#18 C:\\Users\\andra\\Desktop\\kelompokfive-dev\\pesanWisata-Laravel\\vendor\\laravel\\framework\\src\\Illuminate\\Routing\\Route.php(206): Illuminate\\Routing\\Route->runController()
#19 C:\\Users\\andra\\Desktop\\kelompokfive-dev\\pesanWisata-Laravel\\vendor\\laravel\\framework\\src\\Illuminate\\Routing\\Router.php(808): Illuminate\\Routing\\Route->run()
#20 C:\\Users\\andra\\Desktop\\kelompokfive-dev\\pesanWisata-Laravel\\vendor\\laravel\\framework\\src\\Illuminate\\Pipeline\\Pipeline.php(144): Illuminate\\Routing\\Router->Illuminate\\Routing\\{closure}(Object(Illuminate\\Http\\Request))
#21 C:\\Users\\andra\\Desktop\\kelompokfive-dev\\pesanWisata-Laravel\\vendor\\laravel\\framework\\src\\Illuminate\\Routing\\Middleware\\SubstituteBindings.php(51): Illuminate\\Pipeline\\Pipeline->Illuminate\\Pipeline\\{closure}(Object(Illuminate\\Http\\Request))
#22 C:\\Users\\andra\\Desktop\\kelompokfive-dev\\pesanWisata-Laravel\\vendor\\laravel\\framework\\src\\Illuminate\\Pipeline\\Pipeline.php(183): Illuminate\\Routing\\Middleware\\SubstituteBindings->handle(Object(Illuminate\\Http\\Request), Object(Closure))
#23 C:\\Users\\andra\\Desktop\\kelompokfive-dev\\pesanWisata-Laravel\\vendor\\laravel\\framework\\src\\Illuminate\\Pipeline\\Pipeline.php(119): Illuminate\\Pipeline\\Pipeline->Illuminate\\Pipeline\\{closure}(Object(Illuminate\\Http\\Request))
#24 C:\\Users\\andra\\Desktop\\kelompokfive-dev\\pesanWisata-Laravel\\vendor\\laravel\\framework\\src\\Illuminate\\Routing\\Router.php(807): Illuminate\\Pipeline\\Pipeline->then(Object(Closure))
#25 C:\\Users\\andra\\Desktop\\kelompokfive-dev\\pesanWisata-Laravel\\vendor\\laravel\\framework\\src\\Illuminate\\Routing\\Router.php(786): Illuminate\\Routing\\Router->runRouteWithinStack(Object(Illuminate\\Routing\\Route), Object(Illuminate\\Http\\Request))
#26 C:\\Users\\andra\\Desktop\\kelompokfive-dev\\pesanWisata-Laravel\\vendor\\laravel\\framework\\src\\Illuminate\\Routing\\Router.php(750): Illuminate\\Routing\\Router->runRoute(Object(Illuminate\\Http\\Request), Object(Illuminate\\Routing\\Route))
#27 C:\\Users\\andra\\Desktop\\kelompokfive-dev\\pesanWisata-Laravel\\vendor\\laravel\\framework\\src\\Illuminate\\Routing\\Router.php(739): Illuminate\\Routing\\Router->dispatchToRoute(Object(Illuminate\\Http\\Request))
#28 C:\\Users\\andra\\Desktop\\kelompokfive-dev\\pesanWisata-Laravel\\vendor\\laravel\\framework\\src\\Illuminate\\Foundation\\Http\\Kernel.php(201): Illuminate\\Routing\\Router->dispatch(Object(Illuminate\\Http\\Request))
#29 C:\\Users\\andra\\Desktop\\kelompokfive-dev\\pesanWisata-Laravel\\vendor\\laravel\\framework\\src\\Illuminate\\Pipeline\\Pipeline.php(144): Illuminate\\Foundation\\Http\\Kernel->Illuminate\\Foundation\\Http\\{closure}(Object(Illuminate\\Http\\Request))
#30 C:\\Users\\andra\\Desktop\\kelompokfive-dev\\pesanWisata-Laravel\\vendor\\laravel\\framework\\src\\Illuminate\\Foundation\\Http\\Middleware\\TransformsRequest.php(21): Illuminate\\Pipeline\\Pipeline->Illuminate\\Pipeline\\{closure}(Object(Illuminate\\Http\\Request))
#31 C:\\Users\\andra\\Desktop\\kelompokfive-dev\\pesanWisata-Laravel\\vendor\\laravel\\framework\\src\\Illuminate\\Foundation\\Http\\Middleware\\ConvertEmptyStringsToNull.php(31): Illuminate\\Foundation\\Http\\Middleware\\TransformsRequest->handle(Object(Illuminate\\Http\\Request), Object(Closure))
#32 C:\\Users\\andra\\Desktop\\kelompokfive-dev\\pesanWisata-Laravel\\vendor\\laravel\\framework\\src\\Illuminate\\Pipeline\\Pipeline.php(183): Illuminate\\Foundation\\Http\\Middleware\\ConvertEmptyStringsToNull->handle(Object(Illuminate\\Http\\Request), Object(Closure))
#33 C:\\Users\\andra\\Desktop\\kelompokfive-dev\\pesanWisata-Laravel\\vendor\\laravel\\framework\\src\\Illuminate\\Foundation\\Http\\Middleware\\TransformsRequest.php(21): Illuminate\\Pipeline\\Pipeline->Illuminate\\Pipeline\\{closure}(Object(Illuminate\\Http\\Request))
#34 C:\\Users\\andra\\Desktop\\kelompokfive-dev\\pesanWisata-Laravel\\vendor\\laravel\\framework\\src\\Illuminate\\Foundation\\Http\\Middleware\\TrimStrings.php(51): Illuminate\\Foundation\\Http\\Middleware\\TransformsRequest->handle(Object(Illuminate\\Http\\Request), Object(Closure))
#35 C:\\Users\\andra\\Desktop\\kelompokfive-dev\\pesanWisata-Laravel\\vendor\\laravel\\framework\\src\\Illuminate\\Pipeline\\Pipeline.php(183): Illuminate\\Foundation\\Http\\Middleware\\TrimStrings->handle(Object(Illuminate\\Http\\Request), Object(Closure))
#36 C:\\Users\\andra\\Desktop\\kelompokfive-dev\\pesanWisata-Laravel\\vendor\\laravel\\framework\\src\\Illuminate\\Http\\Middleware\\ValidatePostSize.php(27): Illuminate\\Pipeline\\Pipeline->Illuminate\\Pipeline\\{closure}(Object(Illuminate\\Http\\Request))
#37 C:\\Users\\andra\\Desktop\\kelompokfive-dev\\pesanWisata-Laravel\\vendor\\laravel\\framework\\src\\Illuminate\\Pipeline\\Pipeline.php(183): Illuminate\\Http\\Middleware\\ValidatePostSize->handle(Object(Illuminate\\Http\\Request), Object(Closure))
#38 C:\\Users\\andra\\Desktop\\kelompokfive-dev\\pesanWisata-Laravel\\vendor\\laravel\\framework\\src\\Illuminate\\Foundation\\Http\\Middleware\\PreventRequestsDuringMaintenance.php(110): Illuminate\\Pipeline\\Pipeline->Illuminate\\Pipeline\\{closure}(Object(Illuminate\\Http\\Request))
#39 C:\\Users\\andra\\Desktop\\kelompokfive-dev\\pesanWisata-Laravel\\vendor\\laravel\\framework\\src\\Illuminate\\Pipeline\\Pipeline.php(183): Illuminate\\Foundation\\Http\\Middleware\\PreventRequestsDuringMaintenance->handle(Object(Illuminate\\Http\\Request), Object(Closure))
#40 C:\\Users\\andra\\Desktop\\kelompokfive-dev\\pesanWisata-Laravel\\vendor\\laravel\\framework\\src\\Illuminate\\Http\\Middleware\\HandleCors.php(62): Illuminate\\Pipeline\\Pipeline->Illuminate\\Pipeline\\{closure}(Object(Illuminate\\Http\\Request))
#41 C:\\Users\\andra\\Desktop\\kelompokfive-dev\\pesanWisata-Laravel\\vendor\\laravel\\framework\\src\\Illuminate\\Pipeline\\Pipeline.php(183): Illuminate\\Http\\Middleware\\HandleCors->handle(Object(Illuminate\\Http\\Request), Object(Closure))
#42 C:\\Users\\andra\\Desktop\\kelompokfive-dev\\pesanWisata-Laravel\\vendor\\laravel\\framework\\src\\Illuminate\\Http\\Middleware\\TrustProxies.php(57): Illuminate\\Pipeline\\Pipeline->Illuminate\\Pipeline\\{closure}(Object(Illuminate\\Http\\Request))
#43 C:\\Users\\andra\\Desktop\\kelompokfive-dev\\pesanWisata-Laravel\\vendor\\laravel\\framework\\src\\Illuminate\\Pipeline\\Pipeline.php(183): Illuminate\\Http\\Middleware\\TrustProxies->handle(Object(Illuminate\\Http\\Request), Object(Closure))
#44 C:\\Users\\andra\\Desktop\\kelompokfive-dev\\pesanWisata-Laravel\\vendor\\laravel\\framework\\src\\Illuminate\\Pipeline\\Pipeline.php(119): Illuminate\\Pipeline\\Pipeline->Illuminate\\Pipeline\\{closure}(Object(Illuminate\\Http\\Request))
#45 C:\\Users\\andra\\Desktop\\kelompokfive-dev\\pesanWisata-Laravel\\vendor\\laravel\\framework\\src\\Illuminate\\Foundation\\Http\\Kernel.php(176): Illuminate\\Pipeline\\Pipeline->then(Object(Closure))
#46 C:\\Users\\andra\\Desktop\\kelompokfive-dev\\pesanWisata-Laravel\\vendor\\laravel\\framework\\src\\Illuminate\\Foundation\\Http\\Kernel.php(145): Illuminate\\Foundation\\Http\\Kernel->sendRequestThroughRouter(Object(Illuminate\\Http\\Request))
#47 C:\\Users\\andra\\Desktop\\kelompokfive-dev\\pesanWisata-Laravel\\vendor\\laravel\\framework\\src\\Illuminate\\Foundation\\Application.php(1188): Illuminate\\Foundation\\Http\\Kernel->handle(Object(Illuminate\\Http\\Request))
#48 C:\\Users\\andra\\Desktop\\kelompokfive-dev\\pesanWisata-Laravel\\public\\index.php(17): Illuminate\\Foundation\\Application->handleRequest(Object(Illuminate\\Http\\Request))
#49 C:\\Users\\andra\\Desktop\\kelompokfive-dev\\pesanWisata-Laravel\\vendor\\laravel\\framework\\src\\Illuminate\\Foundation\\resources\\server.php(23): require_once('C:\\\\Users\\\\andra\\\\...')
#50 {main}

[previous exception] [object] (PDOException(code: 23000): SQLSTATE[23000]: Integrity constraint violation: 19 UNIQUE constraint failed: users.email at C:\\Users\\andra\\Desktop\\kelompokfive-dev\\pesanWisata-Laravel\\vendor\\laravel\\framework\\src\\Illuminate\\Database\\Connection.php:571)
[stacktrace]
#0 C:\\Users\\andra\\Desktop\\kelompokfive-dev\\pesanWisata-Laravel\\vendor\\laravel\\framework\\src\\Illuminate\\Database\\Connection.php(571): PDOStatement->execute()
#1 C:\\Users\\andra\\Desktop\\kelompokfive-dev\\pesanWisata-Laravel\\vendor\\laravel\\framework\\src\\Illuminate\\Database\\Connection.php(812): Illuminate\\Database\\Connection->Illuminate\\Database\\{closure}('insert into \"us...', Array)
#2 C:\\Users\\andra\\Desktop\\kelompokfive-dev\\pesanWisata-Laravel\\vendor\\laravel\\framework\\src\\Illuminate\\Database\\Connection.php(779): Illuminate\\Database\\Connection->runQueryCallback('insert into \"us...', Array, Object(Closure))
#3 C:\\Users\\andra\\Desktop\\kelompokfive-dev\\pesanWisata-Laravel\\vendor\\laravel\\framework\\src\\Illuminate\\Database\\Connection.php(560): Illuminate\\Database\\Connection->run('insert into \"us...', Array, Object(Closure))
#4 C:\\Users\\andra\\Desktop\\kelompokfive-dev\\pesanWisata-Laravel\\vendor\\laravel\\framework\\src\\Illuminate\\Database\\Connection.php(524): Illuminate\\Database\\Connection->statement('insert into \"us...', Array)
#5 C:\\Users\\andra\\Desktop\\kelompokfive-dev\\pesanWisata-Laravel\\vendor\\laravel\\framework\\src\\Illuminate\\Database\\Query\\Processors\\Processor.php(32): Illuminate\\Database\\Connection->insert('insert into \"us...', Array)
#6 C:\\Users\\andra\\Desktop\\kelompokfive-dev\\pesanWisata-Laravel\\vendor\\laravel\\framework\\src\\Illuminate\\Database\\Query\\Builder.php(3754): Illuminate\\Database\\Query\\Processors\\Processor->processInsertGetId(Object(Illuminate\\Database\\Query\\Builder), 'insert into \"us...', Array, 'id')
#7 C:\\Users\\andra\\Desktop\\kelompokfive-dev\\pesanWisata-Laravel\\vendor\\laravel\\framework\\src\\Illuminate\\Database\\Eloquent\\Builder.php(2038): Illuminate\\Database\\Query\\Builder->insertGetId(Array, 'id')
#8 C:\\Users\\andra\\Desktop\\kelompokfive-dev\\pesanWisata-Laravel\\vendor\\laravel\\framework\\src\\Illuminate\\Database\\Eloquent\\Model.php(1355): Illuminate\\Database\\Eloquent\\Builder->__call('insertGetId', Array)
#9 C:\\Users\\andra\\Desktop\\kelompokfive-dev\\pesanWisata-Laravel\\vendor\\laravel\\framework\\src\\Illuminate\\Database\\Eloquent\\Model.php(1320): Illuminate\\Database\\Eloquent\\Model->insertAndSetId(Object(Illuminate\\Database\\Eloquent\\Builder), Array)
#10 C:\\Users\\andra\\Desktop\\kelompokfive-dev\\pesanWisata-Laravel\\vendor\\laravel\\framework\\src\\Illuminate\\Database\\Eloquent\\Model.php(1159): Illuminate\\Database\\Eloquent\\Model->performInsert(Object(Illuminate\\Database\\Eloquent\\Builder))
#11 C:\\Users\\andra\\Desktop\\kelompokfive-dev\\pesanWisata-Laravel\\vendor\\laravel\\framework\\src\\Illuminate\\Database\\Eloquent\\Builder.php(1079): Illuminate\\Database\\Eloquent\\Model->save()
#12 C:\\Users\\andra\\Desktop\\kelompokfive-dev\\pesanWisata-Laravel\\vendor\\laravel\\framework\\src\\Illuminate\\Support\\helpers.php(380): Illuminate\\Database\\Eloquent\\Builder->Illuminate\\Database\\Eloquent\\{closure}(Object(App\\Models\\User))
#13 C:\\Users\\andra\\Desktop\\kelompokfive-dev\\pesanWisata-Laravel\\vendor\\laravel\\framework\\src\\Illuminate\\Database\\Eloquent\\Builder.php(1078): tap(Object(App\\Models\\User), Object(Closure))
#14 C:\\Users\\andra\\Desktop\\kelompokfive-dev\\pesanWisata-Laravel\\vendor\\laravel\\framework\\src\\Illuminate\\Support\\Traits\\ForwardsCalls.php(23): Illuminate\\Database\\Eloquent\\Builder->create(Array)
#15 C:\\Users\\andra\\Desktop\\kelompokfive-dev\\pesanWisata-Laravel\\vendor\\laravel\\framework\\src\\Illuminate\\Database\\Eloquent\\Model.php(2359): Illuminate\\Database\\Eloquent\\Model->forwardCallTo(Object(Illuminate\\Database\\Eloquent\\Builder), 'create', Array)
#16 C:\\Users\\andra\\Desktop\\kelompokfive-dev\\pesanWisata-Laravel\\vendor\\laravel\\framework\\src\\Illuminate\\Database\\Eloquent\\Model.php(2371): Illuminate\\Database\\Eloquent\\Model->__call('create', Array)
#17 C:\\Users\\andra\\Desktop\\kelompokfive-dev\\pesanWisata-Laravel\\app\\Http\\Controllers\\AuthController.php(35): Illuminate\\Database\\Eloquent\\Model::__callStatic('create', Array)
#18 C:\\Users\\andra\\Desktop\\kelompokfive-dev\\pesanWisata-Laravel\\vendor\\laravel\\framework\\src\\Illuminate\\Routing\\ControllerDispatcher.php(46): App\\Http\\Controllers\\AuthController->registerUser(Object(Illuminate\\Http\\Request))
#19 C:\\Users\\andra\\Desktop\\kelompokfive-dev\\pesanWisata-Laravel\\vendor\\laravel\\framework\\src\\Illuminate\\Routing\\Route.php(260): Illuminate\\Routing\\ControllerDispatcher->dispatch(Object(Illuminate\\Routing\\Route), Object(App\\Http\\Controllers\\AuthController), 'registerUser')
#20 C:\\Users\\andra\\Desktop\\kelompokfive-dev\\pesanWisata-Laravel\\vendor\\laravel\\framework\\src\\Illuminate\\Routing\\Route.php(206): Illuminate\\Routing\\Route->runController()
#21 C:\\Users\\andra\\Desktop\\kelompokfive-dev\\pesanWisata-Laravel\\vendor\\laravel\\framework\\src\\Illuminate\\Routing\\Router.php(808): Illuminate\\Routing\\Route->run()
#22 C:\\Users\\andra\\Desktop\\kelompokfive-dev\\pesanWisata-Laravel\\vendor\\laravel\\framework\\src\\Illuminate\\Pipeline\\Pipeline.php(144): Illuminate\\Routing\\Router->Illuminate\\Routing\\{closure}(Object(Illuminate\\Http\\Request))
#23 C:\\Users\\andra\\Desktop\\kelompokfive-dev\\pesanWisata-Laravel\\vendor\\laravel\\framework\\src\\Illuminate\\Routing\\Middleware\\SubstituteBindings.php(51): Illuminate\\Pipeline\\Pipeline->Illuminate\\Pipeline\\{closure}(Object(Illuminate\\Http\\Request))
#24 C:\\Users\\andra\\Desktop\\kelompokfive-dev\\pesanWisata-Laravel\\vendor\\laravel\\framework\\src\\Illuminate\\Pipeline\\Pipeline.php(183): Illuminate\\Routing\\Middleware\\SubstituteBindings->handle(Object(Illuminate\\Http\\Request), Object(Closure))
#25 C:\\Users\\andra\\Desktop\\kelompokfive-dev\\pesanWisata-Laravel\\vendor\\laravel\\framework\\src\\Illuminate\\Pipeline\\Pipeline.php(119): Illuminate\\Pipeline\\Pipeline->Illuminate\\Pipeline\\{closure}(Object(Illuminate\\Http\\Request))
#26 C:\\Users\\andra\\Desktop\\kelompokfive-dev\\pesanWisata-Laravel\\vendor\\laravel\\framework\\src\\Illuminate\\Routing\\Router.php(807): Illuminate\\Pipeline\\Pipeline->then(Object(Closure))
#27 C:\\Users\\andra\\Desktop\\kelompokfive-dev\\pesanWisata-Laravel\\vendor\\laravel\\framework\\src\\Illuminate\\Routing\\Router.php(786): Illuminate\\Routing\\Router->runRouteWithinStack(Object(Illuminate\\Routing\\Route), Object(Illuminate\\Http\\Request))
#28 C:\\Users\\andra\\Desktop\\kelompokfive-dev\\pesanWisata-Laravel\\vendor\\laravel\\framework\\src\\Illuminate\\Routing\\Router.php(750): Illuminate\\Routing\\Router->runRoute(Object(Illuminate\\Http\\Request), Object(Illuminate\\Routing\\Route))
#29 C:\\Users\\andra\\Desktop\\kelompokfive-dev\\pesanWisata-Laravel\\vendor\\laravel\\framework\\src\\Illuminate\\Routing\\Router.php(739): Illuminate\\Routing\\Router->dispatchToRoute(Object(Illuminate\\Http\\Request))
#30 C:\\Users\\andra\\Desktop\\kelompokfive-dev\\pesanWisata-Laravel\\vendor\\laravel\\framework\\src\\Illuminate\\Foundation\\Http\\Kernel.php(201): Illuminate\\Routing\\Router->dispatch(Object(Illuminate\\Http\\Request))
#31 C:\\Users\\andra\\Desktop\\kelompokfive-dev\\pesanWisata-Laravel\\vendor\\laravel\\framework\\src\\Illuminate\\Pipeline\\Pipeline.php(144): Illuminate\\Foundation\\Http\\Kernel->Illuminate\\Foundation\\Http\\{closure}(Object(Illuminate\\Http\\Request))
#32 C:\\Users\\andra\\Desktop\\kelompokfive-dev\\pesanWisata-Laravel\\vendor\\laravel\\framework\\src\\Illuminate\\Foundation\\Http\\Middleware\\TransformsRequest.php(21): Illuminate\\Pipeline\\Pipeline->Illuminate\\Pipeline\\{closure}(Object(Illuminate\\Http\\Request))
#33 C:\\Users\\andra\\Desktop\\kelompokfive-dev\\pesanWisata-Laravel\\vendor\\laravel\\framework\\src\\Illuminate\\Foundation\\Http\\Middleware\\ConvertEmptyStringsToNull.php(31): Illuminate\\Foundation\\Http\\Middleware\\TransformsRequest->handle(Object(Illuminate\\Http\\Request), Object(Closure))
#34 C:\\Users\\andra\\Desktop\\kelompokfive-dev\\pesanWisata-Laravel\\vendor\\laravel\\framework\\src\\Illuminate\\Pipeline\\Pipeline.php(183): Illuminate\\Foundation\\Http\\Middleware\\ConvertEmptyStringsToNull->handle(Object(Illuminate\\Http\\Request), Object(Closure))
#35 C:\\Users\\andra\\Desktop\\kelompokfive-dev\\pesanWisata-Laravel\\vendor\\laravel\\framework\\src\\Illuminate\\Foundation\\Http\\Middleware\\TransformsRequest.php(21): Illuminate\\Pipeline\\Pipeline->Illuminate\\Pipeline\\{closure}(Object(Illuminate\\Http\\Request))
#36 C:\\Users\\andra\\Desktop\\kelompokfive-dev\\pesanWisata-Laravel\\vendor\\laravel\\framework\\src\\Illuminate\\Foundation\\Http\\Middleware\\TrimStrings.php(51): Illuminate\\Foundation\\Http\\Middleware\\TransformsRequest->handle(Object(Illuminate\\Http\\Request), Object(Closure))
#37 C:\\Users\\andra\\Desktop\\kelompokfive-dev\\pesanWisata-Laravel\\vendor\\laravel\\framework\\src\\Illuminate\\Pipeline\\Pipeline.php(183): Illuminate\\Foundation\\Http\\Middleware\\TrimStrings->handle(Object(Illuminate\\Http\\Request), Object(Closure))
#38 C:\\Users\\andra\\Desktop\\kelompokfive-dev\\pesanWisata-Laravel\\vendor\\laravel\\framework\\src\\Illuminate\\Http\\Middleware\\ValidatePostSize.php(27): Illuminate\\Pipeline\\Pipeline->Illuminate\\Pipeline\\{closure}(Object(Illuminate\\Http\\Request))
#39 C:\\Users\\andra\\Desktop\\kelompokfive-dev\\pesanWisata-Laravel\\vendor\\laravel\\framework\\src\\Illuminate\\Pipeline\\Pipeline.php(183): Illuminate\\Http\\Middleware\\ValidatePostSize->handle(Object(Illuminate\\Http\\Request), Object(Closure))
#40 C:\\Users\\andra\\Desktop\\kelompokfive-dev\\pesanWisata-Laravel\\vendor\\laravel\\framework\\src\\Illuminate\\Foundation\\Http\\Middleware\\PreventRequestsDuringMaintenance.php(110): Illuminate\\Pipeline\\Pipeline->Illuminate\\Pipeline\\{closure}(Object(Illuminate\\Http\\Request))
#41 C:\\Users\\andra\\Desktop\\kelompokfive-dev\\pesanWisata-Laravel\\vendor\\laravel\\framework\\src\\Illuminate\\Pipeline\\Pipeline.php(183): Illuminate\\Foundation\\Http\\Middleware\\PreventRequestsDuringMaintenance->handle(Object(Illuminate\\Http\\Request), Object(Closure))
#42 C:\\Users\\andra\\Desktop\\kelompokfive-dev\\pesanWisata-Laravel\\vendor\\laravel\\framework\\src\\Illuminate\\Http\\Middleware\\HandleCors.php(62): Illuminate\\Pipeline\\Pipeline->Illuminate\\Pipeline\\{closure}(Object(Illuminate\\Http\\Request))
#43 C:\\Users\\andra\\Desktop\\kelompokfive-dev\\pesanWisata-Laravel\\vendor\\laravel\\framework\\src\\Illuminate\\Pipeline\\Pipeline.php(183): Illuminate\\Http\\Middleware\\HandleCors->handle(Object(Illuminate\\Http\\Request), Object(Closure))
#44 C:\\Users\\andra\\Desktop\\kelompokfive-dev\\pesanWisata-Laravel\\vendor\\laravel\\framework\\src\\Illuminate\\Http\\Middleware\\TrustProxies.php(57): Illuminate\\Pipeline\\Pipeline->Illuminate\\Pipeline\\{closure}(Object(Illuminate\\Http\\Request))
#45 C:\\Users\\andra\\Desktop\\kelompokfive-dev\\pesanWisata-Laravel\\vendor\\laravel\\framework\\src\\Illuminate\\Pipeline\\Pipeline.php(183): Illuminate\\Http\\Middleware\\TrustProxies->handle(Object(Illuminate\\Http\\Request), Object(Closure))
#46 C:\\Users\\andra\\Desktop\\kelompokfive-dev\\pesanWisata-Laravel\\vendor\\laravel\\framework\\src\\Illuminate\\Pipeline\\Pipeline.php(119): Illuminate\\Pipeline\\Pipeline->Illuminate\\Pipeline\\{closure}(Object(Illuminate\\Http\\Request))
#47 C:\\Users\\andra\\Desktop\\kelompokfive-dev\\pesanWisata-Laravel\\vendor\\laravel\\framework\\src\\Illuminate\\Foundation\\Http\\Kernel.php(176): Illuminate\\Pipeline\\Pipeline->then(Object(Closure))
#48 C:\\Users\\andra\\Desktop\\kelompokfive-dev\\pesanWisata-Laravel\\vendor\\laravel\\framework\\src\\Illuminate\\Foundation\\Http\\Kernel.php(145): Illuminate\\Foundation\\Http\\Kernel->sendRequestThroughRouter(Object(Illuminate\\Http\\Request))
#49 C:\\Users\\andra\\Desktop\\kelompokfive-dev\\pesanWisata-Laravel\\vendor\\laravel\\framework\\src\\Illuminate\\Foundation\\Application.php(1188): Illuminate\\Foundation\\Http\\Kernel->handle(Object(Illuminate\\Http\\Request))
#50 C:\\Users\\andra\\Desktop\\kelompokfive-dev\\pesanWisata-Laravel\\public\\index.php(17): Illuminate\\Foundation\\Application->handleRequest(Object(Illuminate\\Http\\Request))
#51 C:\\Users\\andra\\Desktop\\kelompokfive-dev\\pesanWisata-Laravel\\vendor\\laravel\\framework\\src\\Illuminate\\Foundation\\resources\\server.php(23): require_once('C:\\\\Users\\\\andra\\\\...')
#52 {main}
"} 
[2024-09-10 15:37:01] local.ERROR: SQLSTATE[HY000]: General error: 1 table "personal_access_tokens" already exists (Connection: sqlite, SQL: create table "personal_access_tokens" ("id" integer primary key autoincrement not null, "tokenable_type" varchar not null, "tokenable_id" integer not null, "name" varchar not null, "token" varchar not null, "abilities" text, "last_used_at" datetime, "expires_at" datetime, "created_at" datetime, "updated_at" datetime)) {"exception":"[object] (Illuminate\\Database\\QueryException(code: HY000): SQLSTATE[HY000]: General error: 1 table \"personal_access_tokens\" already exists (Connection: sqlite, SQL: create table \"personal_access_tokens\" (\"id\" integer primary key autoincrement not null, \"tokenable_type\" varchar not null, \"tokenable_id\" integer not null, \"name\" varchar not null, \"token\" varchar not null, \"abilities\" text, \"last_used_at\" datetime, \"expires_at\" datetime, \"created_at\" datetime, \"updated_at\" datetime)) at C:\\Users\\andra\\Desktop\\kelompokfive-dev\\pesanWisata-Laravel\\vendor\\laravel\\framework\\src\\Illuminate\\Database\\Connection.php:825)
[stacktrace]
#0 C:\\Users\\andra\\Desktop\\kelompokfive-dev\\pesanWisata-Laravel\\vendor\\laravel\\framework\\src\\Illuminate\\Database\\Connection.php(779): Illuminate\\Database\\Connection->runQueryCallback('create table \"p...', Array, Object(Closure))
#1 C:\\Users\\andra\\Desktop\\kelompokfive-dev\\pesanWisata-Laravel\\vendor\\laravel\\framework\\src\\Illuminate\\Database\\Connection.php(560): Illuminate\\Database\\Connection->run('create table \"p...', Array, Object(Closure))
#2 C:\\Users\\andra\\Desktop\\kelompokfive-dev\\pesanWisata-Laravel\\vendor\\laravel\\framework\\src\\Illuminate\\Database\\Schema\\Blueprint.php(117): Illuminate\\Database\\Connection->statement('create table \"p...')
#3 C:\\Users\\andra\\Desktop\\kelompokfive-dev\\pesanWisata-Laravel\\vendor\\laravel\\framework\\src\\Illuminate\\Database\\Schema\\Builder.php(565): Illuminate\\Database\\Schema\\Blueprint->build(Object(Illuminate\\Database\\SQLiteConnection), Object(Illuminate\\Database\\Schema\\Grammars\\SQLiteGrammar))
#4 C:\\Users\\andra\\Desktop\\kelompokfive-dev\\pesanWisata-Laravel\\vendor\\laravel\\framework\\src\\Illuminate\\Database\\Schema\\Builder.php(419): Illuminate\\Database\\Schema\\Builder->build(Object(Illuminate\\Database\\Schema\\Blueprint))
#5 C:\\Users\\andra\\Desktop\\kelompokfive-dev\\pesanWisata-Laravel\\vendor\\laravel\\framework\\src\\Illuminate\\Support\\Facades\\Facade.php(357): Illuminate\\Database\\Schema\\Builder->create('personal_access...', Object(Closure))
#6 C:\\Users\\andra\\Desktop\\kelompokfive-dev\\pesanWisata-Laravel\\database\\migrations\\2024_09_02_142913_create_personal_access_tokens_table.php(14): Illuminate\\Support\\Facades\\Facade::__callStatic('create', Array)
#7 C:\\Users\\andra\\Desktop\\kelompokfive-dev\\pesanWisata-Laravel\\vendor\\laravel\\framework\\src\\Illuminate\\Database\\Migrations\\Migrator.php(475): Illuminate\\Database\\Migrations\\Migration@anonymous->up()
#8 C:\\Users\\andra\\Desktop\\kelompokfive-dev\\pesanWisata-Laravel\\vendor\\laravel\\framework\\src\\Illuminate\\Database\\Migrations\\Migrator.php(400): Illuminate\\Database\\Migrations\\Migrator->runMethod(Object(Illuminate\\Database\\SQLiteConnection), Object(Illuminate\\Database\\Migrations\\Migration@anonymous), 'up')
#9 C:\\Users\\andra\\Desktop\\kelompokfive-dev\\pesanWisata-Laravel\\vendor\\laravel\\framework\\src\\Illuminate\\Database\\Migrations\\Migrator.php(409): Illuminate\\Database\\Migrations\\Migrator->Illuminate\\Database\\Migrations\\{closure}()
#10 C:\\Users\\andra\\Desktop\\kelompokfive-dev\\pesanWisata-Laravel\\vendor\\laravel\\framework\\src\\Illuminate\\Database\\Migrations\\Migrator.php(212): Illuminate\\Database\\Migrations\\Migrator->runMigration(Object(Illuminate\\Database\\Migrations\\Migration@anonymous), 'up')
#11 C:\\Users\\andra\\Desktop\\kelompokfive-dev\\pesanWisata-Laravel\\vendor\\laravel\\framework\\src\\Illuminate\\Console\\View\\Components\\Task.php(40): Illuminate\\Database\\Migrations\\Migrator->Illuminate\\Database\\Migrations\\{closure}()
#12 C:\\Users\\andra\\Desktop\\kelompokfive-dev\\pesanWisata-Laravel\\vendor\\laravel\\framework\\src\\Illuminate\\Database\\Migrations\\Migrator.php(736): Illuminate\\Console\\View\\Components\\Task->render('2024_09_02_1429...', Object(Closure))
#13 C:\\Users\\andra\\Desktop\\kelompokfive-dev\\pesanWisata-Laravel\\vendor\\laravel\\framework\\src\\Illuminate\\Database\\Migrations\\Migrator.php(212): Illuminate\\Database\\Migrations\\Migrator->write('Illuminate\\\\Cons...', '2024_09_02_1429...', Object(Closure))
#14 C:\\Users\\andra\\Desktop\\kelompokfive-dev\\pesanWisata-Laravel\\vendor\\laravel\\framework\\src\\Illuminate\\Database\\Migrations\\Migrator.php(179): Illuminate\\Database\\Migrations\\Migrator->runUp('C:\\\\Users\\\\andra\\\\...', 3, false)
#15 C:\\Users\\andra\\Desktop\\kelompokfive-dev\\pesanWisata-Laravel\\vendor\\laravel\\framework\\src\\Illuminate\\Database\\Migrations\\Migrator.php(122): Illuminate\\Database\\Migrations\\Migrator->runPending(Array, Array)
#16 C:\\Users\\andra\\Desktop\\kelompokfive-dev\\pesanWisata-Laravel\\vendor\\laravel\\framework\\src\\Illuminate\\Database\\Console\\Migrations\\MigrateCommand.php(116): Illuminate\\Database\\Migrations\\Migrator->run(Array, Array)
#17 C:\\Users\\andra\\Desktop\\kelompokfive-dev\\pesanWisata-Laravel\\vendor\\laravel\\framework\\src\\Illuminate\\Database\\Migrations\\Migrator.php(615): Illuminate\\Database\\Console\\Migrations\\MigrateCommand->Illuminate\\Database\\Console\\Migrations\\{closure}()
#18 C:\\Users\\andra\\Desktop\\kelompokfive-dev\\pesanWisata-Laravel\\vendor\\laravel\\framework\\src\\Illuminate\\Database\\Console\\Migrations\\MigrateCommand.php(109): Illuminate\\Database\\Migrations\\Migrator->usingConnection(NULL, Object(Closure))
#19 C:\\Users\\andra\\Desktop\\kelompokfive-dev\\pesanWisata-Laravel\\vendor\\laravel\\framework\\src\\Illuminate\\Database\\Console\\Migrations\\MigrateCommand.php(88): Illuminate\\Database\\Console\\Migrations\\MigrateCommand->runMigrations()
#20 C:\\Users\\andra\\Desktop\\kelompokfive-dev\\pesanWisata-Laravel\\vendor\\laravel\\framework\\src\\Illuminate\\Container\\BoundMethod.php(36): Illuminate\\Database\\Console\\Migrations\\MigrateCommand->handle()
#21 C:\\Users\\andra\\Desktop\\kelompokfive-dev\\pesanWisata-Laravel\\vendor\\laravel\\framework\\src\\Illuminate\\Container\\Util.php(43): Illuminate\\Container\\BoundMethod::Illuminate\\Container\\{closure}()
#22 C:\\Users\\andra\\Desktop\\kelompokfive-dev\\pesanWisata-Laravel\\vendor\\laravel\\framework\\src\\Illuminate\\Container\\BoundMethod.php(95): Illuminate\\Container\\Util::unwrapIfClosure(Object(Closure))
#23 C:\\Users\\andra\\Desktop\\kelompokfive-dev\\pesanWisata-Laravel\\vendor\\laravel\\framework\\src\\Illuminate\\Container\\BoundMethod.php(35): Illuminate\\Container\\BoundMethod::callBoundMethod(Object(Illuminate\\Foundation\\Application), Array, Object(Closure))
#24 C:\\Users\\andra\\Desktop\\kelompokfive-dev\\pesanWisata-Laravel\\vendor\\laravel\\framework\\src\\Illuminate\\Container\\Container.php(690): Illuminate\\Container\\BoundMethod::call(Object(Illuminate\\Foundation\\Application), Array, Array, NULL)
#25 C:\\Users\\andra\\Desktop\\kelompokfive-dev\\pesanWisata-Laravel\\vendor\\laravel\\framework\\src\\Illuminate\\Console\\Command.php(213): Illuminate\\Container\\Container->call(Array)
#26 C:\\Users\\andra\\Desktop\\kelompokfive-dev\\pesanWisata-Laravel\\vendor\\symfony\\console\\Command\\Command.php(279): Illuminate\\Console\\Command->execute(Object(Symfony\\Component\\Console\\Input\\ArgvInput), Object(Illuminate\\Console\\OutputStyle))
#27 C:\\Users\\andra\\Desktop\\kelompokfive-dev\\pesanWisata-Laravel\\vendor\\laravel\\framework\\src\\Illuminate\\Console\\Command.php(182): Symfony\\Component\\Console\\Command\\Command->run(Object(Symfony\\Component\\Console\\Input\\ArgvInput), Object(Illuminate\\Console\\OutputStyle))
#28 C:\\Users\\andra\\Desktop\\kelompokfive-dev\\pesanWisata-Laravel\\vendor\\symfony\\console\\Application.php(1047): Illuminate\\Console\\Command->run(Object(Symfony\\Component\\Console\\Input\\ArgvInput), Object(Symfony\\Component\\Console\\Output\\ConsoleOutput))
#29 C:\\Users\\andra\\Desktop\\kelompokfive-dev\\pesanWisata-Laravel\\vendor\\symfony\\console\\Application.php(316): Symfony\\Component\\Console\\Application->doRunCommand(Object(Illuminate\\Database\\Console\\Migrations\\MigrateCommand), Object(Symfony\\Component\\Console\\Input\\ArgvInput), Object(Symfony\\Component\\Console\\Output\\ConsoleOutput))
#30 C:\\Users\\andra\\Desktop\\kelompokfive-dev\\pesanWisata-Laravel\\vendor\\symfony\\console\\Application.php(167): Symfony\\Component\\Console\\Application->doRun(Object(Symfony\\Component\\Console\\Input\\ArgvInput), Object(Symfony\\Component\\Console\\Output\\ConsoleOutput))
#31 C:\\Users\\andra\\Desktop\\kelompokfive-dev\\pesanWisata-Laravel\\vendor\\laravel\\framework\\src\\Illuminate\\Foundation\\Console\\Kernel.php(197): Symfony\\Component\\Console\\Application->run(Object(Symfony\\Component\\Console\\Input\\ArgvInput), Object(Symfony\\Component\\Console\\Output\\ConsoleOutput))
#32 C:\\Users\\andra\\Desktop\\kelompokfive-dev\\pesanWisata-Laravel\\vendor\\laravel\\framework\\src\\Illuminate\\Foundation\\Application.php(1203): Illuminate\\Foundation\\Console\\Kernel->handle(Object(Symfony\\Component\\Console\\Input\\ArgvInput), Object(Symfony\\Component\\Console\\Output\\ConsoleOutput))
#33 C:\\Users\\andra\\Desktop\\kelompokfive-dev\\pesanWisata-Laravel\\artisan(13): Illuminate\\Foundation\\Application->handleCommand(Object(Symfony\\Component\\Console\\Input\\ArgvInput))
#34 {main}

[previous exception] [object] (PDOException(code: HY000): SQLSTATE[HY000]: General error: 1 table \"personal_access_tokens\" already exists at C:\\Users\\andra\\Desktop\\kelompokfive-dev\\pesanWisata-Laravel\\vendor\\laravel\\framework\\src\\Illuminate\\Database\\Connection.php:565)
[stacktrace]
#0 C:\\Users\\andra\\Desktop\\kelompokfive-dev\\pesanWisata-Laravel\\vendor\\laravel\\framework\\src\\Illuminate\\Database\\Connection.php(565): PDO->prepare('create table \"p...')
#1 C:\\Users\\andra\\Desktop\\kelompokfive-dev\\pesanWisata-Laravel\\vendor\\laravel\\framework\\src\\Illuminate\\Database\\Connection.php(812): Illuminate\\Database\\Connection->Illuminate\\Database\\{closure}('create table \"p...', Array)
#2 C:\\Users\\andra\\Desktop\\kelompokfive-dev\\pesanWisata-Laravel\\vendor\\laravel\\framework\\src\\Illuminate\\Database\\Connection.php(779): Illuminate\\Database\\Connection->runQueryCallback('create table \"p...', Array, Object(Closure))
#3 C:\\Users\\andra\\Desktop\\kelompokfive-dev\\pesanWisata-Laravel\\vendor\\laravel\\framework\\src\\Illuminate\\Database\\Connection.php(560): Illuminate\\Database\\Connection->run('create table \"p...', Array, Object(Closure))
#4 C:\\Users\\andra\\Desktop\\kelompokfive-dev\\pesanWisata-Laravel\\vendor\\laravel\\framework\\src\\Illuminate\\Database\\Schema\\Blueprint.php(117): Illuminate\\Database\\Connection->statement('create table \"p...')
#5 C:\\Users\\andra\\Desktop\\kelompokfive-dev\\pesanWisata-Laravel\\vendor\\laravel\\framework\\src\\Illuminate\\Database\\Schema\\Builder.php(565): Illuminate\\Database\\Schema\\Blueprint->build(Object(Illuminate\\Database\\SQLiteConnection), Object(Illuminate\\Database\\Schema\\Grammars\\SQLiteGrammar))
#6 C:\\Users\\andra\\Desktop\\kelompokfive-dev\\pesanWisata-Laravel\\vendor\\laravel\\framework\\src\\Illuminate\\Database\\Schema\\Builder.php(419): Illuminate\\Database\\Schema\\Builder->build(Object(Illuminate\\Database\\Schema\\Blueprint))
#7 C:\\Users\\andra\\Desktop\\kelompokfive-dev\\pesanWisata-Laravel\\vendor\\laravel\\framework\\src\\Illuminate\\Support\\Facades\\Facade.php(357): Illuminate\\Database\\Schema\\Builder->create('personal_access...', Object(Closure))
#8 C:\\Users\\andra\\Desktop\\kelompokfive-dev\\pesanWisata-Laravel\\database\\migrations\\2024_09_02_142913_create_personal_access_tokens_table.php(14): Illuminate\\Support\\Facades\\Facade::__callStatic('create', Array)
#9 C:\\Users\\andra\\Desktop\\kelompokfive-dev\\pesanWisata-Laravel\\vendor\\laravel\\framework\\src\\Illuminate\\Database\\Migrations\\Migrator.php(475): Illuminate\\Database\\Migrations\\Migration@anonymous->up()
#10 C:\\Users\\andra\\Desktop\\kelompokfive-dev\\pesanWisata-Laravel\\vendor\\laravel\\framework\\src\\Illuminate\\Database\\Migrations\\Migrator.php(400): Illuminate\\Database\\Migrations\\Migrator->runMethod(Object(Illuminate\\Database\\SQLiteConnection), Object(Illuminate\\Database\\Migrations\\Migration@anonymous), 'up')
#11 C:\\Users\\andra\\Desktop\\kelompokfive-dev\\pesanWisata-Laravel\\vendor\\laravel\\framework\\src\\Illuminate\\Database\\Migrations\\Migrator.php(409): Illuminate\\Database\\Migrations\\Migrator->Illuminate\\Database\\Migrations\\{closure}()
#12 C:\\Users\\andra\\Desktop\\kelompokfive-dev\\pesanWisata-Laravel\\vendor\\laravel\\framework\\src\\Illuminate\\Database\\Migrations\\Migrator.php(212): Illuminate\\Database\\Migrations\\Migrator->runMigration(Object(Illuminate\\Database\\Migrations\\Migration@anonymous), 'up')
#13 C:\\Users\\andra\\Desktop\\kelompokfive-dev\\pesanWisata-Laravel\\vendor\\laravel\\framework\\src\\Illuminate\\Console\\View\\Components\\Task.php(40): Illuminate\\Database\\Migrations\\Migrator->Illuminate\\Database\\Migrations\\{closure}()
#14 C:\\Users\\andra\\Desktop\\kelompokfive-dev\\pesanWisata-Laravel\\vendor\\laravel\\framework\\src\\Illuminate\\Database\\Migrations\\Migrator.php(736): Illuminate\\Console\\View\\Components\\Task->render('2024_09_02_1429...', Object(Closure))
#15 C:\\Users\\andra\\Desktop\\kelompokfive-dev\\pesanWisata-Laravel\\vendor\\laravel\\framework\\src\\Illuminate\\Database\\Migrations\\Migrator.php(212): Illuminate\\Database\\Migrations\\Migrator->write('Illuminate\\\\Cons...', '2024_09_02_1429...', Object(Closure))
#16 C:\\Users\\andra\\Desktop\\kelompokfive-dev\\pesanWisata-Laravel\\vendor\\laravel\\framework\\src\\Illuminate\\Database\\Migrations\\Migrator.php(179): Illuminate\\Database\\Migrations\\Migrator->runUp('C:\\\\Users\\\\andra\\\\...', 3, false)
#17 C:\\Users\\andra\\Desktop\\kelompokfive-dev\\pesanWisata-Laravel\\vendor\\laravel\\framework\\src\\Illuminate\\Database\\Migrations\\Migrator.php(122): Illuminate\\Database\\Migrations\\Migrator->runPending(Array, Array)
#18 C:\\Users\\andra\\Desktop\\kelompokfive-dev\\pesanWisata-Laravel\\vendor\\laravel\\framework\\src\\Illuminate\\Database\\Console\\Migrations\\MigrateCommand.php(116): Illuminate\\Database\\Migrations\\Migrator->run(Array, Array)
#19 C:\\Users\\andra\\Desktop\\kelompokfive-dev\\pesanWisata-Laravel\\vendor\\laravel\\framework\\src\\Illuminate\\Database\\Migrations\\Migrator.php(615): Illuminate\\Database\\Console\\Migrations\\MigrateCommand->Illuminate\\Database\\Console\\Migrations\\{closure}()
#20 C:\\Users\\andra\\Desktop\\kelompokfive-dev\\pesanWisata-Laravel\\vendor\\laravel\\framework\\src\\Illuminate\\Database\\Console\\Migrations\\MigrateCommand.php(109): Illuminate\\Database\\Migrations\\Migrator->usingConnection(NULL, Object(Closure))
#21 C:\\Users\\andra\\Desktop\\kelompokfive-dev\\pesanWisata-Laravel\\vendor\\laravel\\framework\\src\\Illuminate\\Database\\Console\\Migrations\\MigrateCommand.php(88): Illuminate\\Database\\Console\\Migrations\\MigrateCommand->runMigrations()
#22 C:\\Users\\andra\\Desktop\\kelompokfive-dev\\pesanWisata-Laravel\\vendor\\laravel\\framework\\src\\Illuminate\\Container\\BoundMethod.php(36): Illuminate\\Database\\Console\\Migrations\\MigrateCommand->handle()
#23 C:\\Users\\andra\\Desktop\\kelompokfive-dev\\pesanWisata-Laravel\\vendor\\laravel\\framework\\src\\Illuminate\\Container\\Util.php(43): Illuminate\\Container\\BoundMethod::Illuminate\\Container\\{closure}()
#24 C:\\Users\\andra\\Desktop\\kelompokfive-dev\\pesanWisata-Laravel\\vendor\\laravel\\framework\\src\\Illuminate\\Container\\BoundMethod.php(95): Illuminate\\Container\\Util::unwrapIfClosure(Object(Closure))
#25 C:\\Users\\andra\\Desktop\\kelompokfive-dev\\pesanWisata-Laravel\\vendor\\laravel\\framework\\src\\Illuminate\\Container\\BoundMethod.php(35): Illuminate\\Container\\BoundMethod::callBoundMethod(Object(Illuminate\\Foundation\\Application), Array, Object(Closure))
#26 C:\\Users\\andra\\Desktop\\kelompokfive-dev\\pesanWisata-Laravel\\vendor\\laravel\\framework\\src\\Illuminate\\Container\\Container.php(690): Illuminate\\Container\\BoundMethod::call(Object(Illuminate\\Foundation\\Application), Array, Array, NULL)
#27 C:\\Users\\andra\\Desktop\\kelompokfive-dev\\pesanWisata-Laravel\\vendor\\laravel\\framework\\src\\Illuminate\\Console\\Command.php(213): Illuminate\\Container\\Container->call(Array)
#28 C:\\Users\\andra\\Desktop\\kelompokfive-dev\\pesanWisata-Laravel\\vendor\\symfony\\console\\Command\\Command.php(279): Illuminate\\Console\\Command->execute(Object(Symfony\\Component\\Console\\Input\\ArgvInput), Object(Illuminate\\Console\\OutputStyle))
#29 C:\\Users\\andra\\Desktop\\kelompokfive-dev\\pesanWisata-Laravel\\vendor\\laravel\\framework\\src\\Illuminate\\Console\\Command.php(182): Symfony\\Component\\Console\\Command\\Command->run(Object(Symfony\\Component\\Console\\Input\\ArgvInput), Object(Illuminate\\Console\\OutputStyle))
#30 C:\\Users\\andra\\Desktop\\kelompokfive-dev\\pesanWisata-Laravel\\vendor\\symfony\\console\\Application.php(1047): Illuminate\\Console\\Command->run(Object(Symfony\\Component\\Console\\Input\\ArgvInput), Object(Symfony\\Component\\Console\\Output\\ConsoleOutput))
#31 C:\\Users\\andra\\Desktop\\kelompokfive-dev\\pesanWisata-Laravel\\vendor\\symfony\\console\\Application.php(316): Symfony\\Component\\Console\\Application->doRunCommand(Object(Illuminate\\Database\\Console\\Migrations\\MigrateCommand), Object(Symfony\\Component\\Console\\Input\\ArgvInput), Object(Symfony\\Component\\Console\\Output\\ConsoleOutput))
#32 C:\\Users\\andra\\Desktop\\kelompokfive-dev\\pesanWisata-Laravel\\vendor\\symfony\\console\\Application.php(167): Symfony\\Component\\Console\\Application->doRun(Object(Symfony\\Component\\Console\\Input\\ArgvInput), Object(Symfony\\Component\\Console\\Output\\ConsoleOutput))
#33 C:\\Users\\andra\\Desktop\\kelompokfive-dev\\pesanWisata-Laravel\\vendor\\laravel\\framework\\src\\Illuminate\\Foundation\\Console\\Kernel.php(197): Symfony\\Component\\Console\\Application->run(Object(Symfony\\Component\\Console\\Input\\ArgvInput), Object(Symfony\\Component\\Console\\Output\\ConsoleOutput))
#34 C:\\Users\\andra\\Desktop\\kelompokfive-dev\\pesanWisata-Laravel\\vendor\\laravel\\framework\\src\\Illuminate\\Foundation\\Application.php(1203): Illuminate\\Foundation\\Console\\Kernel->handle(Object(Symfony\\Component\\Console\\Input\\ArgvInput), Object(Symfony\\Component\\Console\\Output\\ConsoleOutput))
#35 C:\\Users\\andra\\Desktop\\kelompokfive-dev\\pesanWisata-Laravel\\artisan(13): Illuminate\\Foundation\\Application->handleCommand(Object(Symfony\\Component\\Console\\Input\\ArgvInput))
#36 {main}
"} 
[2024-09-10 15:37:52] local.ERROR: SQLSTATE[HY000]: General error: 1 table "personal_access_tokens" already exists (Connection: sqlite, SQL: create table "personal_access_tokens" ("id" integer primary key autoincrement not null, "tokenable_type" varchar not null, "tokenable_id" integer not null, "name" varchar not null, "token" varchar not null, "abilities" text, "last_used_at" datetime, "expires_at" datetime, "created_at" datetime, "updated_at" datetime)) {"exception":"[object] (Illuminate\\Database\\QueryException(code: HY000): SQLSTATE[HY000]: General error: 1 table \"personal_access_tokens\" already exists (Connection: sqlite, SQL: create table \"personal_access_tokens\" (\"id\" integer primary key autoincrement not null, \"tokenable_type\" varchar not null, \"tokenable_id\" integer not null, \"name\" varchar not null, \"token\" varchar not null, \"abilities\" text, \"last_used_at\" datetime, \"expires_at\" datetime, \"created_at\" datetime, \"updated_at\" datetime)) at C:\\Users\\andra\\Desktop\\kelompokfive-dev\\pesanWisata-Laravel\\vendor\\laravel\\framework\\src\\Illuminate\\Database\\Connection.php:825)
[stacktrace]
#0 C:\\Users\\andra\\Desktop\\kelompokfive-dev\\pesanWisata-Laravel\\vendor\\laravel\\framework\\src\\Illuminate\\Database\\Connection.php(779): Illuminate\\Database\\Connection->runQueryCallback('create table \"p...', Array, Object(Closure))
#1 C:\\Users\\andra\\Desktop\\kelompokfive-dev\\pesanWisata-Laravel\\vendor\\laravel\\framework\\src\\Illuminate\\Database\\Connection.php(560): Illuminate\\Database\\Connection->run('create table \"p...', Array, Object(Closure))
#2 C:\\Users\\andra\\Desktop\\kelompokfive-dev\\pesanWisata-Laravel\\vendor\\laravel\\framework\\src\\Illuminate\\Database\\Schema\\Blueprint.php(117): Illuminate\\Database\\Connection->statement('create table \"p...')
#3 C:\\Users\\andra\\Desktop\\kelompokfive-dev\\pesanWisata-Laravel\\vendor\\laravel\\framework\\src\\Illuminate\\Database\\Schema\\Builder.php(565): Illuminate\\Database\\Schema\\Blueprint->build(Object(Illuminate\\Database\\SQLiteConnection), Object(Illuminate\\Database\\Schema\\Grammars\\SQLiteGrammar))
#4 C:\\Users\\andra\\Desktop\\kelompokfive-dev\\pesanWisata-Laravel\\vendor\\laravel\\framework\\src\\Illuminate\\Database\\Schema\\Builder.php(419): Illuminate\\Database\\Schema\\Builder->build(Object(Illuminate\\Database\\Schema\\Blueprint))
#5 C:\\Users\\andra\\Desktop\\kelompokfive-dev\\pesanWisata-Laravel\\vendor\\laravel\\framework\\src\\Illuminate\\Support\\Facades\\Facade.php(357): Illuminate\\Database\\Schema\\Builder->create('personal_access...', Object(Closure))
#6 C:\\Users\\andra\\Desktop\\kelompokfive-dev\\pesanWisata-Laravel\\database\\migrations\\2024_09_03_150836_create_personal_access_tokens_table.php(14): Illuminate\\Support\\Facades\\Facade::__callStatic('create', Array)
#7 C:\\Users\\andra\\Desktop\\kelompokfive-dev\\pesanWisata-Laravel\\vendor\\laravel\\framework\\src\\Illuminate\\Database\\Migrations\\Migrator.php(475): Illuminate\\Database\\Migrations\\Migration@anonymous->up()
#8 C:\\Users\\andra\\Desktop\\kelompokfive-dev\\pesanWisata-Laravel\\vendor\\laravel\\framework\\src\\Illuminate\\Database\\Migrations\\Migrator.php(400): Illuminate\\Database\\Migrations\\Migrator->runMethod(Object(Illuminate\\Database\\SQLiteConnection), Object(Illuminate\\Database\\Migrations\\Migration@anonymous), 'up')
#9 C:\\Users\\andra\\Desktop\\kelompokfive-dev\\pesanWisata-Laravel\\vendor\\laravel\\framework\\src\\Illuminate\\Database\\Migrations\\Migrator.php(409): Illuminate\\Database\\Migrations\\Migrator->Illuminate\\Database\\Migrations\\{closure}()
#10 C:\\Users\\andra\\Desktop\\kelompokfive-dev\\pesanWisata-Laravel\\vendor\\laravel\\framework\\src\\Illuminate\\Database\\Migrations\\Migrator.php(212): Illuminate\\Database\\Migrations\\Migrator->runMigration(Object(Illuminate\\Database\\Migrations\\Migration@anonymous), 'up')
#11 C:\\Users\\andra\\Desktop\\kelompokfive-dev\\pesanWisata-Laravel\\vendor\\laravel\\framework\\src\\Illuminate\\Console\\View\\Components\\Task.php(40): Illuminate\\Database\\Migrations\\Migrator->Illuminate\\Database\\Migrations\\{closure}()
#12 C:\\Users\\andra\\Desktop\\kelompokfive-dev\\pesanWisata-Laravel\\vendor\\laravel\\framework\\src\\Illuminate\\Database\\Migrations\\Migrator.php(736): Illuminate\\Console\\View\\Components\\Task->render('2024_09_03_1508...', Object(Closure))
#13 C:\\Users\\andra\\Desktop\\kelompokfive-dev\\pesanWisata-Laravel\\vendor\\laravel\\framework\\src\\Illuminate\\Database\\Migrations\\Migrator.php(212): Illuminate\\Database\\Migrations\\Migrator->write('Illuminate\\\\Cons...', '2024_09_03_1508...', Object(Closure))
#14 C:\\Users\\andra\\Desktop\\kelompokfive-dev\\pesanWisata-Laravel\\vendor\\laravel\\framework\\src\\Illuminate\\Database\\Migrations\\Migrator.php(179): Illuminate\\Database\\Migrations\\Migrator->runUp('C:\\\\Users\\\\andra\\\\...', 1, false)
#15 C:\\Users\\andra\\Desktop\\kelompokfive-dev\\pesanWisata-Laravel\\vendor\\laravel\\framework\\src\\Illuminate\\Database\\Migrations\\Migrator.php(122): Illuminate\\Database\\Migrations\\Migrator->runPending(Array, Array)
#16 C:\\Users\\andra\\Desktop\\kelompokfive-dev\\pesanWisata-Laravel\\vendor\\laravel\\framework\\src\\Illuminate\\Database\\Console\\Migrations\\MigrateCommand.php(116): Illuminate\\Database\\Migrations\\Migrator->run(Array, Array)
#17 C:\\Users\\andra\\Desktop\\kelompokfive-dev\\pesanWisata-Laravel\\vendor\\laravel\\framework\\src\\Illuminate\\Database\\Migrations\\Migrator.php(615): Illuminate\\Database\\Console\\Migrations\\MigrateCommand->Illuminate\\Database\\Console\\Migrations\\{closure}()
#18 C:\\Users\\andra\\Desktop\\kelompokfive-dev\\pesanWisata-Laravel\\vendor\\laravel\\framework\\src\\Illuminate\\Database\\Console\\Migrations\\MigrateCommand.php(109): Illuminate\\Database\\Migrations\\Migrator->usingConnection(NULL, Object(Closure))
#19 C:\\Users\\andra\\Desktop\\kelompokfive-dev\\pesanWisata-Laravel\\vendor\\laravel\\framework\\src\\Illuminate\\Database\\Console\\Migrations\\MigrateCommand.php(88): Illuminate\\Database\\Console\\Migrations\\MigrateCommand->runMigrations()
#20 C:\\Users\\andra\\Desktop\\kelompokfive-dev\\pesanWisata-Laravel\\vendor\\laravel\\framework\\src\\Illuminate\\Container\\BoundMethod.php(36): Illuminate\\Database\\Console\\Migrations\\MigrateCommand->handle()
#21 C:\\Users\\andra\\Desktop\\kelompokfive-dev\\pesanWisata-Laravel\\vendor\\laravel\\framework\\src\\Illuminate\\Container\\Util.php(43): Illuminate\\Container\\BoundMethod::Illuminate\\Container\\{closure}()
#22 C:\\Users\\andra\\Desktop\\kelompokfive-dev\\pesanWisata-Laravel\\vendor\\laravel\\framework\\src\\Illuminate\\Container\\BoundMethod.php(95): Illuminate\\Container\\Util::unwrapIfClosure(Object(Closure))
#23 C:\\Users\\andra\\Desktop\\kelompokfive-dev\\pesanWisata-Laravel\\vendor\\laravel\\framework\\src\\Illuminate\\Container\\BoundMethod.php(35): Illuminate\\Container\\BoundMethod::callBoundMethod(Object(Illuminate\\Foundation\\Application), Array, Object(Closure))
#24 C:\\Users\\andra\\Desktop\\kelompokfive-dev\\pesanWisata-Laravel\\vendor\\laravel\\framework\\src\\Illuminate\\Container\\Container.php(690): Illuminate\\Container\\BoundMethod::call(Object(Illuminate\\Foundation\\Application), Array, Array, NULL)
#25 C:\\Users\\andra\\Desktop\\kelompokfive-dev\\pesanWisata-Laravel\\vendor\\laravel\\framework\\src\\Illuminate\\Console\\Command.php(213): Illuminate\\Container\\Container->call(Array)
#26 C:\\Users\\andra\\Desktop\\kelompokfive-dev\\pesanWisata-Laravel\\vendor\\symfony\\console\\Command\\Command.php(279): Illuminate\\Console\\Command->execute(Object(Symfony\\Component\\Console\\Input\\ArrayInput), Object(Illuminate\\Console\\OutputStyle))
#27 C:\\Users\\andra\\Desktop\\kelompokfive-dev\\pesanWisata-Laravel\\vendor\\laravel\\framework\\src\\Illuminate\\Console\\Command.php(182): Symfony\\Component\\Console\\Command\\Command->run(Object(Symfony\\Component\\Console\\Input\\ArrayInput), Object(Illuminate\\Console\\OutputStyle))
#28 C:\\Users\\andra\\Desktop\\kelompokfive-dev\\pesanWisata-Laravel\\vendor\\laravel\\framework\\src\\Illuminate\\Console\\Concerns\\CallsCommands.php(67): Illuminate\\Console\\Command->run(Object(Symfony\\Component\\Console\\Input\\ArrayInput), Object(Illuminate\\Console\\OutputStyle))
#29 C:\\Users\\andra\\Desktop\\kelompokfive-dev\\pesanWisata-Laravel\\vendor\\laravel\\framework\\src\\Illuminate\\Console\\Concerns\\CallsCommands.php(28): Illuminate\\Console\\Command->runCommand('migrate', Array, Object(Illuminate\\Console\\OutputStyle))
#30 C:\\Users\\andra\\Desktop\\kelompokfive-dev\\pesanWisata-Laravel\\vendor\\laravel\\framework\\src\\Illuminate\\Database\\Console\\Migrations\\FreshCommand.php(82): Illuminate\\Console\\Command->call('migrate', Array)
#31 C:\\Users\\andra\\Desktop\\kelompokfive-dev\\pesanWisata-Laravel\\vendor\\laravel\\framework\\src\\Illuminate\\Container\\BoundMethod.php(36): Illuminate\\Database\\Console\\Migrations\\FreshCommand->handle()
#32 C:\\Users\\andra\\Desktop\\kelompokfive-dev\\pesanWisata-Laravel\\vendor\\laravel\\framework\\src\\Illuminate\\Container\\Util.php(43): Illuminate\\Container\\BoundMethod::Illuminate\\Container\\{closure}()
#33 C:\\Users\\andra\\Desktop\\kelompokfive-dev\\pesanWisata-Laravel\\vendor\\laravel\\framework\\src\\Illuminate\\Container\\BoundMethod.php(95): Illuminate\\Container\\Util::unwrapIfClosure(Object(Closure))
#34 C:\\Users\\andra\\Desktop\\kelompokfive-dev\\pesanWisata-Laravel\\vendor\\laravel\\framework\\src\\Illuminate\\Container\\BoundMethod.php(35): Illuminate\\Container\\BoundMethod::callBoundMethod(Object(Illuminate\\Foundation\\Application), Array, Object(Closure))
#35 C:\\Users\\andra\\Desktop\\kelompokfive-dev\\pesanWisata-Laravel\\vendor\\laravel\\framework\\src\\Illuminate\\Container\\Container.php(690): Illuminate\\Container\\BoundMethod::call(Object(Illuminate\\Foundation\\Application), Array, Array, NULL)
#36 C:\\Users\\andra\\Desktop\\kelompokfive-dev\\pesanWisata-Laravel\\vendor\\laravel\\framework\\src\\Illuminate\\Console\\Command.php(213): Illuminate\\Container\\Container->call(Array)
#37 C:\\Users\\andra\\Desktop\\kelompokfive-dev\\pesanWisata-Laravel\\vendor\\symfony\\console\\Command\\Command.php(279): Illuminate\\Console\\Command->execute(Object(Symfony\\Component\\Console\\Input\\ArgvInput), Object(Illuminate\\Console\\OutputStyle))
#38 C:\\Users\\andra\\Desktop\\kelompokfive-dev\\pesanWisata-Laravel\\vendor\\laravel\\framework\\src\\Illuminate\\Console\\Command.php(182): Symfony\\Component\\Console\\Command\\Command->run(Object(Symfony\\Component\\Console\\Input\\ArgvInput), Object(Illuminate\\Console\\OutputStyle))
#39 C:\\Users\\andra\\Desktop\\kelompokfive-dev\\pesanWisata-Laravel\\vendor\\symfony\\console\\Application.php(1047): Illuminate\\Console\\Command->run(Object(Symfony\\Component\\Console\\Input\\ArgvInput), Object(Symfony\\Component\\Console\\Output\\ConsoleOutput))
#40 C:\\Users\\andra\\Desktop\\kelompokfive-dev\\pesanWisata-Laravel\\vendor\\symfony\\console\\Application.php(316): Symfony\\Component\\Console\\Application->doRunCommand(Object(Illuminate\\Database\\Console\\Migrations\\FreshCommand), Object(Symfony\\Component\\Console\\Input\\ArgvInput), Object(Symfony\\Component\\Console\\Output\\ConsoleOutput))
#41 C:\\Users\\andra\\Desktop\\kelompokfive-dev\\pesanWisata-Laravel\\vendor\\symfony\\console\\Application.php(167): Symfony\\Component\\Console\\Application->doRun(Object(Symfony\\Component\\Console\\Input\\ArgvInput), Object(Symfony\\Component\\Console\\Output\\ConsoleOutput))
#42 C:\\Users\\andra\\Desktop\\kelompokfive-dev\\pesanWisata-Laravel\\vendor\\laravel\\framework\\src\\Illuminate\\Foundation\\Console\\Kernel.php(197): Symfony\\Component\\Console\\Application->run(Object(Symfony\\Component\\Console\\Input\\ArgvInput), Object(Symfony\\Component\\Console\\Output\\ConsoleOutput))
#43 C:\\Users\\andra\\Desktop\\kelompokfive-dev\\pesanWisata-Laravel\\vendor\\laravel\\framework\\src\\Illuminate\\Foundation\\Application.php(1203): Illuminate\\Foundation\\Console\\Kernel->handle(Object(Symfony\\Component\\Console\\Input\\ArgvInput), Object(Symfony\\Component\\Console\\Output\\ConsoleOutput))
#44 C:\\Users\\andra\\Desktop\\kelompokfive-dev\\pesanWisata-Laravel\\artisan(13): Illuminate\\Foundation\\Application->handleCommand(Object(Symfony\\Component\\Console\\Input\\ArgvInput))
#45 {main}

[previous exception] [object] (PDOException(code: HY000): SQLSTATE[HY000]: General error: 1 table \"personal_access_tokens\" already exists at C:\\Users\\andra\\Desktop\\kelompokfive-dev\\pesanWisata-Laravel\\vendor\\laravel\\framework\\src\\Illuminate\\Database\\Connection.php:565)
[stacktrace]
#0 C:\\Users\\andra\\Desktop\\kelompokfive-dev\\pesanWisata-Laravel\\vendor\\laravel\\framework\\src\\Illuminate\\Database\\Connection.php(565): PDO->prepare('create table \"p...')
#1 C:\\Users\\andra\\Desktop\\kelompokfive-dev\\pesanWisata-Laravel\\vendor\\laravel\\framework\\src\\Illuminate\\Database\\Connection.php(812): Illuminate\\Database\\Connection->Illuminate\\Database\\{closure}('create table \"p...', Array)
#2 C:\\Users\\andra\\Desktop\\kelompokfive-dev\\pesanWisata-Laravel\\vendor\\laravel\\framework\\src\\Illuminate\\Database\\Connection.php(779): Illuminate\\Database\\Connection->runQueryCallback('create table \"p...', Array, Object(Closure))
#3 C:\\Users\\andra\\Desktop\\kelompokfive-dev\\pesanWisata-Laravel\\vendor\\laravel\\framework\\src\\Illuminate\\Database\\Connection.php(560): Illuminate\\Database\\Connection->run('create table \"p...', Array, Object(Closure))
#4 C:\\Users\\andra\\Desktop\\kelompokfive-dev\\pesanWisata-Laravel\\vendor\\laravel\\framework\\src\\Illuminate\\Database\\Schema\\Blueprint.php(117): Illuminate\\Database\\Connection->statement('create table \"p...')
#5 C:\\Users\\andra\\Desktop\\kelompokfive-dev\\pesanWisata-Laravel\\vendor\\laravel\\framework\\src\\Illuminate\\Database\\Schema\\Builder.php(565): Illuminate\\Database\\Schema\\Blueprint->build(Object(Illuminate\\Database\\SQLiteConnection), Object(Illuminate\\Database\\Schema\\Grammars\\SQLiteGrammar))
#6 C:\\Users\\andra\\Desktop\\kelompokfive-dev\\pesanWisata-Laravel\\vendor\\laravel\\framework\\src\\Illuminate\\Database\\Schema\\Builder.php(419): Illuminate\\Database\\Schema\\Builder->build(Object(Illuminate\\Database\\Schema\\Blueprint))
#7 C:\\Users\\andra\\Desktop\\kelompokfive-dev\\pesanWisata-Laravel\\vendor\\laravel\\framework\\src\\Illuminate\\Support\\Facades\\Facade.php(357): Illuminate\\Database\\Schema\\Builder->create('personal_access...', Object(Closure))
#8 C:\\Users\\andra\\Desktop\\kelompokfive-dev\\pesanWisata-Laravel\\database\\migrations\\2024_09_03_150836_create_personal_access_tokens_table.php(14): Illuminate\\Support\\Facades\\Facade::__callStatic('create', Array)
#9 C:\\Users\\andra\\Desktop\\kelompokfive-dev\\pesanWisata-Laravel\\vendor\\laravel\\framework\\src\\Illuminate\\Database\\Migrations\\Migrator.php(475): Illuminate\\Database\\Migrations\\Migration@anonymous->up()
#10 C:\\Users\\andra\\Desktop\\kelompokfive-dev\\pesanWisata-Laravel\\vendor\\laravel\\framework\\src\\Illuminate\\Database\\Migrations\\Migrator.php(400): Illuminate\\Database\\Migrations\\Migrator->runMethod(Object(Illuminate\\Database\\SQLiteConnection), Object(Illuminate\\Database\\Migrations\\Migration@anonymous), 'up')
#11 C:\\Users\\andra\\Desktop\\kelompokfive-dev\\pesanWisata-Laravel\\vendor\\laravel\\framework\\src\\Illuminate\\Database\\Migrations\\Migrator.php(409): Illuminate\\Database\\Migrations\\Migrator->Illuminate\\Database\\Migrations\\{closure}()
#12 C:\\Users\\andra\\Desktop\\kelompokfive-dev\\pesanWisata-Laravel\\vendor\\laravel\\framework\\src\\Illuminate\\Database\\Migrations\\Migrator.php(212): Illuminate\\Database\\Migrations\\Migrator->runMigration(Object(Illuminate\\Database\\Migrations\\Migration@anonymous), 'up')
#13 C:\\Users\\andra\\Desktop\\kelompokfive-dev\\pesanWisata-Laravel\\vendor\\laravel\\framework\\src\\Illuminate\\Console\\View\\Components\\Task.php(40): Illuminate\\Database\\Migrations\\Migrator->Illuminate\\Database\\Migrations\\{closure}()
#14 C:\\Users\\andra\\Desktop\\kelompokfive-dev\\pesanWisata-Laravel\\vendor\\laravel\\framework\\src\\Illuminate\\Database\\Migrations\\Migrator.php(736): Illuminate\\Console\\View\\Components\\Task->render('2024_09_03_1508...', Object(Closure))
#15 C:\\Users\\andra\\Desktop\\kelompokfive-dev\\pesanWisata-Laravel\\vendor\\laravel\\framework\\src\\Illuminate\\Database\\Migrations\\Migrator.php(212): Illuminate\\Database\\Migrations\\Migrator->write('Illuminate\\\\Cons...', '2024_09_03_1508...', Object(Closure))
#16 C:\\Users\\andra\\Desktop\\kelompokfive-dev\\pesanWisata-Laravel\\vendor\\laravel\\framework\\src\\Illuminate\\Database\\Migrations\\Migrator.php(179): Illuminate\\Database\\Migrations\\Migrator->runUp('C:\\\\Users\\\\andra\\\\...', 1, false)
#17 C:\\Users\\andra\\Desktop\\kelompokfive-dev\\pesanWisata-Laravel\\vendor\\laravel\\framework\\src\\Illuminate\\Database\\Migrations\\Migrator.php(122): Illuminate\\Database\\Migrations\\Migrator->runPending(Array, Array)
#18 C:\\Users\\andra\\Desktop\\kelompokfive-dev\\pesanWisata-Laravel\\vendor\\laravel\\framework\\src\\Illuminate\\Database\\Console\\Migrations\\MigrateCommand.php(116): Illuminate\\Database\\Migrations\\Migrator->run(Array, Array)
#19 C:\\Users\\andra\\Desktop\\kelompokfive-dev\\pesanWisata-Laravel\\vendor\\laravel\\framework\\src\\Illuminate\\Database\\Migrations\\Migrator.php(615): Illuminate\\Database\\Console\\Migrations\\MigrateCommand->Illuminate\\Database\\Console\\Migrations\\{closure}()
#20 C:\\Users\\andra\\Desktop\\kelompokfive-dev\\pesanWisata-Laravel\\vendor\\laravel\\framework\\src\\Illuminate\\Database\\Console\\Migrations\\MigrateCommand.php(109): Illuminate\\Database\\Migrations\\Migrator->usingConnection(NULL, Object(Closure))
#21 C:\\Users\\andra\\Desktop\\kelompokfive-dev\\pesanWisata-Laravel\\vendor\\laravel\\framework\\src\\Illuminate\\Database\\Console\\Migrations\\MigrateCommand.php(88): Illuminate\\Database\\Console\\Migrations\\MigrateCommand->runMigrations()
#22 C:\\Users\\andra\\Desktop\\kelompokfive-dev\\pesanWisata-Laravel\\vendor\\laravel\\framework\\src\\Illuminate\\Container\\BoundMethod.php(36): Illuminate\\Database\\Console\\Migrations\\MigrateCommand->handle()
#23 C:\\Users\\andra\\Desktop\\kelompokfive-dev\\pesanWisata-Laravel\\vendor\\laravel\\framework\\src\\Illuminate\\Container\\Util.php(43): Illuminate\\Container\\BoundMethod::Illuminate\\Container\\{closure}()
#24 C:\\Users\\andra\\Desktop\\kelompokfive-dev\\pesanWisata-Laravel\\vendor\\laravel\\framework\\src\\Illuminate\\Container\\BoundMethod.php(95): Illuminate\\Container\\Util::unwrapIfClosure(Object(Closure))
#25 C:\\Users\\andra\\Desktop\\kelompokfive-dev\\pesanWisata-Laravel\\vendor\\laravel\\framework\\src\\Illuminate\\Container\\BoundMethod.php(35): Illuminate\\Container\\BoundMethod::callBoundMethod(Object(Illuminate\\Foundation\\Application), Array, Object(Closure))
#26 C:\\Users\\andra\\Desktop\\kelompokfive-dev\\pesanWisata-Laravel\\vendor\\laravel\\framework\\src\\Illuminate\\Container\\Container.php(690): Illuminate\\Container\\BoundMethod::call(Object(Illuminate\\Foundation\\Application), Array, Array, NULL)
#27 C:\\Users\\andra\\Desktop\\kelompokfive-dev\\pesanWisata-Laravel\\vendor\\laravel\\framework\\src\\Illuminate\\Console\\Command.php(213): Illuminate\\Container\\Container->call(Array)
#28 C:\\Users\\andra\\Desktop\\kelompokfive-dev\\pesanWisata-Laravel\\vendor\\symfony\\console\\Command\\Command.php(279): Illuminate\\Console\\Command->execute(Object(Symfony\\Component\\Console\\Input\\ArrayInput), Object(Illuminate\\Console\\OutputStyle))
#29 C:\\Users\\andra\\Desktop\\kelompokfive-dev\\pesanWisata-Laravel\\vendor\\laravel\\framework\\src\\Illuminate\\Console\\Command.php(182): Symfony\\Component\\Console\\Command\\Command->run(Object(Symfony\\Component\\Console\\Input\\ArrayInput), Object(Illuminate\\Console\\OutputStyle))
#30 C:\\Users\\andra\\Desktop\\kelompokfive-dev\\pesanWisata-Laravel\\vendor\\laravel\\framework\\src\\Illuminate\\Console\\Concerns\\CallsCommands.php(67): Illuminate\\Console\\Command->run(Object(Symfony\\Component\\Console\\Input\\ArrayInput), Object(Illuminate\\Console\\OutputStyle))
#31 C:\\Users\\andra\\Desktop\\kelompokfive-dev\\pesanWisata-Laravel\\vendor\\laravel\\framework\\src\\Illuminate\\Console\\Concerns\\CallsCommands.php(28): Illuminate\\Console\\Command->runCommand('migrate', Array, Object(Illuminate\\Console\\OutputStyle))
#32 C:\\Users\\andra\\Desktop\\kelompokfive-dev\\pesanWisata-Laravel\\vendor\\laravel\\framework\\src\\Illuminate\\Database\\Console\\Migrations\\FreshCommand.php(82): Illuminate\\Console\\Command->call('migrate', Array)
#33 C:\\Users\\andra\\Desktop\\kelompokfive-dev\\pesanWisata-Laravel\\vendor\\laravel\\framework\\src\\Illuminate\\Container\\BoundMethod.php(36): Illuminate\\Database\\Console\\Migrations\\FreshCommand->handle()
#34 C:\\Users\\andra\\Desktop\\kelompokfive-dev\\pesanWisata-Laravel\\vendor\\laravel\\framework\\src\\Illuminate\\Container\\Util.php(43): Illuminate\\Container\\BoundMethod::Illuminate\\Container\\{closure}()
#35 C:\\Users\\andra\\Desktop\\kelompokfive-dev\\pesanWisata-Laravel\\vendor\\laravel\\framework\\src\\Illuminate\\Container\\BoundMethod.php(95): Illuminate\\Container\\Util::unwrapIfClosure(Object(Closure))
#36 C:\\Users\\andra\\Desktop\\kelompokfive-dev\\pesanWisata-Laravel\\vendor\\laravel\\framework\\src\\Illuminate\\Container\\BoundMethod.php(35): Illuminate\\Container\\BoundMethod::callBoundMethod(Object(Illuminate\\Foundation\\Application), Array, Object(Closure))
#37 C:\\Users\\andra\\Desktop\\kelompokfive-dev\\pesanWisata-Laravel\\vendor\\laravel\\framework\\src\\Illuminate\\Container\\Container.php(690): Illuminate\\Container\\BoundMethod::call(Object(Illuminate\\Foundation\\Application), Array, Array, NULL)
#38 C:\\Users\\andra\\Desktop\\kelompokfive-dev\\pesanWisata-Laravel\\vendor\\laravel\\framework\\src\\Illuminate\\Console\\Command.php(213): Illuminate\\Container\\Container->call(Array)
#39 C:\\Users\\andra\\Desktop\\kelompokfive-dev\\pesanWisata-Laravel\\vendor\\symfony\\console\\Command\\Command.php(279): Illuminate\\Console\\Command->execute(Object(Symfony\\Component\\Console\\Input\\ArgvInput), Object(Illuminate\\Console\\OutputStyle))
#40 C:\\Users\\andra\\Desktop\\kelompokfive-dev\\pesanWisata-Laravel\\vendor\\laravel\\framework\\src\\Illuminate\\Console\\Command.php(182): Symfony\\Component\\Console\\Command\\Command->run(Object(Symfony\\Component\\Console\\Input\\ArgvInput), Object(Illuminate\\Console\\OutputStyle))
#41 C:\\Users\\andra\\Desktop\\kelompokfive-dev\\pesanWisata-Laravel\\vendor\\symfony\\console\\Application.php(1047): Illuminate\\Console\\Command->run(Object(Symfony\\Component\\Console\\Input\\ArgvInput), Object(Symfony\\Component\\Console\\Output\\ConsoleOutput))
#42 C:\\Users\\andra\\Desktop\\kelompokfive-dev\\pesanWisata-Laravel\\vendor\\symfony\\console\\Application.php(316): Symfony\\Component\\Console\\Application->doRunCommand(Object(Illuminate\\Database\\Console\\Migrations\\FreshCommand), Object(Symfony\\Component\\Console\\Input\\ArgvInput), Object(Symfony\\Component\\Console\\Output\\ConsoleOutput))
#43 C:\\Users\\andra\\Desktop\\kelompokfive-dev\\pesanWisata-Laravel\\vendor\\symfony\\console\\Application.php(167): Symfony\\Component\\Console\\Application->doRun(Object(Symfony\\Component\\Console\\Input\\ArgvInput), Object(Symfony\\Component\\Console\\Output\\ConsoleOutput))
#44 C:\\Users\\andra\\Desktop\\kelompokfive-dev\\pesanWisata-Laravel\\vendor\\laravel\\framework\\src\\Illuminate\\Foundation\\Console\\Kernel.php(197): Symfony\\Component\\Console\\Application->run(Object(Symfony\\Component\\Console\\Input\\ArgvInput), Object(Symfony\\Component\\Console\\Output\\ConsoleOutput))
#45 C:\\Users\\andra\\Desktop\\kelompokfive-dev\\pesanWisata-Laravel\\vendor\\laravel\\framework\\src\\Illuminate\\Foundation\\Application.php(1203): Illuminate\\Foundation\\Console\\Kernel->handle(Object(Symfony\\Component\\Console\\Input\\ArgvInput), Object(Symfony\\Component\\Console\\Output\\ConsoleOutput))
#46 C:\\Users\\andra\\Desktop\\kelompokfive-dev\\pesanWisata-Laravel\\artisan(13): Illuminate\\Foundation\\Application->handleCommand(Object(Symfony\\Component\\Console\\Input\\ArgvInput))
#47 {main}
"} 
[2024-09-10 15:42:27] local.ERROR: SQLSTATE[HY000]: General error: 1 table "personal_access_tokens" already exists (Connection: sqlite, SQL: create table "personal_access_tokens" ("id" integer primary key autoincrement not null, "tokenable_type" varchar not null, "tokenable_id" integer not null, "name" varchar not null, "token" varchar not null, "abilities" text, "last_used_at" datetime, "expires_at" datetime, "created_at" datetime, "updated_at" datetime)) {"exception":"[object] (Illuminate\\Database\\QueryException(code: HY000): SQLSTATE[HY000]: General error: 1 table \"personal_access_tokens\" already exists (Connection: sqlite, SQL: create table \"personal_access_tokens\" (\"id\" integer primary key autoincrement not null, \"tokenable_type\" varchar not null, \"tokenable_id\" integer not null, \"name\" varchar not null, \"token\" varchar not null, \"abilities\" text, \"last_used_at\" datetime, \"expires_at\" datetime, \"created_at\" datetime, \"updated_at\" datetime)) at C:\\Users\\andra\\Desktop\\kelompokfive-dev\\pesanWisata-Laravel\\vendor\\laravel\\framework\\src\\Illuminate\\Database\\Connection.php:825)
[stacktrace]
#0 C:\\Users\\andra\\Desktop\\kelompokfive-dev\\pesanWisata-Laravel\\vendor\\laravel\\framework\\src\\Illuminate\\Database\\Connection.php(779): Illuminate\\Database\\Connection->runQueryCallback('create table \"p...', Array, Object(Closure))
#1 C:\\Users\\andra\\Desktop\\kelompokfive-dev\\pesanWisata-Laravel\\vendor\\laravel\\framework\\src\\Illuminate\\Database\\Connection.php(560): Illuminate\\Database\\Connection->run('create table \"p...', Array, Object(Closure))
#2 C:\\Users\\andra\\Desktop\\kelompokfive-dev\\pesanWisata-Laravel\\vendor\\laravel\\framework\\src\\Illuminate\\Database\\Schema\\Blueprint.php(117): Illuminate\\Database\\Connection->statement('create table \"p...')
#3 C:\\Users\\andra\\Desktop\\kelompokfive-dev\\pesanWisata-Laravel\\vendor\\laravel\\framework\\src\\Illuminate\\Database\\Schema\\Builder.php(565): Illuminate\\Database\\Schema\\Blueprint->build(Object(Illuminate\\Database\\SQLiteConnection), Object(Illuminate\\Database\\Schema\\Grammars\\SQLiteGrammar))
#4 C:\\Users\\andra\\Desktop\\kelompokfive-dev\\pesanWisata-Laravel\\vendor\\laravel\\framework\\src\\Illuminate\\Database\\Schema\\Builder.php(419): Illuminate\\Database\\Schema\\Builder->build(Object(Illuminate\\Database\\Schema\\Blueprint))
#5 C:\\Users\\andra\\Desktop\\kelompokfive-dev\\pesanWisata-Laravel\\vendor\\laravel\\framework\\src\\Illuminate\\Support\\Facades\\Facade.php(357): Illuminate\\Database\\Schema\\Builder->create('personal_access...', Object(Closure))
#6 C:\\Users\\andra\\Desktop\\kelompokfive-dev\\pesanWisata-Laravel\\database\\migrations\\2024_09_03_150836_create_personal_access_tokens_table.php(14): Illuminate\\Support\\Facades\\Facade::__callStatic('create', Array)
#7 C:\\Users\\andra\\Desktop\\kelompokfive-dev\\pesanWisata-Laravel\\vendor\\laravel\\framework\\src\\Illuminate\\Database\\Migrations\\Migrator.php(475): Illuminate\\Database\\Migrations\\Migration@anonymous->up()
#8 C:\\Users\\andra\\Desktop\\kelompokfive-dev\\pesanWisata-Laravel\\vendor\\laravel\\framework\\src\\Illuminate\\Database\\Migrations\\Migrator.php(400): Illuminate\\Database\\Migrations\\Migrator->runMethod(Object(Illuminate\\Database\\SQLiteConnection), Object(Illuminate\\Database\\Migrations\\Migration@anonymous), 'up')
#9 C:\\Users\\andra\\Desktop\\kelompokfive-dev\\pesanWisata-Laravel\\vendor\\laravel\\framework\\src\\Illuminate\\Database\\Migrations\\Migrator.php(409): Illuminate\\Database\\Migrations\\Migrator->Illuminate\\Database\\Migrations\\{closure}()
#10 C:\\Users\\andra\\Desktop\\kelompokfive-dev\\pesanWisata-Laravel\\vendor\\laravel\\framework\\src\\Illuminate\\Database\\Migrations\\Migrator.php(212): Illuminate\\Database\\Migrations\\Migrator->runMigration(Object(Illuminate\\Database\\Migrations\\Migration@anonymous), 'up')
#11 C:\\Users\\andra\\Desktop\\kelompokfive-dev\\pesanWisata-Laravel\\vendor\\laravel\\framework\\src\\Illuminate\\Console\\View\\Components\\Task.php(40): Illuminate\\Database\\Migrations\\Migrator->Illuminate\\Database\\Migrations\\{closure}()
#12 C:\\Users\\andra\\Desktop\\kelompokfive-dev\\pesanWisata-Laravel\\vendor\\laravel\\framework\\src\\Illuminate\\Database\\Migrations\\Migrator.php(736): Illuminate\\Console\\View\\Components\\Task->render('2024_09_03_1508...', Object(Closure))
#13 C:\\Users\\andra\\Desktop\\kelompokfive-dev\\pesanWisata-Laravel\\vendor\\laravel\\framework\\src\\Illuminate\\Database\\Migrations\\Migrator.php(212): Illuminate\\Database\\Migrations\\Migrator->write('Illuminate\\\\Cons...', '2024_09_03_1508...', Object(Closure))
#14 C:\\Users\\andra\\Desktop\\kelompokfive-dev\\pesanWisata-Laravel\\vendor\\laravel\\framework\\src\\Illuminate\\Database\\Migrations\\Migrator.php(179): Illuminate\\Database\\Migrations\\Migrator->runUp('C:\\\\Users\\\\andra\\\\...', 2, false)
#15 C:\\Users\\andra\\Desktop\\kelompokfive-dev\\pesanWisata-Laravel\\vendor\\laravel\\framework\\src\\Illuminate\\Database\\Migrations\\Migrator.php(122): Illuminate\\Database\\Migrations\\Migrator->runPending(Array, Array)
#16 C:\\Users\\andra\\Desktop\\kelompokfive-dev\\pesanWisata-Laravel\\vendor\\laravel\\framework\\src\\Illuminate\\Database\\Console\\Migrations\\MigrateCommand.php(116): Illuminate\\Database\\Migrations\\Migrator->run(Array, Array)
#17 C:\\Users\\andra\\Desktop\\kelompokfive-dev\\pesanWisata-Laravel\\vendor\\laravel\\framework\\src\\Illuminate\\Database\\Migrations\\Migrator.php(615): Illuminate\\Database\\Console\\Migrations\\MigrateCommand->Illuminate\\Database\\Console\\Migrations\\{closure}()
#18 C:\\Users\\andra\\Desktop\\kelompokfive-dev\\pesanWisata-Laravel\\vendor\\laravel\\framework\\src\\Illuminate\\Database\\Console\\Migrations\\MigrateCommand.php(109): Illuminate\\Database\\Migrations\\Migrator->usingConnection(NULL, Object(Closure))
#19 C:\\Users\\andra\\Desktop\\kelompokfive-dev\\pesanWisata-Laravel\\vendor\\laravel\\framework\\src\\Illuminate\\Database\\Console\\Migrations\\MigrateCommand.php(88): Illuminate\\Database\\Console\\Migrations\\MigrateCommand->runMigrations()
#20 C:\\Users\\andra\\Desktop\\kelompokfive-dev\\pesanWisata-Laravel\\vendor\\laravel\\framework\\src\\Illuminate\\Container\\BoundMethod.php(36): Illuminate\\Database\\Console\\Migrations\\MigrateCommand->handle()
#21 C:\\Users\\andra\\Desktop\\kelompokfive-dev\\pesanWisata-Laravel\\vendor\\laravel\\framework\\src\\Illuminate\\Container\\Util.php(43): Illuminate\\Container\\BoundMethod::Illuminate\\Container\\{closure}()
#22 C:\\Users\\andra\\Desktop\\kelompokfive-dev\\pesanWisata-Laravel\\vendor\\laravel\\framework\\src\\Illuminate\\Container\\BoundMethod.php(95): Illuminate\\Container\\Util::unwrapIfClosure(Object(Closure))
#23 C:\\Users\\andra\\Desktop\\kelompokfive-dev\\pesanWisata-Laravel\\vendor\\laravel\\framework\\src\\Illuminate\\Container\\BoundMethod.php(35): Illuminate\\Container\\BoundMethod::callBoundMethod(Object(Illuminate\\Foundation\\Application), Array, Object(Closure))
#24 C:\\Users\\andra\\Desktop\\kelompokfive-dev\\pesanWisata-Laravel\\vendor\\laravel\\framework\\src\\Illuminate\\Container\\Container.php(690): Illuminate\\Container\\BoundMethod::call(Object(Illuminate\\Foundation\\Application), Array, Array, NULL)
#25 C:\\Users\\andra\\Desktop\\kelompokfive-dev\\pesanWisata-Laravel\\vendor\\laravel\\framework\\src\\Illuminate\\Console\\Command.php(213): Illuminate\\Container\\Container->call(Array)
#26 C:\\Users\\andra\\Desktop\\kelompokfive-dev\\pesanWisata-Laravel\\vendor\\symfony\\console\\Command\\Command.php(279): Illuminate\\Console\\Command->execute(Object(Symfony\\Component\\Console\\Input\\ArgvInput), Object(Illuminate\\Console\\OutputStyle))
#27 C:\\Users\\andra\\Desktop\\kelompokfive-dev\\pesanWisata-Laravel\\vendor\\laravel\\framework\\src\\Illuminate\\Console\\Command.php(182): Symfony\\Component\\Console\\Command\\Command->run(Object(Symfony\\Component\\Console\\Input\\ArgvInput), Object(Illuminate\\Console\\OutputStyle))
#28 C:\\Users\\andra\\Desktop\\kelompokfive-dev\\pesanWisata-Laravel\\vendor\\symfony\\console\\Application.php(1047): Illuminate\\Console\\Command->run(Object(Symfony\\Component\\Console\\Input\\ArgvInput), Object(Symfony\\Component\\Console\\Output\\ConsoleOutput))
#29 C:\\Users\\andra\\Desktop\\kelompokfive-dev\\pesanWisata-Laravel\\vendor\\symfony\\console\\Application.php(316): Symfony\\Component\\Console\\Application->doRunCommand(Object(Illuminate\\Database\\Console\\Migrations\\MigrateCommand), Object(Symfony\\Component\\Console\\Input\\ArgvInput), Object(Symfony\\Component\\Console\\Output\\ConsoleOutput))
#30 C:\\Users\\andra\\Desktop\\kelompokfive-dev\\pesanWisata-Laravel\\vendor\\symfony\\console\\Application.php(167): Symfony\\Component\\Console\\Application->doRun(Object(Symfony\\Component\\Console\\Input\\ArgvInput), Object(Symfony\\Component\\Console\\Output\\ConsoleOutput))
#31 C:\\Users\\andra\\Desktop\\kelompokfive-dev\\pesanWisata-Laravel\\vendor\\laravel\\framework\\src\\Illuminate\\Foundation\\Console\\Kernel.php(197): Symfony\\Component\\Console\\Application->run(Object(Symfony\\Component\\Console\\Input\\ArgvInput), Object(Symfony\\Component\\Console\\Output\\ConsoleOutput))
#32 C:\\Users\\andra\\Desktop\\kelompokfive-dev\\pesanWisata-Laravel\\vendor\\laravel\\framework\\src\\Illuminate\\Foundation\\Application.php(1203): Illuminate\\Foundation\\Console\\Kernel->handle(Object(Symfony\\Component\\Console\\Input\\ArgvInput), Object(Symfony\\Component\\Console\\Output\\ConsoleOutput))
#33 C:\\Users\\andra\\Desktop\\kelompokfive-dev\\pesanWisata-Laravel\\artisan(13): Illuminate\\Foundation\\Application->handleCommand(Object(Symfony\\Component\\Console\\Input\\ArgvInput))
#34 {main}

[previous exception] [object] (PDOException(code: HY000): SQLSTATE[HY000]: General error: 1 table \"personal_access_tokens\" already exists at C:\\Users\\andra\\Desktop\\kelompokfive-dev\\pesanWisata-Laravel\\vendor\\laravel\\framework\\src\\Illuminate\\Database\\Connection.php:565)
[stacktrace]
#0 C:\\Users\\andra\\Desktop\\kelompokfive-dev\\pesanWisata-Laravel\\vendor\\laravel\\framework\\src\\Illuminate\\Database\\Connection.php(565): PDO->prepare('create table \"p...')
#1 C:\\Users\\andra\\Desktop\\kelompokfive-dev\\pesanWisata-Laravel\\vendor\\laravel\\framework\\src\\Illuminate\\Database\\Connection.php(812): Illuminate\\Database\\Connection->Illuminate\\Database\\{closure}('create table \"p...', Array)
#2 C:\\Users\\andra\\Desktop\\kelompokfive-dev\\pesanWisata-Laravel\\vendor\\laravel\\framework\\src\\Illuminate\\Database\\Connection.php(779): Illuminate\\Database\\Connection->runQueryCallback('create table \"p...', Array, Object(Closure))
#3 C:\\Users\\andra\\Desktop\\kelompokfive-dev\\pesanWisata-Laravel\\vendor\\laravel\\framework\\src\\Illuminate\\Database\\Connection.php(560): Illuminate\\Database\\Connection->run('create table \"p...', Array, Object(Closure))
#4 C:\\Users\\andra\\Desktop\\kelompokfive-dev\\pesanWisata-Laravel\\vendor\\laravel\\framework\\src\\Illuminate\\Database\\Schema\\Blueprint.php(117): Illuminate\\Database\\Connection->statement('create table \"p...')
#5 C:\\Users\\andra\\Desktop\\kelompokfive-dev\\pesanWisata-Laravel\\vendor\\laravel\\framework\\src\\Illuminate\\Database\\Schema\\Builder.php(565): Illuminate\\Database\\Schema\\Blueprint->build(Object(Illuminate\\Database\\SQLiteConnection), Object(Illuminate\\Database\\Schema\\Grammars\\SQLiteGrammar))
#6 C:\\Users\\andra\\Desktop\\kelompokfive-dev\\pesanWisata-Laravel\\vendor\\laravel\\framework\\src\\Illuminate\\Database\\Schema\\Builder.php(419): Illuminate\\Database\\Schema\\Builder->build(Object(Illuminate\\Database\\Schema\\Blueprint))
#7 C:\\Users\\andra\\Desktop\\kelompokfive-dev\\pesanWisata-Laravel\\vendor\\laravel\\framework\\src\\Illuminate\\Support\\Facades\\Facade.php(357): Illuminate\\Database\\Schema\\Builder->create('personal_access...', Object(Closure))
#8 C:\\Users\\andra\\Desktop\\kelompokfive-dev\\pesanWisata-Laravel\\database\\migrations\\2024_09_03_150836_create_personal_access_tokens_table.php(14): Illuminate\\Support\\Facades\\Facade::__callStatic('create', Array)
#9 C:\\Users\\andra\\Desktop\\kelompokfive-dev\\pesanWisata-Laravel\\vendor\\laravel\\framework\\src\\Illuminate\\Database\\Migrations\\Migrator.php(475): Illuminate\\Database\\Migrations\\Migration@anonymous->up()
#10 C:\\Users\\andra\\Desktop\\kelompokfive-dev\\pesanWisata-Laravel\\vendor\\laravel\\framework\\src\\Illuminate\\Database\\Migrations\\Migrator.php(400): Illuminate\\Database\\Migrations\\Migrator->runMethod(Object(Illuminate\\Database\\SQLiteConnection), Object(Illuminate\\Database\\Migrations\\Migration@anonymous), 'up')
#11 C:\\Users\\andra\\Desktop\\kelompokfive-dev\\pesanWisata-Laravel\\vendor\\laravel\\framework\\src\\Illuminate\\Database\\Migrations\\Migrator.php(409): Illuminate\\Database\\Migrations\\Migrator->Illuminate\\Database\\Migrations\\{closure}()
#12 C:\\Users\\andra\\Desktop\\kelompokfive-dev\\pesanWisata-Laravel\\vendor\\laravel\\framework\\src\\Illuminate\\Database\\Migrations\\Migrator.php(212): Illuminate\\Database\\Migrations\\Migrator->runMigration(Object(Illuminate\\Database\\Migrations\\Migration@anonymous), 'up')
#13 C:\\Users\\andra\\Desktop\\kelompokfive-dev\\pesanWisata-Laravel\\vendor\\laravel\\framework\\src\\Illuminate\\Console\\View\\Components\\Task.php(40): Illuminate\\Database\\Migrations\\Migrator->Illuminate\\Database\\Migrations\\{closure}()
#14 C:\\Users\\andra\\Desktop\\kelompokfive-dev\\pesanWisata-Laravel\\vendor\\laravel\\framework\\src\\Illuminate\\Database\\Migrations\\Migrator.php(736): Illuminate\\Console\\View\\Components\\Task->render('2024_09_03_1508...', Object(Closure))
#15 C:\\Users\\andra\\Desktop\\kelompokfive-dev\\pesanWisata-Laravel\\vendor\\laravel\\framework\\src\\Illuminate\\Database\\Migrations\\Migrator.php(212): Illuminate\\Database\\Migrations\\Migrator->write('Illuminate\\\\Cons...', '2024_09_03_1508...', Object(Closure))
#16 C:\\Users\\andra\\Desktop\\kelompokfive-dev\\pesanWisata-Laravel\\vendor\\laravel\\framework\\src\\Illuminate\\Database\\Migrations\\Migrator.php(179): Illuminate\\Database\\Migrations\\Migrator->runUp('C:\\\\Users\\\\andra\\\\...', 2, false)
#17 C:\\Users\\andra\\Desktop\\kelompokfive-dev\\pesanWisata-Laravel\\vendor\\laravel\\framework\\src\\Illuminate\\Database\\Migrations\\Migrator.php(122): Illuminate\\Database\\Migrations\\Migrator->runPending(Array, Array)
#18 C:\\Users\\andra\\Desktop\\kelompokfive-dev\\pesanWisata-Laravel\\vendor\\laravel\\framework\\src\\Illuminate\\Database\\Console\\Migrations\\MigrateCommand.php(116): Illuminate\\Database\\Migrations\\Migrator->run(Array, Array)
#19 C:\\Users\\andra\\Desktop\\kelompokfive-dev\\pesanWisata-Laravel\\vendor\\laravel\\framework\\src\\Illuminate\\Database\\Migrations\\Migrator.php(615): Illuminate\\Database\\Console\\Migrations\\MigrateCommand->Illuminate\\Database\\Console\\Migrations\\{closure}()
#20 C:\\Users\\andra\\Desktop\\kelompokfive-dev\\pesanWisata-Laravel\\vendor\\laravel\\framework\\src\\Illuminate\\Database\\Console\\Migrations\\MigrateCommand.php(109): Illuminate\\Database\\Migrations\\Migrator->usingConnection(NULL, Object(Closure))
#21 C:\\Users\\andra\\Desktop\\kelompokfive-dev\\pesanWisata-Laravel\\vendor\\laravel\\framework\\src\\Illuminate\\Database\\Console\\Migrations\\MigrateCommand.php(88): Illuminate\\Database\\Console\\Migrations\\MigrateCommand->runMigrations()
#22 C:\\Users\\andra\\Desktop\\kelompokfive-dev\\pesanWisata-Laravel\\vendor\\laravel\\framework\\src\\Illuminate\\Container\\BoundMethod.php(36): Illuminate\\Database\\Console\\Migrations\\MigrateCommand->handle()
#23 C:\\Users\\andra\\Desktop\\kelompokfive-dev\\pesanWisata-Laravel\\vendor\\laravel\\framework\\src\\Illuminate\\Container\\Util.php(43): Illuminate\\Container\\BoundMethod::Illuminate\\Container\\{closure}()
#24 C:\\Users\\andra\\Desktop\\kelompokfive-dev\\pesanWisata-Laravel\\vendor\\laravel\\framework\\src\\Illuminate\\Container\\BoundMethod.php(95): Illuminate\\Container\\Util::unwrapIfClosure(Object(Closure))
#25 C:\\Users\\andra\\Desktop\\kelompokfive-dev\\pesanWisata-Laravel\\vendor\\laravel\\framework\\src\\Illuminate\\Container\\BoundMethod.php(35): Illuminate\\Container\\BoundMethod::callBoundMethod(Object(Illuminate\\Foundation\\Application), Array, Object(Closure))
#26 C:\\Users\\andra\\Desktop\\kelompokfive-dev\\pesanWisata-Laravel\\vendor\\laravel\\framework\\src\\Illuminate\\Container\\Container.php(690): Illuminate\\Container\\BoundMethod::call(Object(Illuminate\\Foundation\\Application), Array, Array, NULL)
#27 C:\\Users\\andra\\Desktop\\kelompokfive-dev\\pesanWisata-Laravel\\vendor\\laravel\\framework\\src\\Illuminate\\Console\\Command.php(213): Illuminate\\Container\\Container->call(Array)
#28 C:\\Users\\andra\\Desktop\\kelompokfive-dev\\pesanWisata-Laravel\\vendor\\symfony\\console\\Command\\Command.php(279): Illuminate\\Console\\Command->execute(Object(Symfony\\Component\\Console\\Input\\ArgvInput), Object(Illuminate\\Console\\OutputStyle))
#29 C:\\Users\\andra\\Desktop\\kelompokfive-dev\\pesanWisata-Laravel\\vendor\\laravel\\framework\\src\\Illuminate\\Console\\Command.php(182): Symfony\\Component\\Console\\Command\\Command->run(Object(Symfony\\Component\\Console\\Input\\ArgvInput), Object(Illuminate\\Console\\OutputStyle))
#30 C:\\Users\\andra\\Desktop\\kelompokfive-dev\\pesanWisata-Laravel\\vendor\\symfony\\console\\Application.php(1047): Illuminate\\Console\\Command->run(Object(Symfony\\Component\\Console\\Input\\ArgvInput), Object(Symfony\\Component\\Console\\Output\\ConsoleOutput))
#31 C:\\Users\\andra\\Desktop\\kelompokfive-dev\\pesanWisata-Laravel\\vendor\\symfony\\console\\Application.php(316): Symfony\\Component\\Console\\Application->doRunCommand(Object(Illuminate\\Database\\Console\\Migrations\\MigrateCommand), Object(Symfony\\Component\\Console\\Input\\ArgvInput), Object(Symfony\\Component\\Console\\Output\\ConsoleOutput))
#32 C:\\Users\\andra\\Desktop\\kelompokfive-dev\\pesanWisata-Laravel\\vendor\\symfony\\console\\Application.php(167): Symfony\\Component\\Console\\Application->doRun(Object(Symfony\\Component\\Console\\Input\\ArgvInput), Object(Symfony\\Component\\Console\\Output\\ConsoleOutput))
#33 C:\\Users\\andra\\Desktop\\kelompokfive-dev\\pesanWisata-Laravel\\vendor\\laravel\\framework\\src\\Illuminate\\Foundation\\Console\\Kernel.php(197): Symfony\\Component\\Console\\Application->run(Object(Symfony\\Component\\Console\\Input\\ArgvInput), Object(Symfony\\Component\\Console\\Output\\ConsoleOutput))
#34 C:\\Users\\andra\\Desktop\\kelompokfive-dev\\pesanWisata-Laravel\\vendor\\laravel\\framework\\src\\Illuminate\\Foundation\\Application.php(1203): Illuminate\\Foundation\\Console\\Kernel->handle(Object(Symfony\\Component\\Console\\Input\\ArgvInput), Object(Symfony\\Component\\Console\\Output\\ConsoleOutput))
#35 C:\\Users\\andra\\Desktop\\kelompokfive-dev\\pesanWisata-Laravel\\artisan(13): Illuminate\\Foundation\\Application->handleCommand(Object(Symfony\\Component\\Console\\Input\\ArgvInput))
#36 {main}
"} 
[2024-09-10 16:15:16] local.ERROR: Method Illuminate\Validation\Validator::validateNumber does not exist. {"exception":"[object] (BadMethodCallException(code: 0): Method Illuminate\\Validation\\Validator::validateNumber does not exist. at C:\\Users\\andra\\Desktop\\kelompokfive-dev\\pesanWisata-Laravel\\vendor\\laravel\\framework\\src\\Illuminate\\Validation\\Validator.php:1638)
[stacktrace]
#0 C:\\Users\\andra\\Desktop\\kelompokfive-dev\\pesanWisata-Laravel\\vendor\\laravel\\framework\\src\\Illuminate\\Validation\\Validator.php(664): Illuminate\\Validation\\Validator->__call('validateNumber', Array)
#1 C:\\Users\\andra\\Desktop\\kelompokfive-dev\\pesanWisata-Laravel\\vendor\\laravel\\framework\\src\\Illuminate\\Validation\\Validator.php(459): Illuminate\\Validation\\Validator->validateAttribute('user_id', 'Number')
#2 C:\\Users\\andra\\Desktop\\kelompokfive-dev\\pesanWisata-Laravel\\vendor\\laravel\\framework\\src\\Illuminate\\Validation\\Validator.php(494): Illuminate\\Validation\\Validator->passes()
#3 C:\\Users\\andra\\Desktop\\kelompokfive-dev\\pesanWisata-Laravel\\app\\Http\\Controllers\\BookingController.php(33): Illuminate\\Validation\\Validator->fails()
#4 C:\\Users\\andra\\Desktop\\kelompokfive-dev\\pesanWisata-Laravel\\vendor\\laravel\\framework\\src\\Illuminate\\Routing\\ControllerDispatcher.php(46): App\\Http\\Controllers\\BookingController->store(Object(Illuminate\\Http\\Request))
#5 C:\\Users\\andra\\Desktop\\kelompokfive-dev\\pesanWisata-Laravel\\vendor\\laravel\\framework\\src\\Illuminate\\Routing\\Route.php(260): Illuminate\\Routing\\ControllerDispatcher->dispatch(Object(Illuminate\\Routing\\Route), Object(App\\Http\\Controllers\\BookingController), 'store')
#6 C:\\Users\\andra\\Desktop\\kelompokfive-dev\\pesanWisata-Laravel\\vendor\\laravel\\framework\\src\\Illuminate\\Routing\\Route.php(206): Illuminate\\Routing\\Route->runController()
#7 C:\\Users\\andra\\Desktop\\kelompokfive-dev\\pesanWisata-Laravel\\vendor\\laravel\\framework\\src\\Illuminate\\Routing\\Router.php(808): Illuminate\\Routing\\Route->run()
#8 C:\\Users\\andra\\Desktop\\kelompokfive-dev\\pesanWisata-Laravel\\vendor\\laravel\\framework\\src\\Illuminate\\Pipeline\\Pipeline.php(144): Illuminate\\Routing\\Router->Illuminate\\Routing\\{closure}(Object(Illuminate\\Http\\Request))
#9 C:\\Users\\andra\\Desktop\\kelompokfive-dev\\pesanWisata-Laravel\\vendor\\laravel\\framework\\src\\Illuminate\\Routing\\Middleware\\SubstituteBindings.php(51): Illuminate\\Pipeline\\Pipeline->Illuminate\\Pipeline\\{closure}(Object(Illuminate\\Http\\Request))
#10 C:\\Users\\andra\\Desktop\\kelompokfive-dev\\pesanWisata-Laravel\\vendor\\laravel\\framework\\src\\Illuminate\\Pipeline\\Pipeline.php(183): Illuminate\\Routing\\Middleware\\SubstituteBindings->handle(Object(Illuminate\\Http\\Request), Object(Closure))
#11 C:\\Users\\andra\\Desktop\\kelompokfive-dev\\pesanWisata-Laravel\\vendor\\laravel\\framework\\src\\Illuminate\\Pipeline\\Pipeline.php(119): Illuminate\\Pipeline\\Pipeline->Illuminate\\Pipeline\\{closure}(Object(Illuminate\\Http\\Request))
#12 C:\\Users\\andra\\Desktop\\kelompokfive-dev\\pesanWisata-Laravel\\vendor\\laravel\\framework\\src\\Illuminate\\Routing\\Router.php(807): Illuminate\\Pipeline\\Pipeline->then(Object(Closure))
#13 C:\\Users\\andra\\Desktop\\kelompokfive-dev\\pesanWisata-Laravel\\vendor\\laravel\\framework\\src\\Illuminate\\Routing\\Router.php(786): Illuminate\\Routing\\Router->runRouteWithinStack(Object(Illuminate\\Routing\\Route), Object(Illuminate\\Http\\Request))
#14 C:\\Users\\andra\\Desktop\\kelompokfive-dev\\pesanWisata-Laravel\\vendor\\laravel\\framework\\src\\Illuminate\\Routing\\Router.php(750): Illuminate\\Routing\\Router->runRoute(Object(Illuminate\\Http\\Request), Object(Illuminate\\Routing\\Route))
#15 C:\\Users\\andra\\Desktop\\kelompokfive-dev\\pesanWisata-Laravel\\vendor\\laravel\\framework\\src\\Illuminate\\Routing\\Router.php(739): Illuminate\\Routing\\Router->dispatchToRoute(Object(Illuminate\\Http\\Request))
#16 C:\\Users\\andra\\Desktop\\kelompokfive-dev\\pesanWisata-Laravel\\vendor\\laravel\\framework\\src\\Illuminate\\Foundation\\Http\\Kernel.php(201): Illuminate\\Routing\\Router->dispatch(Object(Illuminate\\Http\\Request))
#17 C:\\Users\\andra\\Desktop\\kelompokfive-dev\\pesanWisata-Laravel\\vendor\\laravel\\framework\\src\\Illuminate\\Pipeline\\Pipeline.php(144): Illuminate\\Foundation\\Http\\Kernel->Illuminate\\Foundation\\Http\\{closure}(Object(Illuminate\\Http\\Request))
#18 C:\\Users\\andra\\Desktop\\kelompokfive-dev\\pesanWisata-Laravel\\vendor\\laravel\\framework\\src\\Illuminate\\Foundation\\Http\\Middleware\\TransformsRequest.php(21): Illuminate\\Pipeline\\Pipeline->Illuminate\\Pipeline\\{closure}(Object(Illuminate\\Http\\Request))
#19 C:\\Users\\andra\\Desktop\\kelompokfive-dev\\pesanWisata-Laravel\\vendor\\laravel\\framework\\src\\Illuminate\\Foundation\\Http\\Middleware\\ConvertEmptyStringsToNull.php(31): Illuminate\\Foundation\\Http\\Middleware\\TransformsRequest->handle(Object(Illuminate\\Http\\Request), Object(Closure))
#20 C:\\Users\\andra\\Desktop\\kelompokfive-dev\\pesanWisata-Laravel\\vendor\\laravel\\framework\\src\\Illuminate\\Pipeline\\Pipeline.php(183): Illuminate\\Foundation\\Http\\Middleware\\ConvertEmptyStringsToNull->handle(Object(Illuminate\\Http\\Request), Object(Closure))
#21 C:\\Users\\andra\\Desktop\\kelompokfive-dev\\pesanWisata-Laravel\\vendor\\laravel\\framework\\src\\Illuminate\\Foundation\\Http\\Middleware\\TransformsRequest.php(21): Illuminate\\Pipeline\\Pipeline->Illuminate\\Pipeline\\{closure}(Object(Illuminate\\Http\\Request))
#22 C:\\Users\\andra\\Desktop\\kelompokfive-dev\\pesanWisata-Laravel\\vendor\\laravel\\framework\\src\\Illuminate\\Foundation\\Http\\Middleware\\TrimStrings.php(51): Illuminate\\Foundation\\Http\\Middleware\\TransformsRequest->handle(Object(Illuminate\\Http\\Request), Object(Closure))
#23 C:\\Users\\andra\\Desktop\\kelompokfive-dev\\pesanWisata-Laravel\\vendor\\laravel\\framework\\src\\Illuminate\\Pipeline\\Pipeline.php(183): Illuminate\\Foundation\\Http\\Middleware\\TrimStrings->handle(Object(Illuminate\\Http\\Request), Object(Closure))
#24 C:\\Users\\andra\\Desktop\\kelompokfive-dev\\pesanWisata-Laravel\\vendor\\laravel\\framework\\src\\Illuminate\\Http\\Middleware\\ValidatePostSize.php(27): Illuminate\\Pipeline\\Pipeline->Illuminate\\Pipeline\\{closure}(Object(Illuminate\\Http\\Request))
#25 C:\\Users\\andra\\Desktop\\kelompokfive-dev\\pesanWisata-Laravel\\vendor\\laravel\\framework\\src\\Illuminate\\Pipeline\\Pipeline.php(183): Illuminate\\Http\\Middleware\\ValidatePostSize->handle(Object(Illuminate\\Http\\Request), Object(Closure))
#26 C:\\Users\\andra\\Desktop\\kelompokfive-dev\\pesanWisata-Laravel\\vendor\\laravel\\framework\\src\\Illuminate\\Foundation\\Http\\Middleware\\PreventRequestsDuringMaintenance.php(110): Illuminate\\Pipeline\\Pipeline->Illuminate\\Pipeline\\{closure}(Object(Illuminate\\Http\\Request))
#27 C:\\Users\\andra\\Desktop\\kelompokfive-dev\\pesanWisata-Laravel\\vendor\\laravel\\framework\\src\\Illuminate\\Pipeline\\Pipeline.php(183): Illuminate\\Foundation\\Http\\Middleware\\PreventRequestsDuringMaintenance->handle(Object(Illuminate\\Http\\Request), Object(Closure))
#28 C:\\Users\\andra\\Desktop\\kelompokfive-dev\\pesanWisata-Laravel\\vendor\\laravel\\framework\\src\\Illuminate\\Http\\Middleware\\HandleCors.php(62): Illuminate\\Pipeline\\Pipeline->Illuminate\\Pipeline\\{closure}(Object(Illuminate\\Http\\Request))
#29 C:\\Users\\andra\\Desktop\\kelompokfive-dev\\pesanWisata-Laravel\\vendor\\laravel\\framework\\src\\Illuminate\\Pipeline\\Pipeline.php(183): Illuminate\\Http\\Middleware\\HandleCors->handle(Object(Illuminate\\Http\\Request), Object(Closure))
#30 C:\\Users\\andra\\Desktop\\kelompokfive-dev\\pesanWisata-Laravel\\vendor\\laravel\\framework\\src\\Illuminate\\Http\\Middleware\\TrustProxies.php(57): Illuminate\\Pipeline\\Pipeline->Illuminate\\Pipeline\\{closure}(Object(Illuminate\\Http\\Request))
#31 C:\\Users\\andra\\Desktop\\kelompokfive-dev\\pesanWisata-Laravel\\vendor\\laravel\\framework\\src\\Illuminate\\Pipeline\\Pipeline.php(183): Illuminate\\Http\\Middleware\\TrustProxies->handle(Object(Illuminate\\Http\\Request), Object(Closure))
#32 C:\\Users\\andra\\Desktop\\kelompokfive-dev\\pesanWisata-Laravel\\vendor\\laravel\\framework\\src\\Illuminate\\Pipeline\\Pipeline.php(119): Illuminate\\Pipeline\\Pipeline->Illuminate\\Pipeline\\{closure}(Object(Illuminate\\Http\\Request))
#33 C:\\Users\\andra\\Desktop\\kelompokfive-dev\\pesanWisata-Laravel\\vendor\\laravel\\framework\\src\\Illuminate\\Foundation\\Http\\Kernel.php(176): Illuminate\\Pipeline\\Pipeline->then(Object(Closure))
#34 C:\\Users\\andra\\Desktop\\kelompokfive-dev\\pesanWisata-Laravel\\vendor\\laravel\\framework\\src\\Illuminate\\Foundation\\Http\\Kernel.php(145): Illuminate\\Foundation\\Http\\Kernel->sendRequestThroughRouter(Object(Illuminate\\Http\\Request))
#35 C:\\Users\\andra\\Desktop\\kelompokfive-dev\\pesanWisata-Laravel\\vendor\\laravel\\framework\\src\\Illuminate\\Foundation\\Application.php(1188): Illuminate\\Foundation\\Http\\Kernel->handle(Object(Illuminate\\Http\\Request))
#36 C:\\Users\\andra\\Desktop\\kelompokfive-dev\\pesanWisata-Laravel\\public\\index.php(17): Illuminate\\Foundation\\Application->handleRequest(Object(Illuminate\\Http\\Request))
#37 C:\\Users\\andra\\Desktop\\kelompokfive-dev\\pesanWisata-Laravel\\vendor\\laravel\\framework\\src\\Illuminate\\Foundation\\resources\\server.php(23): require_once('C:\\\\Users\\\\andra\\\\...')
#38 {main}
"} 
[2024-09-10 16:17:35] local.ERROR: Illuminate\Database\Eloquent\Builder::create(): Argument #1 ($attributes) must be of type array, Illuminate\Validation\Validator given, called in C:\Users\andra\Desktop\kelompokfive-dev\pesanWisata-Laravel\vendor\laravel\framework\src\Illuminate\Support\Traits\ForwardsCalls.php on line 23 {"exception":"[object] (TypeError(code: 0): Illuminate\\Database\\Eloquent\\Builder::create(): Argument #1 ($attributes) must be of type array, Illuminate\\Validation\\Validator given, called in C:\\Users\\andra\\Desktop\\kelompokfive-dev\\pesanWisata-Laravel\\vendor\\laravel\\framework\\src\\Illuminate\\Support\\Traits\\ForwardsCalls.php on line 23 at C:\\Users\\andra\\Desktop\\kelompokfive-dev\\pesanWisata-Laravel\\vendor\\laravel\\framework\\src\\Illuminate\\Database\\Eloquent\\Builder.php:1076)
[stacktrace]
#0 C:\\Users\\andra\\Desktop\\kelompokfive-dev\\pesanWisata-Laravel\\vendor\\laravel\\framework\\src\\Illuminate\\Support\\Traits\\ForwardsCalls.php(23): Illuminate\\Database\\Eloquent\\Builder->create(Object(Illuminate\\Validation\\Validator))
#1 C:\\Users\\andra\\Desktop\\kelompokfive-dev\\pesanWisata-Laravel\\vendor\\laravel\\framework\\src\\Illuminate\\Database\\Eloquent\\Model.php(2359): Illuminate\\Database\\Eloquent\\Model->forwardCallTo(Object(Illuminate\\Database\\Eloquent\\Builder), 'create', Array)
#2 C:\\Users\\andra\\Desktop\\kelompokfive-dev\\pesanWisata-Laravel\\vendor\\laravel\\framework\\src\\Illuminate\\Database\\Eloquent\\Model.php(2371): Illuminate\\Database\\Eloquent\\Model->__call('create', Array)
#3 C:\\Users\\andra\\Desktop\\kelompokfive-dev\\pesanWisata-Laravel\\app\\Http\\Controllers\\BookingController.php(37): Illuminate\\Database\\Eloquent\\Model::__callStatic('create', Array)
#4 C:\\Users\\andra\\Desktop\\kelompokfive-dev\\pesanWisata-Laravel\\vendor\\laravel\\framework\\src\\Illuminate\\Routing\\ControllerDispatcher.php(46): App\\Http\\Controllers\\BookingController->store(Object(Illuminate\\Http\\Request))
#5 C:\\Users\\andra\\Desktop\\kelompokfive-dev\\pesanWisata-Laravel\\vendor\\laravel\\framework\\src\\Illuminate\\Routing\\Route.php(260): Illuminate\\Routing\\ControllerDispatcher->dispatch(Object(Illuminate\\Routing\\Route), Object(App\\Http\\Controllers\\BookingController), 'store')
#6 C:\\Users\\andra\\Desktop\\kelompokfive-dev\\pesanWisata-Laravel\\vendor\\laravel\\framework\\src\\Illuminate\\Routing\\Route.php(206): Illuminate\\Routing\\Route->runController()
#7 C:\\Users\\andra\\Desktop\\kelompokfive-dev\\pesanWisata-Laravel\\vendor\\laravel\\framework\\src\\Illuminate\\Routing\\Router.php(808): Illuminate\\Routing\\Route->run()
#8 C:\\Users\\andra\\Desktop\\kelompokfive-dev\\pesanWisata-Laravel\\vendor\\laravel\\framework\\src\\Illuminate\\Pipeline\\Pipeline.php(144): Illuminate\\Routing\\Router->Illuminate\\Routing\\{closure}(Object(Illuminate\\Http\\Request))
#9 C:\\Users\\andra\\Desktop\\kelompokfive-dev\\pesanWisata-Laravel\\vendor\\laravel\\framework\\src\\Illuminate\\Routing\\Middleware\\SubstituteBindings.php(51): Illuminate\\Pipeline\\Pipeline->Illuminate\\Pipeline\\{closure}(Object(Illuminate\\Http\\Request))
#10 C:\\Users\\andra\\Desktop\\kelompokfive-dev\\pesanWisata-Laravel\\vendor\\laravel\\framework\\src\\Illuminate\\Pipeline\\Pipeline.php(183): Illuminate\\Routing\\Middleware\\SubstituteBindings->handle(Object(Illuminate\\Http\\Request), Object(Closure))
#11 C:\\Users\\andra\\Desktop\\kelompokfive-dev\\pesanWisata-Laravel\\vendor\\laravel\\framework\\src\\Illuminate\\Pipeline\\Pipeline.php(119): Illuminate\\Pipeline\\Pipeline->Illuminate\\Pipeline\\{closure}(Object(Illuminate\\Http\\Request))
#12 C:\\Users\\andra\\Desktop\\kelompokfive-dev\\pesanWisata-Laravel\\vendor\\laravel\\framework\\src\\Illuminate\\Routing\\Router.php(807): Illuminate\\Pipeline\\Pipeline->then(Object(Closure))
#13 C:\\Users\\andra\\Desktop\\kelompokfive-dev\\pesanWisata-Laravel\\vendor\\laravel\\framework\\src\\Illuminate\\Routing\\Router.php(786): Illuminate\\Routing\\Router->runRouteWithinStack(Object(Illuminate\\Routing\\Route), Object(Illuminate\\Http\\Request))
#14 C:\\Users\\andra\\Desktop\\kelompokfive-dev\\pesanWisata-Laravel\\vendor\\laravel\\framework\\src\\Illuminate\\Routing\\Router.php(750): Illuminate\\Routing\\Router->runRoute(Object(Illuminate\\Http\\Request), Object(Illuminate\\Routing\\Route))
#15 C:\\Users\\andra\\Desktop\\kelompokfive-dev\\pesanWisata-Laravel\\vendor\\laravel\\framework\\src\\Illuminate\\Routing\\Router.php(739): Illuminate\\Routing\\Router->dispatchToRoute(Object(Illuminate\\Http\\Request))
#16 C:\\Users\\andra\\Desktop\\kelompokfive-dev\\pesanWisata-Laravel\\vendor\\laravel\\framework\\src\\Illuminate\\Foundation\\Http\\Kernel.php(201): Illuminate\\Routing\\Router->dispatch(Object(Illuminate\\Http\\Request))
#17 C:\\Users\\andra\\Desktop\\kelompokfive-dev\\pesanWisata-Laravel\\vendor\\laravel\\framework\\src\\Illuminate\\Pipeline\\Pipeline.php(144): Illuminate\\Foundation\\Http\\Kernel->Illuminate\\Foundation\\Http\\{closure}(Object(Illuminate\\Http\\Request))
#18 C:\\Users\\andra\\Desktop\\kelompokfive-dev\\pesanWisata-Laravel\\vendor\\laravel\\framework\\src\\Illuminate\\Foundation\\Http\\Middleware\\TransformsRequest.php(21): Illuminate\\Pipeline\\Pipeline->Illuminate\\Pipeline\\{closure}(Object(Illuminate\\Http\\Request))
#19 C:\\Users\\andra\\Desktop\\kelompokfive-dev\\pesanWisata-Laravel\\vendor\\laravel\\framework\\src\\Illuminate\\Foundation\\Http\\Middleware\\ConvertEmptyStringsToNull.php(31): Illuminate\\Foundation\\Http\\Middleware\\TransformsRequest->handle(Object(Illuminate\\Http\\Request), Object(Closure))
#20 C:\\Users\\andra\\Desktop\\kelompokfive-dev\\pesanWisata-Laravel\\vendor\\laravel\\framework\\src\\Illuminate\\Pipeline\\Pipeline.php(183): Illuminate\\Foundation\\Http\\Middleware\\ConvertEmptyStringsToNull->handle(Object(Illuminate\\Http\\Request), Object(Closure))
#21 C:\\Users\\andra\\Desktop\\kelompokfive-dev\\pesanWisata-Laravel\\vendor\\laravel\\framework\\src\\Illuminate\\Foundation\\Http\\Middleware\\TransformsRequest.php(21): Illuminate\\Pipeline\\Pipeline->Illuminate\\Pipeline\\{closure}(Object(Illuminate\\Http\\Request))
#22 C:\\Users\\andra\\Desktop\\kelompokfive-dev\\pesanWisata-Laravel\\vendor\\laravel\\framework\\src\\Illuminate\\Foundation\\Http\\Middleware\\TrimStrings.php(51): Illuminate\\Foundation\\Http\\Middleware\\TransformsRequest->handle(Object(Illuminate\\Http\\Request), Object(Closure))
#23 C:\\Users\\andra\\Desktop\\kelompokfive-dev\\pesanWisata-Laravel\\vendor\\laravel\\framework\\src\\Illuminate\\Pipeline\\Pipeline.php(183): Illuminate\\Foundation\\Http\\Middleware\\TrimStrings->handle(Object(Illuminate\\Http\\Request), Object(Closure))
#24 C:\\Users\\andra\\Desktop\\kelompokfive-dev\\pesanWisata-Laravel\\vendor\\laravel\\framework\\src\\Illuminate\\Http\\Middleware\\ValidatePostSize.php(27): Illuminate\\Pipeline\\Pipeline->Illuminate\\Pipeline\\{closure}(Object(Illuminate\\Http\\Request))
#25 C:\\Users\\andra\\Desktop\\kelompokfive-dev\\pesanWisata-Laravel\\vendor\\laravel\\framework\\src\\Illuminate\\Pipeline\\Pipeline.php(183): Illuminate\\Http\\Middleware\\ValidatePostSize->handle(Object(Illuminate\\Http\\Request), Object(Closure))
#26 C:\\Users\\andra\\Desktop\\kelompokfive-dev\\pesanWisata-Laravel\\vendor\\laravel\\framework\\src\\Illuminate\\Foundation\\Http\\Middleware\\PreventRequestsDuringMaintenance.php(110): Illuminate\\Pipeline\\Pipeline->Illuminate\\Pipeline\\{closure}(Object(Illuminate\\Http\\Request))
#27 C:\\Users\\andra\\Desktop\\kelompokfive-dev\\pesanWisata-Laravel\\vendor\\laravel\\framework\\src\\Illuminate\\Pipeline\\Pipeline.php(183): Illuminate\\Foundation\\Http\\Middleware\\PreventRequestsDuringMaintenance->handle(Object(Illuminate\\Http\\Request), Object(Closure))
#28 C:\\Users\\andra\\Desktop\\kelompokfive-dev\\pesanWisata-Laravel\\vendor\\laravel\\framework\\src\\Illuminate\\Http\\Middleware\\HandleCors.php(62): Illuminate\\Pipeline\\Pipeline->Illuminate\\Pipeline\\{closure}(Object(Illuminate\\Http\\Request))
#29 C:\\Users\\andra\\Desktop\\kelompokfive-dev\\pesanWisata-Laravel\\vendor\\laravel\\framework\\src\\Illuminate\\Pipeline\\Pipeline.php(183): Illuminate\\Http\\Middleware\\HandleCors->handle(Object(Illuminate\\Http\\Request), Object(Closure))
#30 C:\\Users\\andra\\Desktop\\kelompokfive-dev\\pesanWisata-Laravel\\vendor\\laravel\\framework\\src\\Illuminate\\Http\\Middleware\\TrustProxies.php(57): Illuminate\\Pipeline\\Pipeline->Illuminate\\Pipeline\\{closure}(Object(Illuminate\\Http\\Request))
#31 C:\\Users\\andra\\Desktop\\kelompokfive-dev\\pesanWisata-Laravel\\vendor\\laravel\\framework\\src\\Illuminate\\Pipeline\\Pipeline.php(183): Illuminate\\Http\\Middleware\\TrustProxies->handle(Object(Illuminate\\Http\\Request), Object(Closure))
#32 C:\\Users\\andra\\Desktop\\kelompokfive-dev\\pesanWisata-Laravel\\vendor\\laravel\\framework\\src\\Illuminate\\Pipeline\\Pipeline.php(119): Illuminate\\Pipeline\\Pipeline->Illuminate\\Pipeline\\{closure}(Object(Illuminate\\Http\\Request))
#33 C:\\Users\\andra\\Desktop\\kelompokfive-dev\\pesanWisata-Laravel\\vendor\\laravel\\framework\\src\\Illuminate\\Foundation\\Http\\Kernel.php(176): Illuminate\\Pipeline\\Pipeline->then(Object(Closure))
#34 C:\\Users\\andra\\Desktop\\kelompokfive-dev\\pesanWisata-Laravel\\vendor\\laravel\\framework\\src\\Illuminate\\Foundation\\Http\\Kernel.php(145): Illuminate\\Foundation\\Http\\Kernel->sendRequestThroughRouter(Object(Illuminate\\Http\\Request))
#35 C:\\Users\\andra\\Desktop\\kelompokfive-dev\\pesanWisata-Laravel\\vendor\\laravel\\framework\\src\\Illuminate\\Foundation\\Application.php(1188): Illuminate\\Foundation\\Http\\Kernel->handle(Object(Illuminate\\Http\\Request))
#36 C:\\Users\\andra\\Desktop\\kelompokfive-dev\\pesanWisata-Laravel\\public\\index.php(17): Illuminate\\Foundation\\Application->handleRequest(Object(Illuminate\\Http\\Request))
#37 C:\\Users\\andra\\Desktop\\kelompokfive-dev\\pesanWisata-Laravel\\vendor\\laravel\\framework\\src\\Illuminate\\Foundation\\resources\\server.php(23): require_once('C:\\\\Users\\\\andra\\\\...')
#38 {main}
"} 
[2024-09-10 16:19:42] local.ERROR: SQLSTATE[23000]: Integrity constraint violation: 19 NOT NULL constraint failed: bookings.booking_id (Connection: sqlite, SQL: insert into "bookings" ("booking_date", "user_id", "status", "updated_at", "created_at") values (2024-09-10, 3, selesai, 2024-09-10 16:19:42, 2024-09-10 16:19:42)) {"exception":"[object] (Illuminate\\Database\\QueryException(code: 23000): SQLSTATE[23000]: Integrity constraint violation: 19 NOT NULL constraint failed: bookings.booking_id (Connection: sqlite, SQL: insert into \"bookings\" (\"booking_date\", \"user_id\", \"status\", \"updated_at\", \"created_at\") values (2024-09-10, 3, selesai, 2024-09-10 16:19:42, 2024-09-10 16:19:42)) at C:\\Users\\andra\\Desktop\\kelompokfive-dev\\pesanWisata-Laravel\\vendor\\laravel\\framework\\src\\Illuminate\\Database\\Connection.php:825)
[stacktrace]
#0 C:\\Users\\andra\\Desktop\\kelompokfive-dev\\pesanWisata-Laravel\\vendor\\laravel\\framework\\src\\Illuminate\\Database\\Connection.php(779): Illuminate\\Database\\Connection->runQueryCallback('insert into \"bo...', Array, Object(Closure))
#1 C:\\Users\\andra\\Desktop\\kelompokfive-dev\\pesanWisata-Laravel\\vendor\\laravel\\framework\\src\\Illuminate\\Database\\Connection.php(560): Illuminate\\Database\\Connection->run('insert into \"bo...', Array, Object(Closure))
#2 C:\\Users\\andra\\Desktop\\kelompokfive-dev\\pesanWisata-Laravel\\vendor\\laravel\\framework\\src\\Illuminate\\Database\\Connection.php(524): Illuminate\\Database\\Connection->statement('insert into \"bo...', Array)
#3 C:\\Users\\andra\\Desktop\\kelompokfive-dev\\pesanWisata-Laravel\\vendor\\laravel\\framework\\src\\Illuminate\\Database\\Query\\Processors\\Processor.php(32): Illuminate\\Database\\Connection->insert('insert into \"bo...', Array)
#4 C:\\Users\\andra\\Desktop\\kelompokfive-dev\\pesanWisata-Laravel\\vendor\\laravel\\framework\\src\\Illuminate\\Database\\Query\\Builder.php(3754): Illuminate\\Database\\Query\\Processors\\Processor->processInsertGetId(Object(Illuminate\\Database\\Query\\Builder), 'insert into \"bo...', Array, 'id')
#5 C:\\Users\\andra\\Desktop\\kelompokfive-dev\\pesanWisata-Laravel\\vendor\\laravel\\framework\\src\\Illuminate\\Database\\Eloquent\\Builder.php(2038): Illuminate\\Database\\Query\\Builder->insertGetId(Array, 'id')
#6 C:\\Users\\andra\\Desktop\\kelompokfive-dev\\pesanWisata-Laravel\\vendor\\laravel\\framework\\src\\Illuminate\\Database\\Eloquent\\Model.php(1355): Illuminate\\Database\\Eloquent\\Builder->__call('insertGetId', Array)
#7 C:\\Users\\andra\\Desktop\\kelompokfive-dev\\pesanWisata-Laravel\\vendor\\laravel\\framework\\src\\Illuminate\\Database\\Eloquent\\Model.php(1320): Illuminate\\Database\\Eloquent\\Model->insertAndSetId(Object(Illuminate\\Database\\Eloquent\\Builder), Array)
#8 C:\\Users\\andra\\Desktop\\kelompokfive-dev\\pesanWisata-Laravel\\vendor\\laravel\\framework\\src\\Illuminate\\Database\\Eloquent\\Model.php(1159): Illuminate\\Database\\Eloquent\\Model->performInsert(Object(Illuminate\\Database\\Eloquent\\Builder))
#9 C:\\Users\\andra\\Desktop\\kelompokfive-dev\\pesanWisata-Laravel\\vendor\\laravel\\framework\\src\\Illuminate\\Database\\Eloquent\\Builder.php(1079): Illuminate\\Database\\Eloquent\\Model->save()
#10 C:\\Users\\andra\\Desktop\\kelompokfive-dev\\pesanWisata-Laravel\\vendor\\laravel\\framework\\src\\Illuminate\\Support\\helpers.php(380): Illuminate\\Database\\Eloquent\\Builder->Illuminate\\Database\\Eloquent\\{closure}(Object(App\\Models\\Booking))
#11 C:\\Users\\andra\\Desktop\\kelompokfive-dev\\pesanWisata-Laravel\\vendor\\laravel\\framework\\src\\Illuminate\\Database\\Eloquent\\Builder.php(1078): tap(Object(App\\Models\\Booking), Object(Closure))
#12 C:\\Users\\andra\\Desktop\\kelompokfive-dev\\pesanWisata-Laravel\\vendor\\laravel\\framework\\src\\Illuminate\\Support\\Traits\\ForwardsCalls.php(23): Illuminate\\Database\\Eloquent\\Builder->create(Array)
#13 C:\\Users\\andra\\Desktop\\kelompokfive-dev\\pesanWisata-Laravel\\vendor\\laravel\\framework\\src\\Illuminate\\Database\\Eloquent\\Model.php(2359): Illuminate\\Database\\Eloquent\\Model->forwardCallTo(Object(Illuminate\\Database\\Eloquent\\Builder), 'create', Array)
#14 C:\\Users\\andra\\Desktop\\kelompokfive-dev\\pesanWisata-Laravel\\vendor\\laravel\\framework\\src\\Illuminate\\Database\\Eloquent\\Model.php(2371): Illuminate\\Database\\Eloquent\\Model->__call('create', Array)
#15 C:\\Users\\andra\\Desktop\\kelompokfive-dev\\pesanWisata-Laravel\\app\\Http\\Controllers\\BookingController.php(37): Illuminate\\Database\\Eloquent\\Model::__callStatic('create', Array)
#16 C:\\Users\\andra\\Desktop\\kelompokfive-dev\\pesanWisata-Laravel\\vendor\\laravel\\framework\\src\\Illuminate\\Routing\\ControllerDispatcher.php(46): App\\Http\\Controllers\\BookingController->store(Object(Illuminate\\Http\\Request))
#17 C:\\Users\\andra\\Desktop\\kelompokfive-dev\\pesanWisata-Laravel\\vendor\\laravel\\framework\\src\\Illuminate\\Routing\\Route.php(260): Illuminate\\Routing\\ControllerDispatcher->dispatch(Object(Illuminate\\Routing\\Route), Object(App\\Http\\Controllers\\BookingController), 'store')
#18 C:\\Users\\andra\\Desktop\\kelompokfive-dev\\pesanWisata-Laravel\\vendor\\laravel\\framework\\src\\Illuminate\\Routing\\Route.php(206): Illuminate\\Routing\\Route->runController()
#19 C:\\Users\\andra\\Desktop\\kelompokfive-dev\\pesanWisata-Laravel\\vendor\\laravel\\framework\\src\\Illuminate\\Routing\\Router.php(808): Illuminate\\Routing\\Route->run()
#20 C:\\Users\\andra\\Desktop\\kelompokfive-dev\\pesanWisata-Laravel\\vendor\\laravel\\framework\\src\\Illuminate\\Pipeline\\Pipeline.php(144): Illuminate\\Routing\\Router->Illuminate\\Routing\\{closure}(Object(Illuminate\\Http\\Request))
#21 C:\\Users\\andra\\Desktop\\kelompokfive-dev\\pesanWisata-Laravel\\vendor\\laravel\\framework\\src\\Illuminate\\Routing\\Middleware\\SubstituteBindings.php(51): Illuminate\\Pipeline\\Pipeline->Illuminate\\Pipeline\\{closure}(Object(Illuminate\\Http\\Request))
#22 C:\\Users\\andra\\Desktop\\kelompokfive-dev\\pesanWisata-Laravel\\vendor\\laravel\\framework\\src\\Illuminate\\Pipeline\\Pipeline.php(183): Illuminate\\Routing\\Middleware\\SubstituteBindings->handle(Object(Illuminate\\Http\\Request), Object(Closure))
#23 C:\\Users\\andra\\Desktop\\kelompokfive-dev\\pesanWisata-Laravel\\vendor\\laravel\\framework\\src\\Illuminate\\Pipeline\\Pipeline.php(119): Illuminate\\Pipeline\\Pipeline->Illuminate\\Pipeline\\{closure}(Object(Illuminate\\Http\\Request))
#24 C:\\Users\\andra\\Desktop\\kelompokfive-dev\\pesanWisata-Laravel\\vendor\\laravel\\framework\\src\\Illuminate\\Routing\\Router.php(807): Illuminate\\Pipeline\\Pipeline->then(Object(Closure))
#25 C:\\Users\\andra\\Desktop\\kelompokfive-dev\\pesanWisata-Laravel\\vendor\\laravel\\framework\\src\\Illuminate\\Routing\\Router.php(786): Illuminate\\Routing\\Router->runRouteWithinStack(Object(Illuminate\\Routing\\Route), Object(Illuminate\\Http\\Request))
#26 C:\\Users\\andra\\Desktop\\kelompokfive-dev\\pesanWisata-Laravel\\vendor\\laravel\\framework\\src\\Illuminate\\Routing\\Router.php(750): Illuminate\\Routing\\Router->runRoute(Object(Illuminate\\Http\\Request), Object(Illuminate\\Routing\\Route))
#27 C:\\Users\\andra\\Desktop\\kelompokfive-dev\\pesanWisata-Laravel\\vendor\\laravel\\framework\\src\\Illuminate\\Routing\\Router.php(739): Illuminate\\Routing\\Router->dispatchToRoute(Object(Illuminate\\Http\\Request))
#28 C:\\Users\\andra\\Desktop\\kelompokfive-dev\\pesanWisata-Laravel\\vendor\\laravel\\framework\\src\\Illuminate\\Foundation\\Http\\Kernel.php(201): Illuminate\\Routing\\Router->dispatch(Object(Illuminate\\Http\\Request))
#29 C:\\Users\\andra\\Desktop\\kelompokfive-dev\\pesanWisata-Laravel\\vendor\\laravel\\framework\\src\\Illuminate\\Pipeline\\Pipeline.php(144): Illuminate\\Foundation\\Http\\Kernel->Illuminate\\Foundation\\Http\\{closure}(Object(Illuminate\\Http\\Request))
#30 C:\\Users\\andra\\Desktop\\kelompokfive-dev\\pesanWisata-Laravel\\vendor\\laravel\\framework\\src\\Illuminate\\Foundation\\Http\\Middleware\\TransformsRequest.php(21): Illuminate\\Pipeline\\Pipeline->Illuminate\\Pipeline\\{closure}(Object(Illuminate\\Http\\Request))
#31 C:\\Users\\andra\\Desktop\\kelompokfive-dev\\pesanWisata-Laravel\\vendor\\laravel\\framework\\src\\Illuminate\\Foundation\\Http\\Middleware\\ConvertEmptyStringsToNull.php(31): Illuminate\\Foundation\\Http\\Middleware\\TransformsRequest->handle(Object(Illuminate\\Http\\Request), Object(Closure))
#32 C:\\Users\\andra\\Desktop\\kelompokfive-dev\\pesanWisata-Laravel\\vendor\\laravel\\framework\\src\\Illuminate\\Pipeline\\Pipeline.php(183): Illuminate\\Foundation\\Http\\Middleware\\ConvertEmptyStringsToNull->handle(Object(Illuminate\\Http\\Request), Object(Closure))
#33 C:\\Users\\andra\\Desktop\\kelompokfive-dev\\pesanWisata-Laravel\\vendor\\laravel\\framework\\src\\Illuminate\\Foundation\\Http\\Middleware\\TransformsRequest.php(21): Illuminate\\Pipeline\\Pipeline->Illuminate\\Pipeline\\{closure}(Object(Illuminate\\Http\\Request))
#34 C:\\Users\\andra\\Desktop\\kelompokfive-dev\\pesanWisata-Laravel\\vendor\\laravel\\framework\\src\\Illuminate\\Foundation\\Http\\Middleware\\TrimStrings.php(51): Illuminate\\Foundation\\Http\\Middleware\\TransformsRequest->handle(Object(Illuminate\\Http\\Request), Object(Closure))
#35 C:\\Users\\andra\\Desktop\\kelompokfive-dev\\pesanWisata-Laravel\\vendor\\laravel\\framework\\src\\Illuminate\\Pipeline\\Pipeline.php(183): Illuminate\\Foundation\\Http\\Middleware\\TrimStrings->handle(Object(Illuminate\\Http\\Request), Object(Closure))
#36 C:\\Users\\andra\\Desktop\\kelompokfive-dev\\pesanWisata-Laravel\\vendor\\laravel\\framework\\src\\Illuminate\\Http\\Middleware\\ValidatePostSize.php(27): Illuminate\\Pipeline\\Pipeline->Illuminate\\Pipeline\\{closure}(Object(Illuminate\\Http\\Request))
#37 C:\\Users\\andra\\Desktop\\kelompokfive-dev\\pesanWisata-Laravel\\vendor\\laravel\\framework\\src\\Illuminate\\Pipeline\\Pipeline.php(183): Illuminate\\Http\\Middleware\\ValidatePostSize->handle(Object(Illuminate\\Http\\Request), Object(Closure))
#38 C:\\Users\\andra\\Desktop\\kelompokfive-dev\\pesanWisata-Laravel\\vendor\\laravel\\framework\\src\\Illuminate\\Foundation\\Http\\Middleware\\PreventRequestsDuringMaintenance.php(110): Illuminate\\Pipeline\\Pipeline->Illuminate\\Pipeline\\{closure}(Object(Illuminate\\Http\\Request))
#39 C:\\Users\\andra\\Desktop\\kelompokfive-dev\\pesanWisata-Laravel\\vendor\\laravel\\framework\\src\\Illuminate\\Pipeline\\Pipeline.php(183): Illuminate\\Foundation\\Http\\Middleware\\PreventRequestsDuringMaintenance->handle(Object(Illuminate\\Http\\Request), Object(Closure))
#40 C:\\Users\\andra\\Desktop\\kelompokfive-dev\\pesanWisata-Laravel\\vendor\\laravel\\framework\\src\\Illuminate\\Http\\Middleware\\HandleCors.php(62): Illuminate\\Pipeline\\Pipeline->Illuminate\\Pipeline\\{closure}(Object(Illuminate\\Http\\Request))
#41 C:\\Users\\andra\\Desktop\\kelompokfive-dev\\pesanWisata-Laravel\\vendor\\laravel\\framework\\src\\Illuminate\\Pipeline\\Pipeline.php(183): Illuminate\\Http\\Middleware\\HandleCors->handle(Object(Illuminate\\Http\\Request), Object(Closure))
#42 C:\\Users\\andra\\Desktop\\kelompokfive-dev\\pesanWisata-Laravel\\vendor\\laravel\\framework\\src\\Illuminate\\Http\\Middleware\\TrustProxies.php(57): Illuminate\\Pipeline\\Pipeline->Illuminate\\Pipeline\\{closure}(Object(Illuminate\\Http\\Request))
#43 C:\\Users\\andra\\Desktop\\kelompokfive-dev\\pesanWisata-Laravel\\vendor\\laravel\\framework\\src\\Illuminate\\Pipeline\\Pipeline.php(183): Illuminate\\Http\\Middleware\\TrustProxies->handle(Object(Illuminate\\Http\\Request), Object(Closure))
#44 C:\\Users\\andra\\Desktop\\kelompokfive-dev\\pesanWisata-Laravel\\vendor\\laravel\\framework\\src\\Illuminate\\Pipeline\\Pipeline.php(119): Illuminate\\Pipeline\\Pipeline->Illuminate\\Pipeline\\{closure}(Object(Illuminate\\Http\\Request))
#45 C:\\Users\\andra\\Desktop\\kelompokfive-dev\\pesanWisata-Laravel\\vendor\\laravel\\framework\\src\\Illuminate\\Foundation\\Http\\Kernel.php(176): Illuminate\\Pipeline\\Pipeline->then(Object(Closure))
#46 C:\\Users\\andra\\Desktop\\kelompokfive-dev\\pesanWisata-Laravel\\vendor\\laravel\\framework\\src\\Illuminate\\Foundation\\Http\\Kernel.php(145): Illuminate\\Foundation\\Http\\Kernel->sendRequestThroughRouter(Object(Illuminate\\Http\\Request))
#47 C:\\Users\\andra\\Desktop\\kelompokfive-dev\\pesanWisata-Laravel\\vendor\\laravel\\framework\\src\\Illuminate\\Foundation\\Application.php(1188): Illuminate\\Foundation\\Http\\Kernel->handle(Object(Illuminate\\Http\\Request))
#48 C:\\Users\\andra\\Desktop\\kelompokfive-dev\\pesanWisata-Laravel\\public\\index.php(17): Illuminate\\Foundation\\Application->handleRequest(Object(Illuminate\\Http\\Request))
#49 C:\\Users\\andra\\Desktop\\kelompokfive-dev\\pesanWisata-Laravel\\vendor\\laravel\\framework\\src\\Illuminate\\Foundation\\resources\\server.php(23): require_once('C:\\\\Users\\\\andra\\\\...')
#50 {main}

[previous exception] [object] (PDOException(code: 23000): SQLSTATE[23000]: Integrity constraint violation: 19 NOT NULL constraint failed: bookings.booking_id at C:\\Users\\andra\\Desktop\\kelompokfive-dev\\pesanWisata-Laravel\\vendor\\laravel\\framework\\src\\Illuminate\\Database\\Connection.php:571)
[stacktrace]
#0 C:\\Users\\andra\\Desktop\\kelompokfive-dev\\pesanWisata-Laravel\\vendor\\laravel\\framework\\src\\Illuminate\\Database\\Connection.php(571): PDOStatement->execute()
#1 C:\\Users\\andra\\Desktop\\kelompokfive-dev\\pesanWisata-Laravel\\vendor\\laravel\\framework\\src\\Illuminate\\Database\\Connection.php(812): Illuminate\\Database\\Connection->Illuminate\\Database\\{closure}('insert into \"bo...', Array)
#2 C:\\Users\\andra\\Desktop\\kelompokfive-dev\\pesanWisata-Laravel\\vendor\\laravel\\framework\\src\\Illuminate\\Database\\Connection.php(779): Illuminate\\Database\\Connection->runQueryCallback('insert into \"bo...', Array, Object(Closure))
#3 C:\\Users\\andra\\Desktop\\kelompokfive-dev\\pesanWisata-Laravel\\vendor\\laravel\\framework\\src\\Illuminate\\Database\\Connection.php(560): Illuminate\\Database\\Connection->run('insert into \"bo...', Array, Object(Closure))
#4 C:\\Users\\andra\\Desktop\\kelompokfive-dev\\pesanWisata-Laravel\\vendor\\laravel\\framework\\src\\Illuminate\\Database\\Connection.php(524): Illuminate\\Database\\Connection->statement('insert into \"bo...', Array)
#5 C:\\Users\\andra\\Desktop\\kelompokfive-dev\\pesanWisata-Laravel\\vendor\\laravel\\framework\\src\\Illuminate\\Database\\Query\\Processors\\Processor.php(32): Illuminate\\Database\\Connection->insert('insert into \"bo...', Array)
#6 C:\\Users\\andra\\Desktop\\kelompokfive-dev\\pesanWisata-Laravel\\vendor\\laravel\\framework\\src\\Illuminate\\Database\\Query\\Builder.php(3754): Illuminate\\Database\\Query\\Processors\\Processor->processInsertGetId(Object(Illuminate\\Database\\Query\\Builder), 'insert into \"bo...', Array, 'id')
#7 C:\\Users\\andra\\Desktop\\kelompokfive-dev\\pesanWisata-Laravel\\vendor\\laravel\\framework\\src\\Illuminate\\Database\\Eloquent\\Builder.php(2038): Illuminate\\Database\\Query\\Builder->insertGetId(Array, 'id')
#8 C:\\Users\\andra\\Desktop\\kelompokfive-dev\\pesanWisata-Laravel\\vendor\\laravel\\framework\\src\\Illuminate\\Database\\Eloquent\\Model.php(1355): Illuminate\\Database\\Eloquent\\Builder->__call('insertGetId', Array)
#9 C:\\Users\\andra\\Desktop\\kelompokfive-dev\\pesanWisata-Laravel\\vendor\\laravel\\framework\\src\\Illuminate\\Database\\Eloquent\\Model.php(1320): Illuminate\\Database\\Eloquent\\Model->insertAndSetId(Object(Illuminate\\Database\\Eloquent\\Builder), Array)
#10 C:\\Users\\andra\\Desktop\\kelompokfive-dev\\pesanWisata-Laravel\\vendor\\laravel\\framework\\src\\Illuminate\\Database\\Eloquent\\Model.php(1159): Illuminate\\Database\\Eloquent\\Model->performInsert(Object(Illuminate\\Database\\Eloquent\\Builder))
#11 C:\\Users\\andra\\Desktop\\kelompokfive-dev\\pesanWisata-Laravel\\vendor\\laravel\\framework\\src\\Illuminate\\Database\\Eloquent\\Builder.php(1079): Illuminate\\Database\\Eloquent\\Model->save()
#12 C:\\Users\\andra\\Desktop\\kelompokfive-dev\\pesanWisata-Laravel\\vendor\\laravel\\framework\\src\\Illuminate\\Support\\helpers.php(380): Illuminate\\Database\\Eloquent\\Builder->Illuminate\\Database\\Eloquent\\{closure}(Object(App\\Models\\Booking))
#13 C:\\Users\\andra\\Desktop\\kelompokfive-dev\\pesanWisata-Laravel\\vendor\\laravel\\framework\\src\\Illuminate\\Database\\Eloquent\\Builder.php(1078): tap(Object(App\\Models\\Booking), Object(Closure))
#14 C:\\Users\\andra\\Desktop\\kelompokfive-dev\\pesanWisata-Laravel\\vendor\\laravel\\framework\\src\\Illuminate\\Support\\Traits\\ForwardsCalls.php(23): Illuminate\\Database\\Eloquent\\Builder->create(Array)
#15 C:\\Users\\andra\\Desktop\\kelompokfive-dev\\pesanWisata-Laravel\\vendor\\laravel\\framework\\src\\Illuminate\\Database\\Eloquent\\Model.php(2359): Illuminate\\Database\\Eloquent\\Model->forwardCallTo(Object(Illuminate\\Database\\Eloquent\\Builder), 'create', Array)
#16 C:\\Users\\andra\\Desktop\\kelompokfive-dev\\pesanWisata-Laravel\\vendor\\laravel\\framework\\src\\Illuminate\\Database\\Eloquent\\Model.php(2371): Illuminate\\Database\\Eloquent\\Model->__call('create', Array)
#17 C:\\Users\\andra\\Desktop\\kelompokfive-dev\\pesanWisata-Laravel\\app\\Http\\Controllers\\BookingController.php(37): Illuminate\\Database\\Eloquent\\Model::__callStatic('create', Array)
#18 C:\\Users\\andra\\Desktop\\kelompokfive-dev\\pesanWisata-Laravel\\vendor\\laravel\\framework\\src\\Illuminate\\Routing\\ControllerDispatcher.php(46): App\\Http\\Controllers\\BookingController->store(Object(Illuminate\\Http\\Request))
#19 C:\\Users\\andra\\Desktop\\kelompokfive-dev\\pesanWisata-Laravel\\vendor\\laravel\\framework\\src\\Illuminate\\Routing\\Route.php(260): Illuminate\\Routing\\ControllerDispatcher->dispatch(Object(Illuminate\\Routing\\Route), Object(App\\Http\\Controllers\\BookingController), 'store')
#20 C:\\Users\\andra\\Desktop\\kelompokfive-dev\\pesanWisata-Laravel\\vendor\\laravel\\framework\\src\\Illuminate\\Routing\\Route.php(206): Illuminate\\Routing\\Route->runController()
#21 C:\\Users\\andra\\Desktop\\kelompokfive-dev\\pesanWisata-Laravel\\vendor\\laravel\\framework\\src\\Illuminate\\Routing\\Router.php(808): Illuminate\\Routing\\Route->run()
#22 C:\\Users\\andra\\Desktop\\kelompokfive-dev\\pesanWisata-Laravel\\vendor\\laravel\\framework\\src\\Illuminate\\Pipeline\\Pipeline.php(144): Illuminate\\Routing\\Router->Illuminate\\Routing\\{closure}(Object(Illuminate\\Http\\Request))
#23 C:\\Users\\andra\\Desktop\\kelompokfive-dev\\pesanWisata-Laravel\\vendor\\laravel\\framework\\src\\Illuminate\\Routing\\Middleware\\SubstituteBindings.php(51): Illuminate\\Pipeline\\Pipeline->Illuminate\\Pipeline\\{closure}(Object(Illuminate\\Http\\Request))
#24 C:\\Users\\andra\\Desktop\\kelompokfive-dev\\pesanWisata-Laravel\\vendor\\laravel\\framework\\src\\Illuminate\\Pipeline\\Pipeline.php(183): Illuminate\\Routing\\Middleware\\SubstituteBindings->handle(Object(Illuminate\\Http\\Request), Object(Closure))
#25 C:\\Users\\andra\\Desktop\\kelompokfive-dev\\pesanWisata-Laravel\\vendor\\laravel\\framework\\src\\Illuminate\\Pipeline\\Pipeline.php(119): Illuminate\\Pipeline\\Pipeline->Illuminate\\Pipeline\\{closure}(Object(Illuminate\\Http\\Request))
#26 C:\\Users\\andra\\Desktop\\kelompokfive-dev\\pesanWisata-Laravel\\vendor\\laravel\\framework\\src\\Illuminate\\Routing\\Router.php(807): Illuminate\\Pipeline\\Pipeline->then(Object(Closure))
#27 C:\\Users\\andra\\Desktop\\kelompokfive-dev\\pesanWisata-Laravel\\vendor\\laravel\\framework\\src\\Illuminate\\Routing\\Router.php(786): Illuminate\\Routing\\Router->runRouteWithinStack(Object(Illuminate\\Routing\\Route), Object(Illuminate\\Http\\Request))
#28 C:\\Users\\andra\\Desktop\\kelompokfive-dev\\pesanWisata-Laravel\\vendor\\laravel\\framework\\src\\Illuminate\\Routing\\Router.php(750): Illuminate\\Routing\\Router->runRoute(Object(Illuminate\\Http\\Request), Object(Illuminate\\Routing\\Route))
#29 C:\\Users\\andra\\Desktop\\kelompokfive-dev\\pesanWisata-Laravel\\vendor\\laravel\\framework\\src\\Illuminate\\Routing\\Router.php(739): Illuminate\\Routing\\Router->dispatchToRoute(Object(Illuminate\\Http\\Request))
#30 C:\\Users\\andra\\Desktop\\kelompokfive-dev\\pesanWisata-Laravel\\vendor\\laravel\\framework\\src\\Illuminate\\Foundation\\Http\\Kernel.php(201): Illuminate\\Routing\\Router->dispatch(Object(Illuminate\\Http\\Request))
#31 C:\\Users\\andra\\Desktop\\kelompokfive-dev\\pesanWisata-Laravel\\vendor\\laravel\\framework\\src\\Illuminate\\Pipeline\\Pipeline.php(144): Illuminate\\Foundation\\Http\\Kernel->Illuminate\\Foundation\\Http\\{closure}(Object(Illuminate\\Http\\Request))
#32 C:\\Users\\andra\\Desktop\\kelompokfive-dev\\pesanWisata-Laravel\\vendor\\laravel\\framework\\src\\Illuminate\\Foundation\\Http\\Middleware\\TransformsRequest.php(21): Illuminate\\Pipeline\\Pipeline->Illuminate\\Pipeline\\{closure}(Object(Illuminate\\Http\\Request))
#33 C:\\Users\\andra\\Desktop\\kelompokfive-dev\\pesanWisata-Laravel\\vendor\\laravel\\framework\\src\\Illuminate\\Foundation\\Http\\Middleware\\ConvertEmptyStringsToNull.php(31): Illuminate\\Foundation\\Http\\Middleware\\TransformsRequest->handle(Object(Illuminate\\Http\\Request), Object(Closure))
#34 C:\\Users\\andra\\Desktop\\kelompokfive-dev\\pesanWisata-Laravel\\vendor\\laravel\\framework\\src\\Illuminate\\Pipeline\\Pipeline.php(183): Illuminate\\Foundation\\Http\\Middleware\\ConvertEmptyStringsToNull->handle(Object(Illuminate\\Http\\Request), Object(Closure))
#35 C:\\Users\\andra\\Desktop\\kelompokfive-dev\\pesanWisata-Laravel\\vendor\\laravel\\framework\\src\\Illuminate\\Foundation\\Http\\Middleware\\TransformsRequest.php(21): Illuminate\\Pipeline\\Pipeline->Illuminate\\Pipeline\\{closure}(Object(Illuminate\\Http\\Request))
#36 C:\\Users\\andra\\Desktop\\kelompokfive-dev\\pesanWisata-Laravel\\vendor\\laravel\\framework\\src\\Illuminate\\Foundation\\Http\\Middleware\\TrimStrings.php(51): Illuminate\\Foundation\\Http\\Middleware\\TransformsRequest->handle(Object(Illuminate\\Http\\Request), Object(Closure))
#37 C:\\Users\\andra\\Desktop\\kelompokfive-dev\\pesanWisata-Laravel\\vendor\\laravel\\framework\\src\\Illuminate\\Pipeline\\Pipeline.php(183): Illuminate\\Foundation\\Http\\Middleware\\TrimStrings->handle(Object(Illuminate\\Http\\Request), Object(Closure))
#38 C:\\Users\\andra\\Desktop\\kelompokfive-dev\\pesanWisata-Laravel\\vendor\\laravel\\framework\\src\\Illuminate\\Http\\Middleware\\ValidatePostSize.php(27): Illuminate\\Pipeline\\Pipeline->Illuminate\\Pipeline\\{closure}(Object(Illuminate\\Http\\Request))
#39 C:\\Users\\andra\\Desktop\\kelompokfive-dev\\pesanWisata-Laravel\\vendor\\laravel\\framework\\src\\Illuminate\\Pipeline\\Pipeline.php(183): Illuminate\\Http\\Middleware\\ValidatePostSize->handle(Object(Illuminate\\Http\\Request), Object(Closure))
#40 C:\\Users\\andra\\Desktop\\kelompokfive-dev\\pesanWisata-Laravel\\vendor\\laravel\\framework\\src\\Illuminate\\Foundation\\Http\\Middleware\\PreventRequestsDuringMaintenance.php(110): Illuminate\\Pipeline\\Pipeline->Illuminate\\Pipeline\\{closure}(Object(Illuminate\\Http\\Request))
#41 C:\\Users\\andra\\Desktop\\kelompokfive-dev\\pesanWisata-Laravel\\vendor\\laravel\\framework\\src\\Illuminate\\Pipeline\\Pipeline.php(183): Illuminate\\Foundation\\Http\\Middleware\\PreventRequestsDuringMaintenance->handle(Object(Illuminate\\Http\\Request), Object(Closure))
#42 C:\\Users\\andra\\Desktop\\kelompokfive-dev\\pesanWisata-Laravel\\vendor\\laravel\\framework\\src\\Illuminate\\Http\\Middleware\\HandleCors.php(62): Illuminate\\Pipeline\\Pipeline->Illuminate\\Pipeline\\{closure}(Object(Illuminate\\Http\\Request))
#43 C:\\Users\\andra\\Desktop\\kelompokfive-dev\\pesanWisata-Laravel\\vendor\\laravel\\framework\\src\\Illuminate\\Pipeline\\Pipeline.php(183): Illuminate\\Http\\Middleware\\HandleCors->handle(Object(Illuminate\\Http\\Request), Object(Closure))
#44 C:\\Users\\andra\\Desktop\\kelompokfive-dev\\pesanWisata-Laravel\\vendor\\laravel\\framework\\src\\Illuminate\\Http\\Middleware\\TrustProxies.php(57): Illuminate\\Pipeline\\Pipeline->Illuminate\\Pipeline\\{closure}(Object(Illuminate\\Http\\Request))
#45 C:\\Users\\andra\\Desktop\\kelompokfive-dev\\pesanWisata-Laravel\\vendor\\laravel\\framework\\src\\Illuminate\\Pipeline\\Pipeline.php(183): Illuminate\\Http\\Middleware\\TrustProxies->handle(Object(Illuminate\\Http\\Request), Object(Closure))
#46 C:\\Users\\andra\\Desktop\\kelompokfive-dev\\pesanWisata-Laravel\\vendor\\laravel\\framework\\src\\Illuminate\\Pipeline\\Pipeline.php(119): Illuminate\\Pipeline\\Pipeline->Illuminate\\Pipeline\\{closure}(Object(Illuminate\\Http\\Request))
#47 C:\\Users\\andra\\Desktop\\kelompokfive-dev\\pesanWisata-Laravel\\vendor\\laravel\\framework\\src\\Illuminate\\Foundation\\Http\\Kernel.php(176): Illuminate\\Pipeline\\Pipeline->then(Object(Closure))
#48 C:\\Users\\andra\\Desktop\\kelompokfive-dev\\pesanWisata-Laravel\\vendor\\laravel\\framework\\src\\Illuminate\\Foundation\\Http\\Kernel.php(145): Illuminate\\Foundation\\Http\\Kernel->sendRequestThroughRouter(Object(Illuminate\\Http\\Request))
#49 C:\\Users\\andra\\Desktop\\kelompokfive-dev\\pesanWisata-Laravel\\vendor\\laravel\\framework\\src\\Illuminate\\Foundation\\Application.php(1188): Illuminate\\Foundation\\Http\\Kernel->handle(Object(Illuminate\\Http\\Request))
#50 C:\\Users\\andra\\Desktop\\kelompokfive-dev\\pesanWisata-Laravel\\public\\index.php(17): Illuminate\\Foundation\\Application->handleRequest(Object(Illuminate\\Http\\Request))
#51 C:\\Users\\andra\\Desktop\\kelompokfive-dev\\pesanWisata-Laravel\\vendor\\laravel\\framework\\src\\Illuminate\\Foundation\\resources\\server.php(23): require_once('C:\\\\Users\\\\andra\\\\...')
#52 {main}
"} 
[2024-09-11 04:36:47] local.ERROR: SQLSTATE[HY000]: General error: 1 no such column: destination.name (Connection: sqlite, SQL: select "users"."name" as "name", "destination"."name" as "destination" from "bookings" inner join "users" on "users"."id" = "booking"."user_id" inner join "destinations" on "destinations"."id" = "booking"."destination_id") {"exception":"[object] (Illuminate\\Database\\QueryException(code: HY000): SQLSTATE[HY000]: General error: 1 no such column: destination.name (Connection: sqlite, SQL: select \"users\".\"name\" as \"name\", \"destination\".\"name\" as \"destination\" from \"bookings\" inner join \"users\" on \"users\".\"id\" = \"booking\".\"user_id\" inner join \"destinations\" on \"destinations\".\"id\" = \"booking\".\"destination_id\") at C:\\Users\\andra\\Desktop\\kelompokfive-dev\\pesanWisata-Laravel\\vendor\\laravel\\framework\\src\\Illuminate\\Database\\Connection.php:825)
[stacktrace]
#0 C:\\Users\\andra\\Desktop\\kelompokfive-dev\\pesanWisata-Laravel\\vendor\\laravel\\framework\\src\\Illuminate\\Database\\Connection.php(779): Illuminate\\Database\\Connection->runQueryCallback('select \"users\"....', Array, Object(Closure))
#1 C:\\Users\\andra\\Desktop\\kelompokfive-dev\\pesanWisata-Laravel\\vendor\\laravel\\framework\\src\\Illuminate\\Database\\Connection.php(398): Illuminate\\Database\\Connection->run('select \"users\"....', Array, Object(Closure))
#2 C:\\Users\\andra\\Desktop\\kelompokfive-dev\\pesanWisata-Laravel\\vendor\\laravel\\framework\\src\\Illuminate\\Database\\Query\\Builder.php(3088): Illuminate\\Database\\Connection->select('select \"users\"....', Array, true)
#3 C:\\Users\\andra\\Desktop\\kelompokfive-dev\\pesanWisata-Laravel\\vendor\\laravel\\framework\\src\\Illuminate\\Database\\Query\\Builder.php(3073): Illuminate\\Database\\Query\\Builder->runSelect()
#4 C:\\Users\\andra\\Desktop\\kelompokfive-dev\\pesanWisata-Laravel\\vendor\\laravel\\framework\\src\\Illuminate\\Database\\Query\\Builder.php(3661): Illuminate\\Database\\Query\\Builder->Illuminate\\Database\\Query\\{closure}()
#5 C:\\Users\\andra\\Desktop\\kelompokfive-dev\\pesanWisata-Laravel\\vendor\\laravel\\framework\\src\\Illuminate\\Database\\Query\\Builder.php(3072): Illuminate\\Database\\Query\\Builder->onceWithColumns(Array, Object(Closure))
#6 C:\\Users\\andra\\Desktop\\kelompokfive-dev\\pesanWisata-Laravel\\vendor\\laravel\\framework\\src\\Illuminate\\Database\\Eloquent\\Builder.php(759): Illuminate\\Database\\Query\\Builder->get(Array)
#7 C:\\Users\\andra\\Desktop\\kelompokfive-dev\\pesanWisata-Laravel\\vendor\\laravel\\framework\\src\\Illuminate\\Database\\Eloquent\\Builder.php(741): Illuminate\\Database\\Eloquent\\Builder->getModels(Array)
#8 C:\\Users\\andra\\Desktop\\kelompokfive-dev\\pesanWisata-Laravel\\app\\Http\\Controllers\\BookingController.php(20): Illuminate\\Database\\Eloquent\\Builder->get()
#9 C:\\Users\\andra\\Desktop\\kelompokfive-dev\\pesanWisata-Laravel\\vendor\\laravel\\framework\\src\\Illuminate\\Routing\\ControllerDispatcher.php(46): App\\Http\\Controllers\\BookingController->index()
#10 C:\\Users\\andra\\Desktop\\kelompokfive-dev\\pesanWisata-Laravel\\vendor\\laravel\\framework\\src\\Illuminate\\Routing\\Route.php(260): Illuminate\\Routing\\ControllerDispatcher->dispatch(Object(Illuminate\\Routing\\Route), Object(App\\Http\\Controllers\\BookingController), 'index')
#11 C:\\Users\\andra\\Desktop\\kelompokfive-dev\\pesanWisata-Laravel\\vendor\\laravel\\framework\\src\\Illuminate\\Routing\\Route.php(206): Illuminate\\Routing\\Route->runController()
#12 C:\\Users\\andra\\Desktop\\kelompokfive-dev\\pesanWisata-Laravel\\vendor\\laravel\\framework\\src\\Illuminate\\Routing\\Router.php(808): Illuminate\\Routing\\Route->run()
#13 C:\\Users\\andra\\Desktop\\kelompokfive-dev\\pesanWisata-Laravel\\vendor\\laravel\\framework\\src\\Illuminate\\Pipeline\\Pipeline.php(144): Illuminate\\Routing\\Router->Illuminate\\Routing\\{closure}(Object(Illuminate\\Http\\Request))
#14 C:\\Users\\andra\\Desktop\\kelompokfive-dev\\pesanWisata-Laravel\\vendor\\laravel\\framework\\src\\Illuminate\\Routing\\Middleware\\SubstituteBindings.php(51): Illuminate\\Pipeline\\Pipeline->Illuminate\\Pipeline\\{closure}(Object(Illuminate\\Http\\Request))
#15 C:\\Users\\andra\\Desktop\\kelompokfive-dev\\pesanWisata-Laravel\\vendor\\laravel\\framework\\src\\Illuminate\\Pipeline\\Pipeline.php(183): Illuminate\\Routing\\Middleware\\SubstituteBindings->handle(Object(Illuminate\\Http\\Request), Object(Closure))
#16 C:\\Users\\andra\\Desktop\\kelompokfive-dev\\pesanWisata-Laravel\\vendor\\laravel\\framework\\src\\Illuminate\\Pipeline\\Pipeline.php(119): Illuminate\\Pipeline\\Pipeline->Illuminate\\Pipeline\\{closure}(Object(Illuminate\\Http\\Request))
#17 C:\\Users\\andra\\Desktop\\kelompokfive-dev\\pesanWisata-Laravel\\vendor\\laravel\\framework\\src\\Illuminate\\Routing\\Router.php(807): Illuminate\\Pipeline\\Pipeline->then(Object(Closure))
#18 C:\\Users\\andra\\Desktop\\kelompokfive-dev\\pesanWisata-Laravel\\vendor\\laravel\\framework\\src\\Illuminate\\Routing\\Router.php(786): Illuminate\\Routing\\Router->runRouteWithinStack(Object(Illuminate\\Routing\\Route), Object(Illuminate\\Http\\Request))
#19 C:\\Users\\andra\\Desktop\\kelompokfive-dev\\pesanWisata-Laravel\\vendor\\laravel\\framework\\src\\Illuminate\\Routing\\Router.php(750): Illuminate\\Routing\\Router->runRoute(Object(Illuminate\\Http\\Request), Object(Illuminate\\Routing\\Route))
#20 C:\\Users\\andra\\Desktop\\kelompokfive-dev\\pesanWisata-Laravel\\vendor\\laravel\\framework\\src\\Illuminate\\Routing\\Router.php(739): Illuminate\\Routing\\Router->dispatchToRoute(Object(Illuminate\\Http\\Request))
#21 C:\\Users\\andra\\Desktop\\kelompokfive-dev\\pesanWisata-Laravel\\vendor\\laravel\\framework\\src\\Illuminate\\Foundation\\Http\\Kernel.php(201): Illuminate\\Routing\\Router->dispatch(Object(Illuminate\\Http\\Request))
#22 C:\\Users\\andra\\Desktop\\kelompokfive-dev\\pesanWisata-Laravel\\vendor\\laravel\\framework\\src\\Illuminate\\Pipeline\\Pipeline.php(144): Illuminate\\Foundation\\Http\\Kernel->Illuminate\\Foundation\\Http\\{closure}(Object(Illuminate\\Http\\Request))
#23 C:\\Users\\andra\\Desktop\\kelompokfive-dev\\pesanWisata-Laravel\\vendor\\laravel\\framework\\src\\Illuminate\\Foundation\\Http\\Middleware\\TransformsRequest.php(21): Illuminate\\Pipeline\\Pipeline->Illuminate\\Pipeline\\{closure}(Object(Illuminate\\Http\\Request))
#24 C:\\Users\\andra\\Desktop\\kelompokfive-dev\\pesanWisata-Laravel\\vendor\\laravel\\framework\\src\\Illuminate\\Foundation\\Http\\Middleware\\ConvertEmptyStringsToNull.php(31): Illuminate\\Foundation\\Http\\Middleware\\TransformsRequest->handle(Object(Illuminate\\Http\\Request), Object(Closure))
#25 C:\\Users\\andra\\Desktop\\kelompokfive-dev\\pesanWisata-Laravel\\vendor\\laravel\\framework\\src\\Illuminate\\Pipeline\\Pipeline.php(183): Illuminate\\Foundation\\Http\\Middleware\\ConvertEmptyStringsToNull->handle(Object(Illuminate\\Http\\Request), Object(Closure))
#26 C:\\Users\\andra\\Desktop\\kelompokfive-dev\\pesanWisata-Laravel\\vendor\\laravel\\framework\\src\\Illuminate\\Foundation\\Http\\Middleware\\TransformsRequest.php(21): Illuminate\\Pipeline\\Pipeline->Illuminate\\Pipeline\\{closure}(Object(Illuminate\\Http\\Request))
#27 C:\\Users\\andra\\Desktop\\kelompokfive-dev\\pesanWisata-Laravel\\vendor\\laravel\\framework\\src\\Illuminate\\Foundation\\Http\\Middleware\\TrimStrings.php(51): Illuminate\\Foundation\\Http\\Middleware\\TransformsRequest->handle(Object(Illuminate\\Http\\Request), Object(Closure))
#28 C:\\Users\\andra\\Desktop\\kelompokfive-dev\\pesanWisata-Laravel\\vendor\\laravel\\framework\\src\\Illuminate\\Pipeline\\Pipeline.php(183): Illuminate\\Foundation\\Http\\Middleware\\TrimStrings->handle(Object(Illuminate\\Http\\Request), Object(Closure))
#29 C:\\Users\\andra\\Desktop\\kelompokfive-dev\\pesanWisata-Laravel\\vendor\\laravel\\framework\\src\\Illuminate\\Http\\Middleware\\ValidatePostSize.php(27): Illuminate\\Pipeline\\Pipeline->Illuminate\\Pipeline\\{closure}(Object(Illuminate\\Http\\Request))
#30 C:\\Users\\andra\\Desktop\\kelompokfive-dev\\pesanWisata-Laravel\\vendor\\laravel\\framework\\src\\Illuminate\\Pipeline\\Pipeline.php(183): Illuminate\\Http\\Middleware\\ValidatePostSize->handle(Object(Illuminate\\Http\\Request), Object(Closure))
#31 C:\\Users\\andra\\Desktop\\kelompokfive-dev\\pesanWisata-Laravel\\vendor\\laravel\\framework\\src\\Illuminate\\Foundation\\Http\\Middleware\\PreventRequestsDuringMaintenance.php(110): Illuminate\\Pipeline\\Pipeline->Illuminate\\Pipeline\\{closure}(Object(Illuminate\\Http\\Request))
#32 C:\\Users\\andra\\Desktop\\kelompokfive-dev\\pesanWisata-Laravel\\vendor\\laravel\\framework\\src\\Illuminate\\Pipeline\\Pipeline.php(183): Illuminate\\Foundation\\Http\\Middleware\\PreventRequestsDuringMaintenance->handle(Object(Illuminate\\Http\\Request), Object(Closure))
#33 C:\\Users\\andra\\Desktop\\kelompokfive-dev\\pesanWisata-Laravel\\vendor\\laravel\\framework\\src\\Illuminate\\Http\\Middleware\\HandleCors.php(62): Illuminate\\Pipeline\\Pipeline->Illuminate\\Pipeline\\{closure}(Object(Illuminate\\Http\\Request))
#34 C:\\Users\\andra\\Desktop\\kelompokfive-dev\\pesanWisata-Laravel\\vendor\\laravel\\framework\\src\\Illuminate\\Pipeline\\Pipeline.php(183): Illuminate\\Http\\Middleware\\HandleCors->handle(Object(Illuminate\\Http\\Request), Object(Closure))
#35 C:\\Users\\andra\\Desktop\\kelompokfive-dev\\pesanWisata-Laravel\\vendor\\laravel\\framework\\src\\Illuminate\\Http\\Middleware\\TrustProxies.php(57): Illuminate\\Pipeline\\Pipeline->Illuminate\\Pipeline\\{closure}(Object(Illuminate\\Http\\Request))
#36 C:\\Users\\andra\\Desktop\\kelompokfive-dev\\pesanWisata-Laravel\\vendor\\laravel\\framework\\src\\Illuminate\\Pipeline\\Pipeline.php(183): Illuminate\\Http\\Middleware\\TrustProxies->handle(Object(Illuminate\\Http\\Request), Object(Closure))
#37 C:\\Users\\andra\\Desktop\\kelompokfive-dev\\pesanWisata-Laravel\\vendor\\laravel\\framework\\src\\Illuminate\\Pipeline\\Pipeline.php(119): Illuminate\\Pipeline\\Pipeline->Illuminate\\Pipeline\\{closure}(Object(Illuminate\\Http\\Request))
#38 C:\\Users\\andra\\Desktop\\kelompokfive-dev\\pesanWisata-Laravel\\vendor\\laravel\\framework\\src\\Illuminate\\Foundation\\Http\\Kernel.php(176): Illuminate\\Pipeline\\Pipeline->then(Object(Closure))
#39 C:\\Users\\andra\\Desktop\\kelompokfive-dev\\pesanWisata-Laravel\\vendor\\laravel\\framework\\src\\Illuminate\\Foundation\\Http\\Kernel.php(145): Illuminate\\Foundation\\Http\\Kernel->sendRequestThroughRouter(Object(Illuminate\\Http\\Request))
#40 C:\\Users\\andra\\Desktop\\kelompokfive-dev\\pesanWisata-Laravel\\vendor\\laravel\\framework\\src\\Illuminate\\Foundation\\Application.php(1188): Illuminate\\Foundation\\Http\\Kernel->handle(Object(Illuminate\\Http\\Request))
#41 C:\\Users\\andra\\Desktop\\kelompokfive-dev\\pesanWisata-Laravel\\public\\index.php(17): Illuminate\\Foundation\\Application->handleRequest(Object(Illuminate\\Http\\Request))
#42 C:\\Users\\andra\\Desktop\\kelompokfive-dev\\pesanWisata-Laravel\\vendor\\laravel\\framework\\src\\Illuminate\\Foundation\\resources\\server.php(23): require_once('C:\\\\Users\\\\andra\\\\...')
#43 {main}

[previous exception] [object] (PDOException(code: HY000): SQLSTATE[HY000]: General error: 1 no such column: destination.name at C:\\Users\\andra\\Desktop\\kelompokfive-dev\\pesanWisata-Laravel\\vendor\\laravel\\framework\\src\\Illuminate\\Database\\Connection.php:407)
[stacktrace]
#0 C:\\Users\\andra\\Desktop\\kelompokfive-dev\\pesanWisata-Laravel\\vendor\\laravel\\framework\\src\\Illuminate\\Database\\Connection.php(407): PDO->prepare('select \"users\"....')
#1 C:\\Users\\andra\\Desktop\\kelompokfive-dev\\pesanWisata-Laravel\\vendor\\laravel\\framework\\src\\Illuminate\\Database\\Connection.php(812): Illuminate\\Database\\Connection->Illuminate\\Database\\{closure}('select \"users\"....', Array)
#2 C:\\Users\\andra\\Desktop\\kelompokfive-dev\\pesanWisata-Laravel\\vendor\\laravel\\framework\\src\\Illuminate\\Database\\Connection.php(779): Illuminate\\Database\\Connection->runQueryCallback('select \"users\"....', Array, Object(Closure))
#3 C:\\Users\\andra\\Desktop\\kelompokfive-dev\\pesanWisata-Laravel\\vendor\\laravel\\framework\\src\\Illuminate\\Database\\Connection.php(398): Illuminate\\Database\\Connection->run('select \"users\"....', Array, Object(Closure))
#4 C:\\Users\\andra\\Desktop\\kelompokfive-dev\\pesanWisata-Laravel\\vendor\\laravel\\framework\\src\\Illuminate\\Database\\Query\\Builder.php(3088): Illuminate\\Database\\Connection->select('select \"users\"....', Array, true)
#5 C:\\Users\\andra\\Desktop\\kelompokfive-dev\\pesanWisata-Laravel\\vendor\\laravel\\framework\\src\\Illuminate\\Database\\Query\\Builder.php(3073): Illuminate\\Database\\Query\\Builder->runSelect()
#6 C:\\Users\\andra\\Desktop\\kelompokfive-dev\\pesanWisata-Laravel\\vendor\\laravel\\framework\\src\\Illuminate\\Database\\Query\\Builder.php(3661): Illuminate\\Database\\Query\\Builder->Illuminate\\Database\\Query\\{closure}()
#7 C:\\Users\\andra\\Desktop\\kelompokfive-dev\\pesanWisata-Laravel\\vendor\\laravel\\framework\\src\\Illuminate\\Database\\Query\\Builder.php(3072): Illuminate\\Database\\Query\\Builder->onceWithColumns(Array, Object(Closure))
#8 C:\\Users\\andra\\Desktop\\kelompokfive-dev\\pesanWisata-Laravel\\vendor\\laravel\\framework\\src\\Illuminate\\Database\\Eloquent\\Builder.php(759): Illuminate\\Database\\Query\\Builder->get(Array)
#9 C:\\Users\\andra\\Desktop\\kelompokfive-dev\\pesanWisata-Laravel\\vendor\\laravel\\framework\\src\\Illuminate\\Database\\Eloquent\\Builder.php(741): Illuminate\\Database\\Eloquent\\Builder->getModels(Array)
#10 C:\\Users\\andra\\Desktop\\kelompokfive-dev\\pesanWisata-Laravel\\app\\Http\\Controllers\\BookingController.php(20): Illuminate\\Database\\Eloquent\\Builder->get()
#11 C:\\Users\\andra\\Desktop\\kelompokfive-dev\\pesanWisata-Laravel\\vendor\\laravel\\framework\\src\\Illuminate\\Routing\\ControllerDispatcher.php(46): App\\Http\\Controllers\\BookingController->index()
#12 C:\\Users\\andra\\Desktop\\kelompokfive-dev\\pesanWisata-Laravel\\vendor\\laravel\\framework\\src\\Illuminate\\Routing\\Route.php(260): Illuminate\\Routing\\ControllerDispatcher->dispatch(Object(Illuminate\\Routing\\Route), Object(App\\Http\\Controllers\\BookingController), 'index')
#13 C:\\Users\\andra\\Desktop\\kelompokfive-dev\\pesanWisata-Laravel\\vendor\\laravel\\framework\\src\\Illuminate\\Routing\\Route.php(206): Illuminate\\Routing\\Route->runController()
#14 C:\\Users\\andra\\Desktop\\kelompokfive-dev\\pesanWisata-Laravel\\vendor\\laravel\\framework\\src\\Illuminate\\Routing\\Router.php(808): Illuminate\\Routing\\Route->run()
#15 C:\\Users\\andra\\Desktop\\kelompokfive-dev\\pesanWisata-Laravel\\vendor\\laravel\\framework\\src\\Illuminate\\Pipeline\\Pipeline.php(144): Illuminate\\Routing\\Router->Illuminate\\Routing\\{closure}(Object(Illuminate\\Http\\Request))
#16 C:\\Users\\andra\\Desktop\\kelompokfive-dev\\pesanWisata-Laravel\\vendor\\laravel\\framework\\src\\Illuminate\\Routing\\Middleware\\SubstituteBindings.php(51): Illuminate\\Pipeline\\Pipeline->Illuminate\\Pipeline\\{closure}(Object(Illuminate\\Http\\Request))
#17 C:\\Users\\andra\\Desktop\\kelompokfive-dev\\pesanWisata-Laravel\\vendor\\laravel\\framework\\src\\Illuminate\\Pipeline\\Pipeline.php(183): Illuminate\\Routing\\Middleware\\SubstituteBindings->handle(Object(Illuminate\\Http\\Request), Object(Closure))
#18 C:\\Users\\andra\\Desktop\\kelompokfive-dev\\pesanWisata-Laravel\\vendor\\laravel\\framework\\src\\Illuminate\\Pipeline\\Pipeline.php(119): Illuminate\\Pipeline\\Pipeline->Illuminate\\Pipeline\\{closure}(Object(Illuminate\\Http\\Request))
#19 C:\\Users\\andra\\Desktop\\kelompokfive-dev\\pesanWisata-Laravel\\vendor\\laravel\\framework\\src\\Illuminate\\Routing\\Router.php(807): Illuminate\\Pipeline\\Pipeline->then(Object(Closure))
#20 C:\\Users\\andra\\Desktop\\kelompokfive-dev\\pesanWisata-Laravel\\vendor\\laravel\\framework\\src\\Illuminate\\Routing\\Router.php(786): Illuminate\\Routing\\Router->runRouteWithinStack(Object(Illuminate\\Routing\\Route), Object(Illuminate\\Http\\Request))
#21 C:\\Users\\andra\\Desktop\\kelompokfive-dev\\pesanWisata-Laravel\\vendor\\laravel\\framework\\src\\Illuminate\\Routing\\Router.php(750): Illuminate\\Routing\\Router->runRoute(Object(Illuminate\\Http\\Request), Object(Illuminate\\Routing\\Route))
#22 C:\\Users\\andra\\Desktop\\kelompokfive-dev\\pesanWisata-Laravel\\vendor\\laravel\\framework\\src\\Illuminate\\Routing\\Router.php(739): Illuminate\\Routing\\Router->dispatchToRoute(Object(Illuminate\\Http\\Request))
#23 C:\\Users\\andra\\Desktop\\kelompokfive-dev\\pesanWisata-Laravel\\vendor\\laravel\\framework\\src\\Illuminate\\Foundation\\Http\\Kernel.php(201): Illuminate\\Routing\\Router->dispatch(Object(Illuminate\\Http\\Request))
#24 C:\\Users\\andra\\Desktop\\kelompokfive-dev\\pesanWisata-Laravel\\vendor\\laravel\\framework\\src\\Illuminate\\Pipeline\\Pipeline.php(144): Illuminate\\Foundation\\Http\\Kernel->Illuminate\\Foundation\\Http\\{closure}(Object(Illuminate\\Http\\Request))
#25 C:\\Users\\andra\\Desktop\\kelompokfive-dev\\pesanWisata-Laravel\\vendor\\laravel\\framework\\src\\Illuminate\\Foundation\\Http\\Middleware\\TransformsRequest.php(21): Illuminate\\Pipeline\\Pipeline->Illuminate\\Pipeline\\{closure}(Object(Illuminate\\Http\\Request))
#26 C:\\Users\\andra\\Desktop\\kelompokfive-dev\\pesanWisata-Laravel\\vendor\\laravel\\framework\\src\\Illuminate\\Foundation\\Http\\Middleware\\ConvertEmptyStringsToNull.php(31): Illuminate\\Foundation\\Http\\Middleware\\TransformsRequest->handle(Object(Illuminate\\Http\\Request), Object(Closure))
#27 C:\\Users\\andra\\Desktop\\kelompokfive-dev\\pesanWisata-Laravel\\vendor\\laravel\\framework\\src\\Illuminate\\Pipeline\\Pipeline.php(183): Illuminate\\Foundation\\Http\\Middleware\\ConvertEmptyStringsToNull->handle(Object(Illuminate\\Http\\Request), Object(Closure))
#28 C:\\Users\\andra\\Desktop\\kelompokfive-dev\\pesanWisata-Laravel\\vendor\\laravel\\framework\\src\\Illuminate\\Foundation\\Http\\Middleware\\TransformsRequest.php(21): Illuminate\\Pipeline\\Pipeline->Illuminate\\Pipeline\\{closure}(Object(Illuminate\\Http\\Request))
#29 C:\\Users\\andra\\Desktop\\kelompokfive-dev\\pesanWisata-Laravel\\vendor\\laravel\\framework\\src\\Illuminate\\Foundation\\Http\\Middleware\\TrimStrings.php(51): Illuminate\\Foundation\\Http\\Middleware\\TransformsRequest->handle(Object(Illuminate\\Http\\Request), Object(Closure))
#30 C:\\Users\\andra\\Desktop\\kelompokfive-dev\\pesanWisata-Laravel\\vendor\\laravel\\framework\\src\\Illuminate\\Pipeline\\Pipeline.php(183): Illuminate\\Foundation\\Http\\Middleware\\TrimStrings->handle(Object(Illuminate\\Http\\Request), Object(Closure))
#31 C:\\Users\\andra\\Desktop\\kelompokfive-dev\\pesanWisata-Laravel\\vendor\\laravel\\framework\\src\\Illuminate\\Http\\Middleware\\ValidatePostSize.php(27): Illuminate\\Pipeline\\Pipeline->Illuminate\\Pipeline\\{closure}(Object(Illuminate\\Http\\Request))
#32 C:\\Users\\andra\\Desktop\\kelompokfive-dev\\pesanWisata-Laravel\\vendor\\laravel\\framework\\src\\Illuminate\\Pipeline\\Pipeline.php(183): Illuminate\\Http\\Middleware\\ValidatePostSize->handle(Object(Illuminate\\Http\\Request), Object(Closure))
#33 C:\\Users\\andra\\Desktop\\kelompokfive-dev\\pesanWisata-Laravel\\vendor\\laravel\\framework\\src\\Illuminate\\Foundation\\Http\\Middleware\\PreventRequestsDuringMaintenance.php(110): Illuminate\\Pipeline\\Pipeline->Illuminate\\Pipeline\\{closure}(Object(Illuminate\\Http\\Request))
#34 C:\\Users\\andra\\Desktop\\kelompokfive-dev\\pesanWisata-Laravel\\vendor\\laravel\\framework\\src\\Illuminate\\Pipeline\\Pipeline.php(183): Illuminate\\Foundation\\Http\\Middleware\\PreventRequestsDuringMaintenance->handle(Object(Illuminate\\Http\\Request), Object(Closure))
#35 C:\\Users\\andra\\Desktop\\kelompokfive-dev\\pesanWisata-Laravel\\vendor\\laravel\\framework\\src\\Illuminate\\Http\\Middleware\\HandleCors.php(62): Illuminate\\Pipeline\\Pipeline->Illuminate\\Pipeline\\{closure}(Object(Illuminate\\Http\\Request))
#36 C:\\Users\\andra\\Desktop\\kelompokfive-dev\\pesanWisata-Laravel\\vendor\\laravel\\framework\\src\\Illuminate\\Pipeline\\Pipeline.php(183): Illuminate\\Http\\Middleware\\HandleCors->handle(Object(Illuminate\\Http\\Request), Object(Closure))
#37 C:\\Users\\andra\\Desktop\\kelompokfive-dev\\pesanWisata-Laravel\\vendor\\laravel\\framework\\src\\Illuminate\\Http\\Middleware\\TrustProxies.php(57): Illuminate\\Pipeline\\Pipeline->Illuminate\\Pipeline\\{closure}(Object(Illuminate\\Http\\Request))
#38 C:\\Users\\andra\\Desktop\\kelompokfive-dev\\pesanWisata-Laravel\\vendor\\laravel\\framework\\src\\Illuminate\\Pipeline\\Pipeline.php(183): Illuminate\\Http\\Middleware\\TrustProxies->handle(Object(Illuminate\\Http\\Request), Object(Closure))
#39 C:\\Users\\andra\\Desktop\\kelompokfive-dev\\pesanWisata-Laravel\\vendor\\laravel\\framework\\src\\Illuminate\\Pipeline\\Pipeline.php(119): Illuminate\\Pipeline\\Pipeline->Illuminate\\Pipeline\\{closure}(Object(Illuminate\\Http\\Request))
#40 C:\\Users\\andra\\Desktop\\kelompokfive-dev\\pesanWisata-Laravel\\vendor\\laravel\\framework\\src\\Illuminate\\Foundation\\Http\\Kernel.php(176): Illuminate\\Pipeline\\Pipeline->then(Object(Closure))
#41 C:\\Users\\andra\\Desktop\\kelompokfive-dev\\pesanWisata-Laravel\\vendor\\laravel\\framework\\src\\Illuminate\\Foundation\\Http\\Kernel.php(145): Illuminate\\Foundation\\Http\\Kernel->sendRequestThroughRouter(Object(Illuminate\\Http\\Request))
#42 C:\\Users\\andra\\Desktop\\kelompokfive-dev\\pesanWisata-Laravel\\vendor\\laravel\\framework\\src\\Illuminate\\Foundation\\Application.php(1188): Illuminate\\Foundation\\Http\\Kernel->handle(Object(Illuminate\\Http\\Request))
#43 C:\\Users\\andra\\Desktop\\kelompokfive-dev\\pesanWisata-Laravel\\public\\index.php(17): Illuminate\\Foundation\\Application->handleRequest(Object(Illuminate\\Http\\Request))
#44 C:\\Users\\andra\\Desktop\\kelompokfive-dev\\pesanWisata-Laravel\\vendor\\laravel\\framework\\src\\Illuminate\\Foundation\\resources\\server.php(23): require_once('C:\\\\Users\\\\andra\\\\...')
#45 {main}
"} 
[2024-09-11 04:37:25] local.ERROR: SQLSTATE[HY000]: General error: 1 no such column: booking.user_id (Connection: sqlite, SQL: select "users"."name" as "name", "destinations"."name" as "destination" from "bookings" inner join "users" on "users"."id" = "booking"."user_id" inner join "destinations" on "destinations"."id" = "booking"."destination_id") {"exception":"[object] (Illuminate\\Database\\QueryException(code: HY000): SQLSTATE[HY000]: General error: 1 no such column: booking.user_id (Connection: sqlite, SQL: select \"users\".\"name\" as \"name\", \"destinations\".\"name\" as \"destination\" from \"bookings\" inner join \"users\" on \"users\".\"id\" = \"booking\".\"user_id\" inner join \"destinations\" on \"destinations\".\"id\" = \"booking\".\"destination_id\") at C:\\Users\\andra\\Desktop\\kelompokfive-dev\\pesanWisata-Laravel\\vendor\\laravel\\framework\\src\\Illuminate\\Database\\Connection.php:825)
[stacktrace]
#0 C:\\Users\\andra\\Desktop\\kelompokfive-dev\\pesanWisata-Laravel\\vendor\\laravel\\framework\\src\\Illuminate\\Database\\Connection.php(779): Illuminate\\Database\\Connection->runQueryCallback('select \"users\"....', Array, Object(Closure))
#1 C:\\Users\\andra\\Desktop\\kelompokfive-dev\\pesanWisata-Laravel\\vendor\\laravel\\framework\\src\\Illuminate\\Database\\Connection.php(398): Illuminate\\Database\\Connection->run('select \"users\"....', Array, Object(Closure))
#2 C:\\Users\\andra\\Desktop\\kelompokfive-dev\\pesanWisata-Laravel\\vendor\\laravel\\framework\\src\\Illuminate\\Database\\Query\\Builder.php(3088): Illuminate\\Database\\Connection->select('select \"users\"....', Array, true)
#3 C:\\Users\\andra\\Desktop\\kelompokfive-dev\\pesanWisata-Laravel\\vendor\\laravel\\framework\\src\\Illuminate\\Database\\Query\\Builder.php(3073): Illuminate\\Database\\Query\\Builder->runSelect()
#4 C:\\Users\\andra\\Desktop\\kelompokfive-dev\\pesanWisata-Laravel\\vendor\\laravel\\framework\\src\\Illuminate\\Database\\Query\\Builder.php(3661): Illuminate\\Database\\Query\\Builder->Illuminate\\Database\\Query\\{closure}()
#5 C:\\Users\\andra\\Desktop\\kelompokfive-dev\\pesanWisata-Laravel\\vendor\\laravel\\framework\\src\\Illuminate\\Database\\Query\\Builder.php(3072): Illuminate\\Database\\Query\\Builder->onceWithColumns(Array, Object(Closure))
#6 C:\\Users\\andra\\Desktop\\kelompokfive-dev\\pesanWisata-Laravel\\vendor\\laravel\\framework\\src\\Illuminate\\Database\\Eloquent\\Builder.php(759): Illuminate\\Database\\Query\\Builder->get(Array)
#7 C:\\Users\\andra\\Desktop\\kelompokfive-dev\\pesanWisata-Laravel\\vendor\\laravel\\framework\\src\\Illuminate\\Database\\Eloquent\\Builder.php(741): Illuminate\\Database\\Eloquent\\Builder->getModels(Array)
#8 C:\\Users\\andra\\Desktop\\kelompokfive-dev\\pesanWisata-Laravel\\app\\Http\\Controllers\\BookingController.php(20): Illuminate\\Database\\Eloquent\\Builder->get()
#9 C:\\Users\\andra\\Desktop\\kelompokfive-dev\\pesanWisata-Laravel\\vendor\\laravel\\framework\\src\\Illuminate\\Routing\\ControllerDispatcher.php(46): App\\Http\\Controllers\\BookingController->index()
#10 C:\\Users\\andra\\Desktop\\kelompokfive-dev\\pesanWisata-Laravel\\vendor\\laravel\\framework\\src\\Illuminate\\Routing\\Route.php(260): Illuminate\\Routing\\ControllerDispatcher->dispatch(Object(Illuminate\\Routing\\Route), Object(App\\Http\\Controllers\\BookingController), 'index')
#11 C:\\Users\\andra\\Desktop\\kelompokfive-dev\\pesanWisata-Laravel\\vendor\\laravel\\framework\\src\\Illuminate\\Routing\\Route.php(206): Illuminate\\Routing\\Route->runController()
#12 C:\\Users\\andra\\Desktop\\kelompokfive-dev\\pesanWisata-Laravel\\vendor\\laravel\\framework\\src\\Illuminate\\Routing\\Router.php(808): Illuminate\\Routing\\Route->run()
#13 C:\\Users\\andra\\Desktop\\kelompokfive-dev\\pesanWisata-Laravel\\vendor\\laravel\\framework\\src\\Illuminate\\Pipeline\\Pipeline.php(144): Illuminate\\Routing\\Router->Illuminate\\Routing\\{closure}(Object(Illuminate\\Http\\Request))
#14 C:\\Users\\andra\\Desktop\\kelompokfive-dev\\pesanWisata-Laravel\\vendor\\laravel\\framework\\src\\Illuminate\\Routing\\Middleware\\SubstituteBindings.php(51): Illuminate\\Pipeline\\Pipeline->Illuminate\\Pipeline\\{closure}(Object(Illuminate\\Http\\Request))
#15 C:\\Users\\andra\\Desktop\\kelompokfive-dev\\pesanWisata-Laravel\\vendor\\laravel\\framework\\src\\Illuminate\\Pipeline\\Pipeline.php(183): Illuminate\\Routing\\Middleware\\SubstituteBindings->handle(Object(Illuminate\\Http\\Request), Object(Closure))
#16 C:\\Users\\andra\\Desktop\\kelompokfive-dev\\pesanWisata-Laravel\\vendor\\laravel\\framework\\src\\Illuminate\\Pipeline\\Pipeline.php(119): Illuminate\\Pipeline\\Pipeline->Illuminate\\Pipeline\\{closure}(Object(Illuminate\\Http\\Request))
#17 C:\\Users\\andra\\Desktop\\kelompokfive-dev\\pesanWisata-Laravel\\vendor\\laravel\\framework\\src\\Illuminate\\Routing\\Router.php(807): Illuminate\\Pipeline\\Pipeline->then(Object(Closure))
#18 C:\\Users\\andra\\Desktop\\kelompokfive-dev\\pesanWisata-Laravel\\vendor\\laravel\\framework\\src\\Illuminate\\Routing\\Router.php(786): Illuminate\\Routing\\Router->runRouteWithinStack(Object(Illuminate\\Routing\\Route), Object(Illuminate\\Http\\Request))
#19 C:\\Users\\andra\\Desktop\\kelompokfive-dev\\pesanWisata-Laravel\\vendor\\laravel\\framework\\src\\Illuminate\\Routing\\Router.php(750): Illuminate\\Routing\\Router->runRoute(Object(Illuminate\\Http\\Request), Object(Illuminate\\Routing\\Route))
#20 C:\\Users\\andra\\Desktop\\kelompokfive-dev\\pesanWisata-Laravel\\vendor\\laravel\\framework\\src\\Illuminate\\Routing\\Router.php(739): Illuminate\\Routing\\Router->dispatchToRoute(Object(Illuminate\\Http\\Request))
#21 C:\\Users\\andra\\Desktop\\kelompokfive-dev\\pesanWisata-Laravel\\vendor\\laravel\\framework\\src\\Illuminate\\Foundation\\Http\\Kernel.php(201): Illuminate\\Routing\\Router->dispatch(Object(Illuminate\\Http\\Request))
#22 C:\\Users\\andra\\Desktop\\kelompokfive-dev\\pesanWisata-Laravel\\vendor\\laravel\\framework\\src\\Illuminate\\Pipeline\\Pipeline.php(144): Illuminate\\Foundation\\Http\\Kernel->Illuminate\\Foundation\\Http\\{closure}(Object(Illuminate\\Http\\Request))
#23 C:\\Users\\andra\\Desktop\\kelompokfive-dev\\pesanWisata-Laravel\\vendor\\laravel\\framework\\src\\Illuminate\\Foundation\\Http\\Middleware\\TransformsRequest.php(21): Illuminate\\Pipeline\\Pipeline->Illuminate\\Pipeline\\{closure}(Object(Illuminate\\Http\\Request))
#24 C:\\Users\\andra\\Desktop\\kelompokfive-dev\\pesanWisata-Laravel\\vendor\\laravel\\framework\\src\\Illuminate\\Foundation\\Http\\Middleware\\ConvertEmptyStringsToNull.php(31): Illuminate\\Foundation\\Http\\Middleware\\TransformsRequest->handle(Object(Illuminate\\Http\\Request), Object(Closure))
#25 C:\\Users\\andra\\Desktop\\kelompokfive-dev\\pesanWisata-Laravel\\vendor\\laravel\\framework\\src\\Illuminate\\Pipeline\\Pipeline.php(183): Illuminate\\Foundation\\Http\\Middleware\\ConvertEmptyStringsToNull->handle(Object(Illuminate\\Http\\Request), Object(Closure))
#26 C:\\Users\\andra\\Desktop\\kelompokfive-dev\\pesanWisata-Laravel\\vendor\\laravel\\framework\\src\\Illuminate\\Foundation\\Http\\Middleware\\TransformsRequest.php(21): Illuminate\\Pipeline\\Pipeline->Illuminate\\Pipeline\\{closure}(Object(Illuminate\\Http\\Request))
#27 C:\\Users\\andra\\Desktop\\kelompokfive-dev\\pesanWisata-Laravel\\vendor\\laravel\\framework\\src\\Illuminate\\Foundation\\Http\\Middleware\\TrimStrings.php(51): Illuminate\\Foundation\\Http\\Middleware\\TransformsRequest->handle(Object(Illuminate\\Http\\Request), Object(Closure))
#28 C:\\Users\\andra\\Desktop\\kelompokfive-dev\\pesanWisata-Laravel\\vendor\\laravel\\framework\\src\\Illuminate\\Pipeline\\Pipeline.php(183): Illuminate\\Foundation\\Http\\Middleware\\TrimStrings->handle(Object(Illuminate\\Http\\Request), Object(Closure))
#29 C:\\Users\\andra\\Desktop\\kelompokfive-dev\\pesanWisata-Laravel\\vendor\\laravel\\framework\\src\\Illuminate\\Http\\Middleware\\ValidatePostSize.php(27): Illuminate\\Pipeline\\Pipeline->Illuminate\\Pipeline\\{closure}(Object(Illuminate\\Http\\Request))
#30 C:\\Users\\andra\\Desktop\\kelompokfive-dev\\pesanWisata-Laravel\\vendor\\laravel\\framework\\src\\Illuminate\\Pipeline\\Pipeline.php(183): Illuminate\\Http\\Middleware\\ValidatePostSize->handle(Object(Illuminate\\Http\\Request), Object(Closure))
#31 C:\\Users\\andra\\Desktop\\kelompokfive-dev\\pesanWisata-Laravel\\vendor\\laravel\\framework\\src\\Illuminate\\Foundation\\Http\\Middleware\\PreventRequestsDuringMaintenance.php(110): Illuminate\\Pipeline\\Pipeline->Illuminate\\Pipeline\\{closure}(Object(Illuminate\\Http\\Request))
#32 C:\\Users\\andra\\Desktop\\kelompokfive-dev\\pesanWisata-Laravel\\vendor\\laravel\\framework\\src\\Illuminate\\Pipeline\\Pipeline.php(183): Illuminate\\Foundation\\Http\\Middleware\\PreventRequestsDuringMaintenance->handle(Object(Illuminate\\Http\\Request), Object(Closure))
#33 C:\\Users\\andra\\Desktop\\kelompokfive-dev\\pesanWisata-Laravel\\vendor\\laravel\\framework\\src\\Illuminate\\Http\\Middleware\\HandleCors.php(62): Illuminate\\Pipeline\\Pipeline->Illuminate\\Pipeline\\{closure}(Object(Illuminate\\Http\\Request))
#34 C:\\Users\\andra\\Desktop\\kelompokfive-dev\\pesanWisata-Laravel\\vendor\\laravel\\framework\\src\\Illuminate\\Pipeline\\Pipeline.php(183): Illuminate\\Http\\Middleware\\HandleCors->handle(Object(Illuminate\\Http\\Request), Object(Closure))
#35 C:\\Users\\andra\\Desktop\\kelompokfive-dev\\pesanWisata-Laravel\\vendor\\laravel\\framework\\src\\Illuminate\\Http\\Middleware\\TrustProxies.php(57): Illuminate\\Pipeline\\Pipeline->Illuminate\\Pipeline\\{closure}(Object(Illuminate\\Http\\Request))
#36 C:\\Users\\andra\\Desktop\\kelompokfive-dev\\pesanWisata-Laravel\\vendor\\laravel\\framework\\src\\Illuminate\\Pipeline\\Pipeline.php(183): Illuminate\\Http\\Middleware\\TrustProxies->handle(Object(Illuminate\\Http\\Request), Object(Closure))
#37 C:\\Users\\andra\\Desktop\\kelompokfive-dev\\pesanWisata-Laravel\\vendor\\laravel\\framework\\src\\Illuminate\\Pipeline\\Pipeline.php(119): Illuminate\\Pipeline\\Pipeline->Illuminate\\Pipeline\\{closure}(Object(Illuminate\\Http\\Request))
#38 C:\\Users\\andra\\Desktop\\kelompokfive-dev\\pesanWisata-Laravel\\vendor\\laravel\\framework\\src\\Illuminate\\Foundation\\Http\\Kernel.php(176): Illuminate\\Pipeline\\Pipeline->then(Object(Closure))
#39 C:\\Users\\andra\\Desktop\\kelompokfive-dev\\pesanWisata-Laravel\\vendor\\laravel\\framework\\src\\Illuminate\\Foundation\\Http\\Kernel.php(145): Illuminate\\Foundation\\Http\\Kernel->sendRequestThroughRouter(Object(Illuminate\\Http\\Request))
#40 C:\\Users\\andra\\Desktop\\kelompokfive-dev\\pesanWisata-Laravel\\vendor\\laravel\\framework\\src\\Illuminate\\Foundation\\Application.php(1188): Illuminate\\Foundation\\Http\\Kernel->handle(Object(Illuminate\\Http\\Request))
#41 C:\\Users\\andra\\Desktop\\kelompokfive-dev\\pesanWisata-Laravel\\public\\index.php(17): Illuminate\\Foundation\\Application->handleRequest(Object(Illuminate\\Http\\Request))
#42 C:\\Users\\andra\\Desktop\\kelompokfive-dev\\pesanWisata-Laravel\\vendor\\laravel\\framework\\src\\Illuminate\\Foundation\\resources\\server.php(23): require_once('C:\\\\Users\\\\andra\\\\...')
#43 {main}

[previous exception] [object] (PDOException(code: HY000): SQLSTATE[HY000]: General error: 1 no such column: booking.user_id at C:\\Users\\andra\\Desktop\\kelompokfive-dev\\pesanWisata-Laravel\\vendor\\laravel\\framework\\src\\Illuminate\\Database\\Connection.php:407)
[stacktrace]
#0 C:\\Users\\andra\\Desktop\\kelompokfive-dev\\pesanWisata-Laravel\\vendor\\laravel\\framework\\src\\Illuminate\\Database\\Connection.php(407): PDO->prepare('select \"users\"....')
#1 C:\\Users\\andra\\Desktop\\kelompokfive-dev\\pesanWisata-Laravel\\vendor\\laravel\\framework\\src\\Illuminate\\Database\\Connection.php(812): Illuminate\\Database\\Connection->Illuminate\\Database\\{closure}('select \"users\"....', Array)
#2 C:\\Users\\andra\\Desktop\\kelompokfive-dev\\pesanWisata-Laravel\\vendor\\laravel\\framework\\src\\Illuminate\\Database\\Connection.php(779): Illuminate\\Database\\Connection->runQueryCallback('select \"users\"....', Array, Object(Closure))
#3 C:\\Users\\andra\\Desktop\\kelompokfive-dev\\pesanWisata-Laravel\\vendor\\laravel\\framework\\src\\Illuminate\\Database\\Connection.php(398): Illuminate\\Database\\Connection->run('select \"users\"....', Array, Object(Closure))
#4 C:\\Users\\andra\\Desktop\\kelompokfive-dev\\pesanWisata-Laravel\\vendor\\laravel\\framework\\src\\Illuminate\\Database\\Query\\Builder.php(3088): Illuminate\\Database\\Connection->select('select \"users\"....', Array, true)
#5 C:\\Users\\andra\\Desktop\\kelompokfive-dev\\pesanWisata-Laravel\\vendor\\laravel\\framework\\src\\Illuminate\\Database\\Query\\Builder.php(3073): Illuminate\\Database\\Query\\Builder->runSelect()
#6 C:\\Users\\andra\\Desktop\\kelompokfive-dev\\pesanWisata-Laravel\\vendor\\laravel\\framework\\src\\Illuminate\\Database\\Query\\Builder.php(3661): Illuminate\\Database\\Query\\Builder->Illuminate\\Database\\Query\\{closure}()
#7 C:\\Users\\andra\\Desktop\\kelompokfive-dev\\pesanWisata-Laravel\\vendor\\laravel\\framework\\src\\Illuminate\\Database\\Query\\Builder.php(3072): Illuminate\\Database\\Query\\Builder->onceWithColumns(Array, Object(Closure))
#8 C:\\Users\\andra\\Desktop\\kelompokfive-dev\\pesanWisata-Laravel\\vendor\\laravel\\framework\\src\\Illuminate\\Database\\Eloquent\\Builder.php(759): Illuminate\\Database\\Query\\Builder->get(Array)
#9 C:\\Users\\andra\\Desktop\\kelompokfive-dev\\pesanWisata-Laravel\\vendor\\laravel\\framework\\src\\Illuminate\\Database\\Eloquent\\Builder.php(741): Illuminate\\Database\\Eloquent\\Builder->getModels(Array)
#10 C:\\Users\\andra\\Desktop\\kelompokfive-dev\\pesanWisata-Laravel\\app\\Http\\Controllers\\BookingController.php(20): Illuminate\\Database\\Eloquent\\Builder->get()
#11 C:\\Users\\andra\\Desktop\\kelompokfive-dev\\pesanWisata-Laravel\\vendor\\laravel\\framework\\src\\Illuminate\\Routing\\ControllerDispatcher.php(46): App\\Http\\Controllers\\BookingController->index()
#12 C:\\Users\\andra\\Desktop\\kelompokfive-dev\\pesanWisata-Laravel\\vendor\\laravel\\framework\\src\\Illuminate\\Routing\\Route.php(260): Illuminate\\Routing\\ControllerDispatcher->dispatch(Object(Illuminate\\Routing\\Route), Object(App\\Http\\Controllers\\BookingController), 'index')
#13 C:\\Users\\andra\\Desktop\\kelompokfive-dev\\pesanWisata-Laravel\\vendor\\laravel\\framework\\src\\Illuminate\\Routing\\Route.php(206): Illuminate\\Routing\\Route->runController()
#14 C:\\Users\\andra\\Desktop\\kelompokfive-dev\\pesanWisata-Laravel\\vendor\\laravel\\framework\\src\\Illuminate\\Routing\\Router.php(808): Illuminate\\Routing\\Route->run()
#15 C:\\Users\\andra\\Desktop\\kelompokfive-dev\\pesanWisata-Laravel\\vendor\\laravel\\framework\\src\\Illuminate\\Pipeline\\Pipeline.php(144): Illuminate\\Routing\\Router->Illuminate\\Routing\\{closure}(Object(Illuminate\\Http\\Request))
#16 C:\\Users\\andra\\Desktop\\kelompokfive-dev\\pesanWisata-Laravel\\vendor\\laravel\\framework\\src\\Illuminate\\Routing\\Middleware\\SubstituteBindings.php(51): Illuminate\\Pipeline\\Pipeline->Illuminate\\Pipeline\\{closure}(Object(Illuminate\\Http\\Request))
#17 C:\\Users\\andra\\Desktop\\kelompokfive-dev\\pesanWisata-Laravel\\vendor\\laravel\\framework\\src\\Illuminate\\Pipeline\\Pipeline.php(183): Illuminate\\Routing\\Middleware\\SubstituteBindings->handle(Object(Illuminate\\Http\\Request), Object(Closure))
#18 C:\\Users\\andra\\Desktop\\kelompokfive-dev\\pesanWisata-Laravel\\vendor\\laravel\\framework\\src\\Illuminate\\Pipeline\\Pipeline.php(119): Illuminate\\Pipeline\\Pipeline->Illuminate\\Pipeline\\{closure}(Object(Illuminate\\Http\\Request))
#19 C:\\Users\\andra\\Desktop\\kelompokfive-dev\\pesanWisata-Laravel\\vendor\\laravel\\framework\\src\\Illuminate\\Routing\\Router.php(807): Illuminate\\Pipeline\\Pipeline->then(Object(Closure))
#20 C:\\Users\\andra\\Desktop\\kelompokfive-dev\\pesanWisata-Laravel\\vendor\\laravel\\framework\\src\\Illuminate\\Routing\\Router.php(786): Illuminate\\Routing\\Router->runRouteWithinStack(Object(Illuminate\\Routing\\Route), Object(Illuminate\\Http\\Request))
#21 C:\\Users\\andra\\Desktop\\kelompokfive-dev\\pesanWisata-Laravel\\vendor\\laravel\\framework\\src\\Illuminate\\Routing\\Router.php(750): Illuminate\\Routing\\Router->runRoute(Object(Illuminate\\Http\\Request), Object(Illuminate\\Routing\\Route))
#22 C:\\Users\\andra\\Desktop\\kelompokfive-dev\\pesanWisata-Laravel\\vendor\\laravel\\framework\\src\\Illuminate\\Routing\\Router.php(739): Illuminate\\Routing\\Router->dispatchToRoute(Object(Illuminate\\Http\\Request))
#23 C:\\Users\\andra\\Desktop\\kelompokfive-dev\\pesanWisata-Laravel\\vendor\\laravel\\framework\\src\\Illuminate\\Foundation\\Http\\Kernel.php(201): Illuminate\\Routing\\Router->dispatch(Object(Illuminate\\Http\\Request))
#24 C:\\Users\\andra\\Desktop\\kelompokfive-dev\\pesanWisata-Laravel\\vendor\\laravel\\framework\\src\\Illuminate\\Pipeline\\Pipeline.php(144): Illuminate\\Foundation\\Http\\Kernel->Illuminate\\Foundation\\Http\\{closure}(Object(Illuminate\\Http\\Request))
#25 C:\\Users\\andra\\Desktop\\kelompokfive-dev\\pesanWisata-Laravel\\vendor\\laravel\\framework\\src\\Illuminate\\Foundation\\Http\\Middleware\\TransformsRequest.php(21): Illuminate\\Pipeline\\Pipeline->Illuminate\\Pipeline\\{closure}(Object(Illuminate\\Http\\Request))
#26 C:\\Users\\andra\\Desktop\\kelompokfive-dev\\pesanWisata-Laravel\\vendor\\laravel\\framework\\src\\Illuminate\\Foundation\\Http\\Middleware\\ConvertEmptyStringsToNull.php(31): Illuminate\\Foundation\\Http\\Middleware\\TransformsRequest->handle(Object(Illuminate\\Http\\Request), Object(Closure))
#27 C:\\Users\\andra\\Desktop\\kelompokfive-dev\\pesanWisata-Laravel\\vendor\\laravel\\framework\\src\\Illuminate\\Pipeline\\Pipeline.php(183): Illuminate\\Foundation\\Http\\Middleware\\ConvertEmptyStringsToNull->handle(Object(Illuminate\\Http\\Request), Object(Closure))
#28 C:\\Users\\andra\\Desktop\\kelompokfive-dev\\pesanWisata-Laravel\\vendor\\laravel\\framework\\src\\Illuminate\\Foundation\\Http\\Middleware\\TransformsRequest.php(21): Illuminate\\Pipeline\\Pipeline->Illuminate\\Pipeline\\{closure}(Object(Illuminate\\Http\\Request))
#29 C:\\Users\\andra\\Desktop\\kelompokfive-dev\\pesanWisata-Laravel\\vendor\\laravel\\framework\\src\\Illuminate\\Foundation\\Http\\Middleware\\TrimStrings.php(51): Illuminate\\Foundation\\Http\\Middleware\\TransformsRequest->handle(Object(Illuminate\\Http\\Request), Object(Closure))
#30 C:\\Users\\andra\\Desktop\\kelompokfive-dev\\pesanWisata-Laravel\\vendor\\laravel\\framework\\src\\Illuminate\\Pipeline\\Pipeline.php(183): Illuminate\\Foundation\\Http\\Middleware\\TrimStrings->handle(Object(Illuminate\\Http\\Request), Object(Closure))
#31 C:\\Users\\andra\\Desktop\\kelompokfive-dev\\pesanWisata-Laravel\\vendor\\laravel\\framework\\src\\Illuminate\\Http\\Middleware\\ValidatePostSize.php(27): Illuminate\\Pipeline\\Pipeline->Illuminate\\Pipeline\\{closure}(Object(Illuminate\\Http\\Request))
#32 C:\\Users\\andra\\Desktop\\kelompokfive-dev\\pesanWisata-Laravel\\vendor\\laravel\\framework\\src\\Illuminate\\Pipeline\\Pipeline.php(183): Illuminate\\Http\\Middleware\\ValidatePostSize->handle(Object(Illuminate\\Http\\Request), Object(Closure))
#33 C:\\Users\\andra\\Desktop\\kelompokfive-dev\\pesanWisata-Laravel\\vendor\\laravel\\framework\\src\\Illuminate\\Foundation\\Http\\Middleware\\PreventRequestsDuringMaintenance.php(110): Illuminate\\Pipeline\\Pipeline->Illuminate\\Pipeline\\{closure}(Object(Illuminate\\Http\\Request))
#34 C:\\Users\\andra\\Desktop\\kelompokfive-dev\\pesanWisata-Laravel\\vendor\\laravel\\framework\\src\\Illuminate\\Pipeline\\Pipeline.php(183): Illuminate\\Foundation\\Http\\Middleware\\PreventRequestsDuringMaintenance->handle(Object(Illuminate\\Http\\Request), Object(Closure))
#35 C:\\Users\\andra\\Desktop\\kelompokfive-dev\\pesanWisata-Laravel\\vendor\\laravel\\framework\\src\\Illuminate\\Http\\Middleware\\HandleCors.php(62): Illuminate\\Pipeline\\Pipeline->Illuminate\\Pipeline\\{closure}(Object(Illuminate\\Http\\Request))
#36 C:\\Users\\andra\\Desktop\\kelompokfive-dev\\pesanWisata-Laravel\\vendor\\laravel\\framework\\src\\Illuminate\\Pipeline\\Pipeline.php(183): Illuminate\\Http\\Middleware\\HandleCors->handle(Object(Illuminate\\Http\\Request), Object(Closure))
#37 C:\\Users\\andra\\Desktop\\kelompokfive-dev\\pesanWisata-Laravel\\vendor\\laravel\\framework\\src\\Illuminate\\Http\\Middleware\\TrustProxies.php(57): Illuminate\\Pipeline\\Pipeline->Illuminate\\Pipeline\\{closure}(Object(Illuminate\\Http\\Request))
#38 C:\\Users\\andra\\Desktop\\kelompokfive-dev\\pesanWisata-Laravel\\vendor\\laravel\\framework\\src\\Illuminate\\Pipeline\\Pipeline.php(183): Illuminate\\Http\\Middleware\\TrustProxies->handle(Object(Illuminate\\Http\\Request), Object(Closure))
#39 C:\\Users\\andra\\Desktop\\kelompokfive-dev\\pesanWisata-Laravel\\vendor\\laravel\\framework\\src\\Illuminate\\Pipeline\\Pipeline.php(119): Illuminate\\Pipeline\\Pipeline->Illuminate\\Pipeline\\{closure}(Object(Illuminate\\Http\\Request))
#40 C:\\Users\\andra\\Desktop\\kelompokfive-dev\\pesanWisata-Laravel\\vendor\\laravel\\framework\\src\\Illuminate\\Foundation\\Http\\Kernel.php(176): Illuminate\\Pipeline\\Pipeline->then(Object(Closure))
#41 C:\\Users\\andra\\Desktop\\kelompokfive-dev\\pesanWisata-Laravel\\vendor\\laravel\\framework\\src\\Illuminate\\Foundation\\Http\\Kernel.php(145): Illuminate\\Foundation\\Http\\Kernel->sendRequestThroughRouter(Object(Illuminate\\Http\\Request))
#42 C:\\Users\\andra\\Desktop\\kelompokfive-dev\\pesanWisata-Laravel\\vendor\\laravel\\framework\\src\\Illuminate\\Foundation\\Application.php(1188): Illuminate\\Foundation\\Http\\Kernel->handle(Object(Illuminate\\Http\\Request))
#43 C:\\Users\\andra\\Desktop\\kelompokfive-dev\\pesanWisata-Laravel\\public\\index.php(17): Illuminate\\Foundation\\Application->handleRequest(Object(Illuminate\\Http\\Request))
#44 C:\\Users\\andra\\Desktop\\kelompokfive-dev\\pesanWisata-Laravel\\vendor\\laravel\\framework\\src\\Illuminate\\Foundation\\resources\\server.php(23): require_once('C:\\\\Users\\\\andra\\\\...')
#45 {main}
"} 
